actual_adjustment_count,all_solution_sha256,arm,attempted_trigger_count,charging_action_change_count,distance_m,failure_classification,failure_reason,final_solution_sha256,generated_dynamic_orders,policy,policy_label,response_rate_pct,route_arc_change_count,scheduled_trigger_count,served_dynamic_orders,status,stream_seed,total_cost_cny,total_emissions_kg,used_cv,used_ev,vehicle_count,vehicle_type_customer_change_count
7,"[""9f5741ec6fbbd751f6147e000cce9706029d4ae55a8e1d480e3053c2b2bc28c6"",""361574545cb1cf0503f7858395756914a82146de301a2cb3e737db522cfe710a"",""9922fcabeef9644639cb02ad8084da02dfcc544f337344ef16674d0a20579a99"",""553c067cde48f7fae1fa5d89ed1f82798d7e313416dd680adb308af9071ad805"",""f09018a737af70cbe1dc863df0de50abf37a66bcc7b6ba3cf5104899a2df368f"",""86eaaf5e11946f03bef0d3415fdd1f2aa1c2114762acd14e404dc479571271f6"",""cae0fc8c66aada6ebc4399ae2a7ceb993a37241fcd1eafac889bbca891f0f171"",""8c347e0719a48acdfcc7b669aeffd3cb46c68555ebafecda9653898d614f6354""]",carbon_aware,8,8,2050154.1154582251,SEARCH_NOT_FOUND,"{""carbon_aware"":""full HGS population produced no executable continuation; ValueError: E7_DYNAMIC_MULTITRIP_V1: no inherited asset can serve open route S8_OPEN_010 | ValueError: E7_DYNAMIC_MULTITRIP_V1: no inherited asset can serve open route PYVRP-0001 | ValueError: E7_DYNAMIC_MULTITRIP_V1: no inherited asset can serve open route PYVRP-0004"",""carbon_blind"":""full HGS population produced no executable continuation; ValueError: E7_DYNAMIC_MULTITRIP_V1: no inherited asset can serve open route S8_OPEN_010 | ValueError: E7_DYNAMIC_MULTITRIP_V1: no inherited asset can serve open route PYVRP-0001 | ValueError: E7_DYNAMIC_MULTITRIP_V1: no inherited asset can serve open route PYVRP-0004""}",8c347e0719a48acdfcc7b669aeffd3cb46c68555ebafecda9653898d614f6354,20,fixed_30_minutes,periodic_30_minutes,75.0,30,12,15,SEARCH_NOT_FOUND,1,5712.314077744818,559.7369822317039,12,4,16,15
7,"[""d72ec9bc788ec70cae066190fb32c72666332dc06155c68eac83b431f61cc601"",""361574545cb1cf0503f7858395756914a82146de301a2cb3e737db522cfe710a"",""9922fcabeef9644639cb02ad8084da02dfcc544f337344ef16674d0a20579a99"",""553c067cde48f7fae1fa5d89ed1f82798d7e313416dd680adb308af9071ad805"",""f09018a737af70cbe1dc863df0de50abf37a66bcc7b6ba3cf5104899a2df368f"",""86eaaf5e11946f03bef0d3415fdd1f2aa1c2114762acd14e404dc479571271f6"",""cae0fc8c66aada6ebc4399ae2a7ceb993a37241fcd1eafac889bbca891f0f171"",""8c347e0719a48acdfcc7b669aeffd3cb46c68555ebafecda9653898d614f6354""]",carbon_blind,8,8,2050154.1154582251,SEARCH_NOT_FOUND,"{""carbon_aware"":""full HGS population produced no executable continuation; ValueError: E7_DYNAMIC_MULTITRIP_V1: no inherited asset can serve open route S8_OPEN_010 | ValueError: E7_DYNAMIC_MULTITRIP_V1: no inherited asset can serve open route PYVRP-0001 | ValueError: E7_DYNAMIC_MULTITRIP_V1: no inherited asset can serve open route PYVRP-0004"",""carbon_blind"":""full HGS population produced no executable continuation; ValueError: E7_DYNAMIC_MULTITRIP_V1: no inherited asset can serve open route S8_OPEN_010 | ValueError: E7_DYNAMIC_MULTITRIP_V1: no inherited asset can serve open route PYVRP-0001 | ValueError: E7_DYNAMIC_MULTITRIP_V1: no inherited asset can serve open route PYVRP-0004""}",8c347e0719a48acdfcc7b669aeffd3cb46c68555ebafecda9653898d614f6354,20,fixed_30_minutes,periodic_30_minutes,75.0,30,12,15,SEARCH_NOT_FOUND,1,5712.314077744818,559.7369822317039,12,4,16,15
11,"[""21b0c6f232e4aa8c9322d2100c9e73591188c08477851a2cd282bb9317c2abe0"",""90021d668382ae5af9b5857c9b3558c570890ba24749c84c8bbece559161c11d"",""1811d63becb943682f59b671c7118cd1c6a7f6ba3f77e42d9b4577392a2c93e6"",""894b242eb48280ca488f0a2d4deb0eb6545d122c1048bbe9eb040c801719a7f0"",""090ea84c3b03ea43011ec51c40b0fbe2d722c89408e07047dcbd667c4488c18d"",""db886e920463875740341ca249b9975a979be04b6dbed32a3ef4b305553ff783"",""a922da0ae593e0c8a1a997b91ba93f16ea98d9fdf829cf797d3f62e43cd35080"",""c6c0b51dab9e1eddc29f5bbd9b03e397b17509b738fb9e7ea07bc85776dcb4ce"",""d132bc9c31ff34040041aa7db6b504ba9d180c0681de521bd52ae1a4fecc8e0e"",""93f491b3889db7aa9e3c07bb25fa7cec8136d8ed21c72b80a430e565ec136c8c"",""86659d9747ce56d374a2489f0f1dc043377c9a3525d07a69f2b45b62763cd79a"",""cbdaa518ce672bdbfda769485bc268f35c999eeece7966198ab42f3a31365f47""]",carbon_aware,11,8,2098188.320878433,PASS,,cbdaa518ce672bdbfda769485bc268f35c999eeece7966198ab42f3a31365f47,20,fixed_30_minutes,periodic_30_minutes,100.0,56,11,20,PASS,2,5816.833496643852,585.6975834402386,12,4,16,22
11,"[""503dbd06d77d2674dfcb713c6ccc5684119d8d755e2bf21b56f0d72f23facb89"",""90021d668382ae5af9b5857c9b3558c570890ba24749c84c8bbece559161c11d"",""1811d63becb943682f59b671c7118cd1c6a7f6ba3f77e42d9b4577392a2c93e6"",""894b242eb48280ca488f0a2d4deb0eb6545d122c1048bbe9eb040c801719a7f0"",""090ea84c3b03ea43011ec51c40b0fbe2d722c89408e07047dcbd667c4488c18d"",""db886e920463875740341ca249b9975a979be04b6dbed32a3ef4b305553ff783"",""a922da0ae593e0c8a1a997b91ba93f16ea98d9fdf829cf797d3f62e43cd35080"",""c6c0b51dab9e1eddc29f5bbd9b03e397b17509b738fb9e7ea07bc85776dcb4ce"",""d132bc9c31ff34040041aa7db6b504ba9d180c0681de521bd52ae1a4fecc8e0e"",""93f491b3889db7aa9e3c07bb25fa7cec8136d8ed21c72b80a430e565ec136c8c"",""86659d9747ce56d374a2489f0f1dc043377c9a3525d07a69f2b45b62763cd79a"",""cbdaa518ce672bdbfda769485bc268f35c999eeece7966198ab42f3a31365f47""]",carbon_blind,11,8,2098188.320878433,PASS,,cbdaa518ce672bdbfda769485bc268f35c999eeece7966198ab42f3a31365f47,20,fixed_30_minutes,periodic_30_minutes,100.0,56,11,20,PASS,2,5816.833496643852,585.6975834402386,12,4,16,22
15,"[""209df823fc60bef0459b837d609d70c72ef58a09b88d17c0f297d772af38a2ab"",""67467737fe7a95da52f327c58e3c58a965fa4a6556378defe9c7688ec9bb8018"",""2df1192ae4565186e282fcadf966a2161a1e18124b1367ab7589e4cbd79265ec"",""6f0ca63551b99e937c47c8ba7dda00a1af4df37fbe90d6dfc43f3a2fa2aaa9d3"",""5ca860f587033b46c09e170ac656445c44e0c1d6579cc06ce393906a4c1098ee"",""3a28d2518c7d3bb0456179ca07136885d6ee9881ef16f7bbfb8203b5172e93ed"",""4381b73c3eed47ca36b43642acb941e9d06642bff0660090a1439a1cec29af33"",""fc183b31c02326ed11c1292097fb22a07716ea6ff132ad7bc4b0b82fc02ed820"",""19bc3754a1a04d9ee00dfd0322f225faca32bd33e28ccde9efeb860a7c8b5f23"",""df0d5bd9dd82bd2260316b93188fbb67c7499f0576eacbd692cfeeb36c867cd1"",""6249fccd84a672bdf0c905c0334faa7a28db886ac92503244ffbd3d818d92f88"",""9248c5cf8d1692bcf5190525cead476f9d682a9f39e51cb59c4986aa038dea2b"",""bf94e6b0eeedf749fcba37d24153dabc7e1930a255fa5bfd7960d57063e4af28"",""dd365f9d1ffc477bad64d60b347ef66ba6de608e91b36186b39fde5b7ab10ebd"",""66ee35e4c14bc35003e9280e22f8a090b22738adf2f5ddb9471bac2f2db4bf96"",""02a5251cb47a115489193e56f08ed9edcfa30914f736439a9b0cc0a9e39ad3b9""]",carbon_aware,15,9,2093500.353907352,PASS,,02a5251cb47a115489193e56f08ed9edcfa30914f736439a9b0cc0a9e39ad3b9,20,fixed_30_minutes,periodic_30_minutes,100.0,46,15,20,PASS,3,6006.752525911622,581.7311750582932,13,4,17,22
15,"[""4fdcf1bf4790d2d1a739b0e1a916c8061b692aa008a8ffe2abb53d5b74f21cd6"",""67467737fe7a95da52f327c58e3c58a965fa4a6556378defe9c7688ec9bb8018"",""2df1192ae4565186e282fcadf966a2161a1e18124b1367ab7589e4cbd79265ec"",""6f0ca63551b99e937c47c8ba7dda00a1af4df37fbe90d6dfc43f3a2fa2aaa9d3"",""5ca860f587033b46c09e170ac656445c44e0c1d6579cc06ce393906a4c1098ee"",""3a28d2518c7d3bb0456179ca07136885d6ee9881ef16f7bbfb8203b5172e93ed"",""4381b73c3eed47ca36b43642acb941e9d06642bff0660090a1439a1cec29af33"",""fc183b31c02326ed11c1292097fb22a07716ea6ff132ad7bc4b0b82fc02ed820"",""19bc3754a1a04d9ee00dfd0322f225faca32bd33e28ccde9efeb860a7c8b5f23"",""df0d5bd9dd82bd2260316b93188fbb67c7499f0576eacbd692cfeeb36c867cd1"",""6249fccd84a672bdf0c905c0334faa7a28db886ac92503244ffbd3d818d92f88"",""9248c5cf8d1692bcf5190525cead476f9d682a9f39e51cb59c4986aa038dea2b"",""bf94e6b0eeedf749fcba37d24153dabc7e1930a255fa5bfd7960d57063e4af28"",""dd365f9d1ffc477bad64d60b347ef66ba6de608e91b36186b39fde5b7ab10ebd"",""66ee35e4c14bc35003e9280e22f8a090b22738adf2f5ddb9471bac2f2db4bf96"",""02a5251cb47a115489193e56f08ed9edcfa30914f736439a9b0cc0a9e39ad3b9""]",carbon_blind,15,9,2093500.353907352,PASS,,02a5251cb47a115489193e56f08ed9edcfa30914f736439a9b0cc0a9e39ad3b9,20,fixed_30_minutes,periodic_30_minutes,100.0,46,15,20,PASS,3,6006.752525911622,581.7311750582932,13,4,17,22
13,"[""d8490282a79015925c0f6e94bfebc067d4c9e7e895f70b994cdfa808d67b47f8"",""d4a380484d9aae7cf60fda2bdbb26e0904667106d14e93b878fda7b7751b0c8e"",""747bdd2e25c45b9142fce5500a73b232f948bb3f058947e89af510893d0cafda"",""a4c72041b44ef3ca74bcbf907bd9a6bae9402ae66f5a20ffe7780199c436577c"",""0797441bee92bdd852425112b947b286b293bba8c9e0355835d5fb9581f7181a"",""d837e171a0f98d49d5d9a51c3b6dc5aa0a09e65a27628bf83cbb5f1e54d74efd"",""b0cc2582dfb87147275adefe9f1a07b7e735d2077380ade0ebbd9cbfbca6a209"",""959700975075758df5a930e59e9cdeb9bf4aa60890a4659fdf8b5d203abe3ec1"",""fac051f9ba04dcfa5dd3cc4575e75636bf5313325b47816e5c782b25d1671d7f"",""00ecab9271575f66969e08eb38570b22650c441c754cfb29d42c603b10e2926c"",""def14da59438c42dafb33a80a425c687d4639c5951f1c53084d0c96c51884b81"",""fb0d5d827cb8d1590a08de2059f0d9d7deb4cccfcecb56f381e2698b94a6d30b"",""cec49b0a1bb7ecabb98e84eec3d639bfd55eb605ea70da4b54541ba67845bd83"",""fa55caee9d9399632ecae935244f21b74ecb60b60baf0b6279e07011c0b6623c""]",carbon_aware,13,7,2182466.199240292,PASS,,fa55caee9d9399632ecae935244f21b74ecb60b60baf0b6279e07011c0b6623c,20,fixed_30_minutes,periodic_30_minutes,100.0,40,13,20,PASS,4,6152.850073905602,615.0326082727169,13,4,17,20
13,"[""dc009266dd6991d8af7ee3eb9efbb6f0c9175bb1fe7e5b6197ac68bcfdce28bc"",""d4a380484d9aae7cf60fda2bdbb26e0904667106d14e93b878fda7b7751b0c8e"",""747bdd2e25c45b9142fce5500a73b232f948bb3f058947e89af510893d0cafda"",""a4c72041b44ef3ca74bcbf907bd9a6bae9402ae66f5a20ffe7780199c436577c"",""0797441bee92bdd852425112b947b286b293bba8c9e0355835d5fb9581f7181a"",""d837e171a0f98d49d5d9a51c3b6dc5aa0a09e65a27628bf83cbb5f1e54d74efd"",""b0cc2582dfb87147275adefe9f1a07b7e735d2077380ade0ebbd9cbfbca6a209"",""959700975075758df5a930e59e9cdeb9bf4aa60890a4659fdf8b5d203abe3ec1"",""fac051f9ba04dcfa5dd3cc4575e75636bf5313325b47816e5c782b25d1671d7f"",""00ecab9271575f66969e08eb38570b22650c441c754cfb29d42c603b10e2926c"",""def14da59438c42dafb33a80a425c687d4639c5951f1c53084d0c96c51884b81"",""fb0d5d827cb8d1590a08de2059f0d9d7deb4cccfcecb56f381e2698b94a6d30b"",""cec49b0a1bb7ecabb98e84eec3d639bfd55eb605ea70da4b54541ba67845bd83"",""fa55caee9d9399632ecae935244f21b74ecb60b60baf0b6279e07011c0b6623c""]",carbon_blind,13,7,2182466.199240292,PASS,,fa55caee9d9399632ecae935244f21b74ecb60b60baf0b6279e07011c0b6623c,20,fixed_30_minutes,periodic_30_minutes,100.0,40,13,20,PASS,4,6152.850073905602,615.0326082727169,13,4,17,20
3,"[""17fb16661f7ef06aec499f7a2651db8aa40e655acc27d32ae41ef64343be54ce"",""bbc464ec713e27f3f8a5133393af3dae58d8cb92ccd89c28bc3688f2b4f82e3d"",""b3510d882b30a166b477264a8edc45ee1e135b72c3700267481405ee7e8402b8"",""3c316a681b034b38c2f71a02b48fde83c56eea2509209c91aa3c5ba865dce91d""]",carbon_aware,4,5,1544326.40762037,SEARCH_NOT_FOUND,"{""carbon_aware"":""full HGS population produced no executable continuation; ValueError: E7_DYNAMIC_MULTITRIP_V1: no inherited asset can serve open route S4_OPEN_018 | ValueError: E7_DYNAMIC_MULTITRIP_V1: no inherited asset can serve open route PYVRP-0014 | ValueError: E7_DYNAMIC_MULTITRIP_V1: no inherited asset can serve open route PYVRP-0009"",""carbon_blind"":""full HGS population produced no executable continuation; ValueError: E7_DYNAMIC_MULTITRIP_V1: no inherited asset can serve open route S4_OPEN_018 | ValueError: E7_DYNAMIC_MULTITRIP_V1: no inherited asset can serve open route PYVRP-0014 | ValueError: E7_DYNAMIC_MULTITRIP_V1: no inherited asset can serve open route PYVRP-0009""}",3c316a681b034b38c2f71a02b48fde83c56eea2509209c91aa3c5ba865dce91d,20,fixed_30_minutes,periodic_30_minutes,35.0,14,10,7,SEARCH_NOT_FOUND,5,4347.663133086012,434.2061415265873,8,4,12,7
3,"[""d99874199ca2922ef64748abd37b43452ec5abf5367d1c7c2be32247d9267d65"",""bbc464ec713e27f3f8a5133393af3dae58d8cb92ccd89c28bc3688f2b4f82e3d"",""b3510d882b30a166b477264a8edc45ee1e135b72c3700267481405ee7e8402b8"",""3c316a681b034b38c2f71a02b48fde83c56eea2509209c91aa3c5ba865dce91d""]",carbon_blind,4,5,1544326.40762037,SEARCH_NOT_FOUND,"{""carbon_aware"":""full HGS population produced no executable continuation; ValueError: E7_DYNAMIC_MULTITRIP_V1: no inherited asset can serve open route S4_OPEN_018 | ValueError: E7_DYNAMIC_MULTITRIP_V1: no inherited asset can serve open route PYVRP-0014 | ValueError: E7_DYNAMIC_MULTITRIP_V1: no inherited asset can serve open route PYVRP-0009"",""carbon_blind"":""full HGS population produced no executable continuation; ValueError: E7_DYNAMIC_MULTITRIP_V1: no inherited asset can serve open route S4_OPEN_018 | ValueError: E7_DYNAMIC_MULTITRIP_V1: no inherited asset can serve open route PYVRP-0014 | ValueError: E7_DYNAMIC_MULTITRIP_V1: no inherited asset can serve open route PYVRP-0009""}",3c316a681b034b38c2f71a02b48fde83c56eea2509209c91aa3c5ba865dce91d,20,fixed_30_minutes,periodic_30_minutes,35.0,14,10,7,SEARCH_NOT_FOUND,5,4347.663133086012,434.2061415265873,8,4,12,7
3,"[""c03fcbe39edf518a5d2debef6e64b92e7171f0bef93fbe39f93a684fb321f862"",""7ccfb7910be9ecdcd30d04c773e179993a7616e0cabb5ee007063828c97767b6"",""cdd3f8e8ddc599d7fa8925b1b2b8deb27435c861e3699db3b270e336f99f1067"",""4c89bc4ce78ef63dc178675b73323162972b26647967a27bfab5c8347329b8b0""]",carbon_aware,4,6,1501316.144987648,SEARCH_NOT_FOUND,"{""carbon_aware"":""full HGS population produced no executable continuation; ValueError: E7_DYNAMIC_MULTITRIP_V1: no inherited asset can serve open route S4_OPEN_007 | ValueError: E7_DYNAMIC_MULTITRIP_V1: no inherited asset can serve open route PYVRP-0013 | ValueError: E7_DYNAMIC_MULTITRIP_V1: no inherited asset can serve open route PYVRP-0013"",""carbon_blind"":""full HGS population produced no executable continuation; ValueError: E7_DYNAMIC_MULTITRIP_V1: no inherited asset can serve open route S4_OPEN_007 | ValueError: E7_DYNAMIC_MULTITRIP_V1: no inherited asset can serve open route PYVRP-0013 | ValueError: E7_DYNAMIC_MULTITRIP_V1: no inherited asset can serve open route PYVRP-0013""}",4c89bc4ce78ef63dc178675b73323162972b26647967a27bfab5c8347329b8b0,20,fixed_30_minutes,periodic_30_minutes,30.0,12,13,6,SEARCH_NOT_FOUND,6,4531.4643397491445,399.8713754294322,10,4,14,6
3,"[""1db2de0c2fe8323480689e69cd395b73834ca0e540903dff7b15b3c872b07b8e"",""7ccfb7910be9ecdcd30d04c773e179993a7616e0cabb5ee007063828c97767b6"",""cdd3f8e8ddc599d7fa8925b1b2b8deb27435c861e3699db3b270e336f99f1067"",""4c89bc4ce78ef63dc178675b73323162972b26647967a27bfab5c8347329b8b0""]",carbon_blind,4,6,1501316.144987648,SEARCH_NOT_FOUND,"{""carbon_aware"":""full HGS population produced no executable continuation; ValueError: E7_DYNAMIC_MULTITRIP_V1: no inherited asset can serve open route S4_OPEN_007 | ValueError: E7_DYNAMIC_MULTITRIP_V1: no inherited asset can serve open route PYVRP-0013 | ValueError: E7_DYNAMIC_MULTITRIP_V1: no inherited asset can serve open route PYVRP-0013"",""carbon_blind"":""full HGS population produced no executable continuation; ValueError: E7_DYNAMIC_MULTITRIP_V1: no inherited asset can serve open route S4_OPEN_007 | ValueError: E7_DYNAMIC_MULTITRIP_V1: no inherited asset can serve open route PYVRP-0013 | ValueError: E7_DYNAMIC_MULTITRIP_V1: no inherited asset can serve open route PYVRP-0013""}",4c89bc4ce78ef63dc178675b73323162972b26647967a27bfab5c8347329b8b0,20,fixed_30_minutes,periodic_30_minutes,30.0,12,13,6,SEARCH_NOT_FOUND,6,4531.4643397491445,399.8713754294322,10,4,14,6
10,"[""2cdbc6ffd87e9d4b6c2791eb74c4ba724e8db012e528a3083ebe6b623a672ccc"",""d6d1fbbad79f2d3b57197925b9bd22478203a01adae9d8d670f070c96e2677f8"",""903df241ba9db50e182f74c7eef04d32a11a8c9ea178715bcc574d4f86f76a75"",""2247cbfa311be9e51305c17465db9f619b3541eed7b36df899ea7c159cb63fdb"",""21241d9725aea995490fb5a27e17bf9b3f30757b9948945764eda0f5c22b4dea"",""60071acca9eb143d85a56cad3baa95088ff928d41c16efb277ebc935f744f877"",""1c45699f2167a5ada251f6b1b2d40ab30d4ca8a2322ec0ebbe4004d0fa0f0c9b"",""8ced1da13e3e5048ec3cab601f1c31f7ac00ee810ed012cc24d8fed327442c3a"",""b9c8367efadd401f23aa0ae435eb3b3650889cf3c05c0c287cbead70d6f0160f"",""c09632074c775d81aca596e8f077d7e38a548508ee7a47a8025c05a44c22a56c"",""08ec800a41c81c53a6422804be02328b7695315c1f6fdd0ce0557194e5d39af4""]",carbon_aware,11,7,2135112.229608143,HARD_INFEASIBLE,"[{""best_asset"":""CV_D_guangzhou_5"",""constraint"":""HARD_TIME_WINDOW_NECESSARY_CONDITION"",""customer_id"":""C044"",""due_second"":50888.0016,""earliest_direct_arrival_second"":51086.882739999994}]",08ec800a41c81c53a6422804be02328b7695315c1f6fdd0ce0557194e5d39af4,20,fixed_30_minutes,periodic_30_minutes,90.0,36,11,18,HARD_INFEASIBLE,7,5889.934749589404,595.055247426286,12,4,16,18
10,"[""ecfc51ad54e235cd98c6223e022c49137487485a6dc23c8ab01fd8094904d58d"",""d6d1fbbad79f2d3b57197925b9bd22478203a01adae9d8d670f070c96e2677f8"",""903df241ba9db50e182f74c7eef04d32a11a8c9ea178715bcc574d4f86f76a75"",""2247cbfa311be9e51305c17465db9f619b3541eed7b36df899ea7c159cb63fdb"",""21241d9725aea995490fb5a27e17bf9b3f30757b9948945764eda0f5c22b4dea"",""60071acca9eb143d85a56cad3baa95088ff928d41c16efb277ebc935f744f877"",""1c45699f2167a5ada251f6b1b2d40ab30d4ca8a2322ec0ebbe4004d0fa0f0c9b"",""8ced1da13e3e5048ec3cab601f1c31f7ac00ee810ed012cc24d8fed327442c3a"",""b9c8367efadd401f23aa0ae435eb3b3650889cf3c05c0c287cbead70d6f0160f"",""c09632074c775d81aca596e8f077d7e38a548508ee7a47a8025c05a44c22a56c"",""08ec800a41c81c53a6422804be02328b7695315c1f6fdd0ce0557194e5d39af4""]",carbon_blind,11,7,2135112.229608143,HARD_INFEASIBLE,"[{""best_asset"":""CV_D_guangzhou_5"",""constraint"":""HARD_TIME_WINDOW_NECESSARY_CONDITION"",""customer_id"":""C044"",""due_second"":50888.0016,""earliest_direct_arrival_second"":51086.882739999994}]",08ec800a41c81c53a6422804be02328b7695315c1f6fdd0ce0557194e5d39af4,20,fixed_30_minutes,periodic_30_minutes,90.0,36,11,18,HARD_INFEASIBLE,7,5889.934749589404,595.055247426286,12,4,16,18
3,"[""487caed61455bc9d803adf1e9befa5d58dbf83cc68ec24fea8112797463ab174"",""7db14a6d80106aa9f8cec7f60882dffff887cd9c0a9b69988256a8ed94aa6ff4"",""df3105f38bf4086d7cc837c73434aca3615a8e176a71eda636153895a59ad057"",""0d4e6fd45634213851685025e8f3ea71601767a1e57714daacad1c8f0fe51c53""]",carbon_aware,4,6,1396473.898942957,SEARCH_NOT_FOUND,"{""carbon_aware"":""full HGS population produced no executable continuation; ValueError: E7_DYNAMIC_MULTITRIP_V1: no inherited asset can serve open route S4_OPEN_005 | ValueError: E7_DYNAMIC_MULTITRIP_V1: no inherited asset can serve open route PYVRP-0010 | ValueError: E7_DYNAMIC_MULTITRIP_V1: no inherited asset can serve open route PYVRP-0010"",""carbon_blind"":""full HGS population produced no executable continuation; ValueError: E7_DYNAMIC_MULTITRIP_V1: no inherited asset can serve open route S4_OPEN_005 | ValueError: E7_DYNAMIC_MULTITRIP_V1: no inherited asset can serve open route PYVRP-0010 | ValueError: E7_DYNAMIC_MULTITRIP_V1: no inherited asset can serve open route PYVRP-0010""}",0d4e6fd45634213851685025e8f3ea71601767a1e57714daacad1c8f0fe51c53,20,fixed_30_minutes,periodic_30_minutes,20.0,8,11,4,SEARCH_NOT_FOUND,8,4173.31219342516,364.1802362884841,9,4,13,4
3,"[""57d48607067eab23d6a862113a063175bd41eabb0cb039ff48cfb4c183d967b4"",""7db14a6d80106aa9f8cec7f60882dffff887cd9c0a9b69988256a8ed94aa6ff4"",""df3105f38bf4086d7cc837c73434aca3615a8e176a71eda636153895a59ad057"",""0d4e6fd45634213851685025e8f3ea71601767a1e57714daacad1c8f0fe51c53""]",carbon_blind,4,6,1396473.898942957,SEARCH_NOT_FOUND,"{""carbon_aware"":""full HGS population produced no executable continuation; ValueError: E7_DYNAMIC_MULTITRIP_V1: no inherited asset can serve open route S4_OPEN_005 | ValueError: E7_DYNAMIC_MULTITRIP_V1: no inherited asset can serve open route PYVRP-0010 | ValueError: E7_DYNAMIC_MULTITRIP_V1: no inherited asset can serve open route PYVRP-0010"",""carbon_blind"":""full HGS population produced no executable continuation; ValueError: E7_DYNAMIC_MULTITRIP_V1: no inherited asset can serve open route S4_OPEN_005 | ValueError: E7_DYNAMIC_MULTITRIP_V1: no inherited asset can serve open route PYVRP-0010 | ValueError: E7_DYNAMIC_MULTITRIP_V1: no inherited asset can serve open route PYVRP-0010""}",0d4e6fd45634213851685025e8f3ea71601767a1e57714daacad1c8f0fe51c53,20,fixed_30_minutes,periodic_30_minutes,20.0,8,11,4,SEARCH_NOT_FOUND,8,4173.31219342516,364.1802362884841,9,4,13,4
14,"[""7816f1ab3ed742ac35f73d71aed240aaaa613c91a39f9bf3b46ccd84e41c888d"",""0ceba26dd5bc1979e5d05d4dab575691e833e28a690e2d03a04356b4a592e286"",""fe5aea033a1faf7b20bc3024a9ddf51de65c09c60473294552cc2f215c5ba9b0"",""9bdda022619f581f1350452921961b737e6bb72eb4e51fea813de9add059e92d"",""c887ec681a8d7f40d47a995a8b65a59c14ec37bf2d93675e2b0108ce70b17d0c"",""95b952419f7b2387915cb35b58daf09fdb7a0001984cda360840dbd18b671f80"",""4cbb3f77151a5adb03640939af192f3759835dc6c53c2ddf9ad0b7e6f2f3a61a"",""32ba86778856a525bf0e71169e3f49ea1c7623d264a43f8906f45fa563146923"",""c79fe3d659ac67dad85b0d8031880e714a83f25251ba57a0e799dcf0c32a3dca"",""620b3fae3e667927020096908c255f2f4d2cc8564db798a2ed1f95001b899232"",""be0c4c04065fd7cecc0dd30c14e40ea6018b54cec268a778cb3b7db9620200b7"",""f2fb82091873fbe55533575add39877ba676c4f478821f009c8820e8836f14e8"",""81a5b74326d8475515d6a86433e6043270ae645ea0ad48b6c5676c4a122a3de7"",""79169762cf13448e744afd9370e3aa07bec0006fde90c9b454aa885b4fd05bc9"",""64e7ba92798fd1d6f8aadfef165993c4e82b978b622f9dfdcaa55ed2aa9de670""]",carbon_aware,14,6,2283765.287029761,PASS,,64e7ba92798fd1d6f8aadfef165993c4e82b978b622f9dfdcaa55ed2aa9de670,20,fixed_30_minutes,periodic_30_minutes,100.0,40,14,20,PASS,9,6405.509854794678,666.6182107488603,13,4,17,20
14,"[""da3f2759cd9a43d25dd69ffef506f622812cc1b1c283f97ec31ea46c479b436f"",""0ceba26dd5bc1979e5d05d4dab575691e833e28a690e2d03a04356b4a592e286"",""fe5aea033a1faf7b20bc3024a9ddf51de65c09c60473294552cc2f215c5ba9b0"",""9bdda022619f581f1350452921961b737e6bb72eb4e51fea813de9add059e92d"",""c887ec681a8d7f40d47a995a8b65a59c14ec37bf2d93675e2b0108ce70b17d0c"",""95b952419f7b2387915cb35b58daf09fdb7a0001984cda360840dbd18b671f80"",""4cbb3f77151a5adb03640939af192f3759835dc6c53c2ddf9ad0b7e6f2f3a61a"",""32ba86778856a525bf0e71169e3f49ea1c7623d264a43f8906f45fa563146923"",""c79fe3d659ac67dad85b0d8031880e714a83f25251ba57a0e799dcf0c32a3dca"",""620b3fae3e667927020096908c255f2f4d2cc8564db798a2ed1f95001b899232"",""be0c4c04065fd7cecc0dd30c14e40ea6018b54cec268a778cb3b7db9620200b7"",""f2fb82091873fbe55533575add39877ba676c4f478821f009c8820e8836f14e8"",""81a5b74326d8475515d6a86433e6043270ae645ea0ad48b6c5676c4a122a3de7"",""79169762cf13448e744afd9370e3aa07bec0006fde90c9b454aa885b4fd05bc9"",""64e7ba92798fd1d6f8aadfef165993c4e82b978b622f9dfdcaa55ed2aa9de670""]",carbon_blind,14,6,2283765.287029761,PASS,,64e7ba92798fd1d6f8aadfef165993c4e82b978b622f9dfdcaa55ed2aa9de670,20,fixed_30_minutes,periodic_30_minutes,100.0,40,14,20,PASS,9,6405.509854794678,666.6182107488603,13,4,17,20
11,"[""27fe799363666b095e08064c1768cde0c42dd2d8ae6f2f00c11d87254bd85648"",""288e73bf8f8bfa6f5ea318500d4388440b2d9bd1c5eda6a95f640010f8c3ce2b"",""f9726012dd4793d88d6f212cb53a153e3365aeea95d66877e83a2728f30bba39"",""75be716bc0d45d3cac0e0779b972b864feb0c6eebe3ee891785abffeddb43c36"",""c69fe72696be5b609eb1ff1a76b37b7e4c5939250d8c2b8a850802f5710e7707"",""840535b2b5b4b69cfc2f1f32b37bbcfd537a23ec7f5461c183cb136450110bf3"",""31b4ad840f319dda563151c2299ce2dbffdd2d536703542c589298c301d912b9"",""8ffde6675dc77eee763b0097d7d1438d46dee9a13b6f902e9252f6009829ac04"",""71d6ee49492b450b520a6907a4ed57d684bf467c18b707a6a935f1304952ac83"",""d6c657e5ea07b84677e98528b6cdb3ee28b3c9007403876bd2a1b5e27f46e72e"",""2b2673661dc9dc661cd44ebf82badae6d0e56a5d08e103592f70c1b7ed17c6c4"",""ad0f2ca070a63dc5b8a8fe8000d351c916273b2fead59761ad35544b703a09dc""]",carbon_aware,11,17,2250259.1578860832,PASS,,ad0f2ca070a63dc5b8a8fe8000d351c916273b2fead59761ad35544b703a09dc,20,fixed_30_minutes,periodic_30_minutes,100.0,41,11,20,PASS,10,6229.41116730208,612.413592168679,13,4,17,20
11,"[""46b2a70d68ac3eb20973341971076de19e6d9368634574c3c45fdd473c43ac53"",""1d57b790166ea4dfa46d7b247bf54afe7fd30b5bbf0ece06937885b0d8e0b254"",""f9726012dd4793d88d6f212cb53a153e3365aeea95d66877e83a2728f30bba39"",""75be716bc0d45d3cac0e0779b972b864feb0c6eebe3ee891785abffeddb43c36"",""c69fe72696be5b609eb1ff1a76b37b7e4c5939250d8c2b8a850802f5710e7707"",""840535b2b5b4b69cfc2f1f32b37bbcfd537a23ec7f5461c183cb136450110bf3"",""04e84d30201b70678a1fdab0706cc23792f04b476d15f62747ebaaa792c1f2ab"",""a56d747c89c19bc82a635c679baaa01adcbac66d03a5e7e2d3decd57f05edcc7"",""71d6ee49492b450b520a6907a4ed57d684bf467c18b707a6a935f1304952ac83"",""d6c657e5ea07b84677e98528b6cdb3ee28b3c9007403876bd2a1b5e27f46e72e"",""2b2673661dc9dc661cd44ebf82badae6d0e56a5d08e103592f70c1b7ed17c6c4"",""ad0f2ca070a63dc5b8a8fe8000d351c916273b2fead59761ad35544b703a09dc""]",carbon_blind,11,17,2250259.1578860832,PASS,,ad0f2ca070a63dc5b8a8fe8000d351c916273b2fead59761ad35544b703a09dc,20,fixed_30_minutes,periodic_30_minutes,100.0,41,11,20,PASS,10,6229.41116730208,612.413592168679,13,4,17,20
9,"[""9f5741ec6fbbd751f6147e000cce9706029d4ae55a8e1d480e3053c2b2bc28c6"",""ff97b4fbaa6a06a2fc6ea238cada493f7885c8525221efdb0e81b6871dfa7e04"",""5c83a9fd4c71116bf118420d07afe5a70bcc849f7fe1536e7a2df656b7a43b31"",""9922fcabeef9644639cb02ad8084da02dfcc544f337344ef16674d0a20579a99"",""528811a4297635648d09c972097156243210d24697a659ee0ded6c02cfd84141"",""553c067cde48f7fae1fa5d89ed1f82798d7e313416dd680adb308af9071ad805"",""f09018a737af70cbe1dc863df0de50abf37a66bcc7b6ba3cf5104899a2df368f"",""bdef77884252d6548a8f7d0d7e642ebba945cfd57d9f75ca6210b7797a49fb47"",""cae0fc8c66aada6ebc4399ae2a7ceb993a37241fcd1eafac889bbca891f0f171"",""8c347e0719a48acdfcc7b669aeffd3cb46c68555ebafecda9653898d614f6354""]",carbon_aware,10,8,2050154.1154582251,SEARCH_NOT_FOUND,"{""carbon_aware"":""full HGS population produced no executable continuation; ValueError: E7_DYNAMIC_MULTITRIP_V1: no inherited asset can serve open route S10_OPEN_010 | ValueError: E7_DYNAMIC_MULTITRIP_V1: no inherited asset can serve open route PYVRP-0001 | ValueError: E7_DYNAMIC_MULTITRIP_V1: no inherited asset can serve open route PYVRP-0002"",""carbon_blind"":""full HGS population produced no executable continuation; ValueError: E7_DYNAMIC_MULTITRIP_V1: no inherited asset can serve open route S10_OPEN_010 | ValueError: E7_DYNAMIC_MULTITRIP_V1: no inherited asset can serve open route PYVRP-0001 | ValueError: E7_DYNAMIC_MULTITRIP_V1: no inherited asset can serve open route PYVRP-0002""}",8c347e0719a48acdfcc7b669aeffd3cb46c68555ebafecda9653898d614f6354,20,hybrid_500kg_or_30_minutes,proposed_500kg_or_30_minutes,75.0,30,14,15,SEARCH_NOT_FOUND,1,5712.314077744818,559.7369822317039,12,4,16,15
9,"[""d72ec9bc788ec70cae066190fb32c72666332dc06155c68eac83b431f61cc601"",""ff97b4fbaa6a06a2fc6ea238cada493f7885c8525221efdb0e81b6871dfa7e04"",""5c83a9fd4c71116bf118420d07afe5a70bcc849f7fe1536e7a2df656b7a43b31"",""9922fcabeef9644639cb02ad8084da02dfcc544f337344ef16674d0a20579a99"",""528811a4297635648d09c972097156243210d24697a659ee0ded6c02cfd84141"",""553c067cde48f7fae1fa5d89ed1f82798d7e313416dd680adb308af9071ad805"",""f09018a737af70cbe1dc863df0de50abf37a66bcc7b6ba3cf5104899a2df368f"",""bdef77884252d6548a8f7d0d7e642ebba945cfd57d9f75ca6210b7797a49fb47"",""cae0fc8c66aada6ebc4399ae2a7ceb993a37241fcd1eafac889bbca891f0f171"",""8c347e0719a48acdfcc7b669aeffd3cb46c68555ebafecda9653898d614f6354""]",carbon_blind,10,8,2050154.1154582251,SEARCH_NOT_FOUND,"{""carbon_aware"":""full HGS population produced no executable continuation; ValueError: E7_DYNAMIC_MULTITRIP_V1: no inherited asset can serve open route S10_OPEN_010 | ValueError: E7_DYNAMIC_MULTITRIP_V1: no inherited asset can serve open route PYVRP-0001 | ValueError: E7_DYNAMIC_MULTITRIP_V1: no inherited asset can serve open route PYVRP-0002"",""carbon_blind"":""full HGS population produced no executable continuation; ValueError: E7_DYNAMIC_MULTITRIP_V1: no inherited asset can serve open route S10_OPEN_010 | ValueError: E7_DYNAMIC_MULTITRIP_V1: no inherited asset can serve open route PYVRP-0001 | ValueError: E7_DYNAMIC_MULTITRIP_V1: no inherited asset can serve open route PYVRP-0002""}",8c347e0719a48acdfcc7b669aeffd3cb46c68555ebafecda9653898d614f6354,20,hybrid_500kg_or_30_minutes,proposed_500kg_or_30_minutes,75.0,30,14,15,SEARCH_NOT_FOUND,1,5712.314077744818,559.7369822317039,12,4,16,15
12,"[""21b0c6f232e4aa8c9322d2100c9e73591188c08477851a2cd282bb9317c2abe0"",""90021d668382ae5af9b5857c9b3558c570890ba24749c84c8bbece559161c11d"",""1811d63becb943682f59b671c7118cd1c6a7f6ba3f77e42d9b4577392a2c93e6"",""894b242eb48280ca488f0a2d4deb0eb6545d122c1048bbe9eb040c801719a7f0"",""090ea84c3b03ea43011ec51c40b0fbe2d722c89408e07047dcbd667c4488c18d"",""db886e920463875740341ca249b9975a979be04b6dbed32a3ef4b305553ff783"",""f7009f575b68d9a58556d256268cbfe5f904e6e9f62ee377d9cf182ff9b29679"",""e8b49470f593d6300b79f225c8f81bdff266a6ce8ddeca1b1b2fcdf6ba97d30d"",""c6c0b51dab9e1eddc29f5bbd9b03e397b17509b738fb9e7ea07bc85776dcb4ce"",""dae270c0f63e2fe16719f7cbb45bc222e4709c40bc13f97db4c15d3e59ea1d4b"",""93f491b3889db7aa9e3c07bb25fa7cec8136d8ed21c72b80a430e565ec136c8c"",""86659d9747ce56d374a2489f0f1dc043377c9a3525d07a69f2b45b62763cd79a"",""8334dad3e1f4dcdd613fc0b051e33d372f0d3af02be968f510860cbcfd703129""]",carbon_aware,12,9,2098188.320878433,PASS,,8334dad3e1f4dcdd613fc0b051e33d372f0d3af02be968f510860cbcfd703129,20,hybrid_500kg_or_30_minutes,proposed_500kg_or_30_minutes,100.0,56,12,20,PASS,2,5743.820935991107,560.367556757832,12,4,16,23
12,"[""503dbd06d77d2674dfcb713c6ccc5684119d8d755e2bf21b56f0d72f23facb89"",""90021d668382ae5af9b5857c9b3558c570890ba24749c84c8bbece559161c11d"",""1811d63becb943682f59b671c7118cd1c6a7f6ba3f77e42d9b4577392a2c93e6"",""894b242eb48280ca488f0a2d4deb0eb6545d122c1048bbe9eb040c801719a7f0"",""090ea84c3b03ea43011ec51c40b0fbe2d722c89408e07047dcbd667c4488c18d"",""db886e920463875740341ca249b9975a979be04b6dbed32a3ef4b305553ff783"",""f7009f575b68d9a58556d256268cbfe5f904e6e9f62ee377d9cf182ff9b29679"",""e8b49470f593d6300b79f225c8f81bdff266a6ce8ddeca1b1b2fcdf6ba97d30d"",""c6c0b51dab9e1eddc29f5bbd9b03e397b17509b738fb9e7ea07bc85776dcb4ce"",""dae270c0f63e2fe16719f7cbb45bc222e4709c40bc13f97db4c15d3e59ea1d4b"",""93f491b3889db7aa9e3c07bb25fa7cec8136d8ed21c72b80a430e565ec136c8c"",""86659d9747ce56d374a2489f0f1dc043377c9a3525d07a69f2b45b62763cd79a"",""8334dad3e1f4dcdd613fc0b051e33d372f0d3af02be968f510860cbcfd703129""]",carbon_blind,12,9,2098188.320878433,PASS,,8334dad3e1f4dcdd613fc0b051e33d372f0d3af02be968f510860cbcfd703129,20,hybrid_500kg_or_30_minutes,proposed_500kg_or_30_minutes,100.0,56,12,20,PASS,2,5743.820935991107,560.367556757832,12,4,16,23
14,"[""209df823fc60bef0459b837d609d70c72ef58a09b88d17c0f297d772af38a2ab"",""67467737fe7a95da52f327c58e3c58a965fa4a6556378defe9c7688ec9bb8018"",""2df1192ae4565186e282fcadf966a2161a1e18124b1367ab7589e4cbd79265ec"",""5ca860f587033b46c09e170ac656445c44e0c1d6579cc06ce393906a4c1098ee"",""3a28d2518c7d3bb0456179ca07136885d6ee9881ef16f7bbfb8203b5172e93ed"",""2839286aaf29db8c2549c3cf67d5d0a056aca733bdad0c896d0d1354d1abfa21"",""fc183b31c02326ed11c1292097fb22a07716ea6ff132ad7bc4b0b82fc02ed820"",""19bc3754a1a04d9ee00dfd0322f225faca32bd33e28ccde9efeb860a7c8b5f23"",""df0d5bd9dd82bd2260316b93188fbb67c7499f0576eacbd692cfeeb36c867cd1"",""6249fccd84a672bdf0c905c0334faa7a28db886ac92503244ffbd3d818d92f88"",""9248c5cf8d1692bcf5190525cead476f9d682a9f39e51cb59c4986aa038dea2b"",""bf94e6b0eeedf749fcba37d24153dabc7e1930a255fa5bfd7960d57063e4af28"",""dd365f9d1ffc477bad64d60b347ef66ba6de608e91b36186b39fde5b7ab10ebd"",""1d4641339a18e2941fe6a80fd65d9e17a794c04540d043de99191129a2279c6c"",""4130ff90b87b60a8745a01ec025b16bc53244b2245f9f2eafde77060701e8cb9""]",carbon_aware,14,11,2061868.473112535,PASS,,4130ff90b87b60a8745a01ec025b16bc53244b2245f9f2eafde77060701e8cb9,20,hybrid_500kg_or_30_minutes,proposed_500kg_or_30_minutes,100.0,74,14,20,PASS,3,6022.901327251516,592.7411394441691,13,4,17,32
14,"[""4fdcf1bf4790d2d1a739b0e1a916c8061b692aa008a8ffe2abb53d5b74f21cd6"",""67467737fe7a95da52f327c58e3c58a965fa4a6556378defe9c7688ec9bb8018"",""2df1192ae4565186e282fcadf966a2161a1e18124b1367ab7589e4cbd79265ec"",""5ca860f587033b46c09e170ac656445c44e0c1d6579cc06ce393906a4c1098ee"",""3a28d2518c7d3bb0456179ca07136885d6ee9881ef16f7bbfb8203b5172e93ed"",""2839286aaf29db8c2549c3cf67d5d0a056aca733bdad0c896d0d1354d1abfa21"",""fc183b31c02326ed11c1292097fb22a07716ea6ff132ad7bc4b0b82fc02ed820"",""19bc3754a1a04d9ee00dfd0322f225faca32bd33e28ccde9efeb860a7c8b5f23"",""df0d5bd9dd82bd2260316b93188fbb67c7499f0576eacbd692cfeeb36c867cd1"",""6249fccd84a672bdf0c905c0334faa7a28db886ac92503244ffbd3d818d92f88"",""9248c5cf8d1692bcf5190525cead476f9d682a9f39e51cb59c4986aa038dea2b"",""bf94e6b0eeedf749fcba37d24153dabc7e1930a255fa5bfd7960d57063e4af28"",""dd365f9d1ffc477bad64d60b347ef66ba6de608e91b36186b39fde5b7ab10ebd"",""1d4641339a18e2941fe6a80fd65d9e17a794c04540d043de99191129a2279c6c"",""4130ff90b87b60a8745a01ec025b16bc53244b2245f9f2eafde77060701e8cb9""]",carbon_blind,14,11,2061868.473112535,PASS,,4130ff90b87b60a8745a01ec025b16bc53244b2245f9f2eafde77060701e8cb9,20,hybrid_500kg_or_30_minutes,proposed_500kg_or_30_minutes,100.0,74,14,20,PASS,3,6022.901327251516,592.7411394441691,13,4,17,32
14,"[""d8490282a79015925c0f6e94bfebc067d4c9e7e895f70b994cdfa808d67b47f8"",""d4a380484d9aae7cf60fda2bdbb26e0904667106d14e93b878fda7b7751b0c8e"",""747bdd2e25c45b9142fce5500a73b232f948bb3f058947e89af510893d0cafda"",""655df45bc986b5cc5fcb11f78b2032a4e0aa3d32d53de189623b585e4a982cb8"",""a4c72041b44ef3ca74bcbf907bd9a6bae9402ae66f5a20ffe7780199c436577c"",""0797441bee92bdd852425112b947b286b293bba8c9e0355835d5fb9581f7181a"",""be9c8fbca811afdca7533a29032b3941726d175c5b7dd0ca61db8e598ce270cc"",""d837e171a0f98d49d5d9a51c3b6dc5aa0a09e65a27628bf83cbb5f1e54d74efd"",""959700975075758df5a930e59e9cdeb9bf4aa60890a4659fdf8b5d203abe3ec1"",""fac051f9ba04dcfa5dd3cc4575e75636bf5313325b47816e5c782b25d1671d7f"",""00ecab9271575f66969e08eb38570b22650c441c754cfb29d42c603b10e2926c"",""def14da59438c42dafb33a80a425c687d4639c5951f1c53084d0c96c51884b81"",""a609895f1b6e776e5457e25862b4ebdf6a07ce9f35775136eec0f75b650a73c3"",""ed074c4ec8038c2ccb3510d4f326205dc35a1c71dd521b50af82391d48f3fab6"",""c003ab1465cf2ab5f427cb7f8648fb2442d55996834c4dbf71a25570f8d07229""]",carbon_aware,14,7,2182466.199240292,PASS,,c003ab1465cf2ab5f427cb7f8648fb2442d55996834c4dbf71a25570f8d07229,20,hybrid_500kg_or_30_minutes,proposed_500kg_or_30_minutes,100.0,40,14,20,PASS,4,6152.850073905602,615.0326082727169,13,4,17,20
14,"[""dc009266dd6991d8af7ee3eb9efbb6f0c9175bb1fe7e5b6197ac68bcfdce28bc"",""d4a380484d9aae7cf60fda2bdbb26e0904667106d14e93b878fda7b7751b0c8e"",""747bdd2e25c45b9142fce5500a73b232f948bb3f058947e89af510893d0cafda"",""655df45bc986b5cc5fcb11f78b2032a4e0aa3d32d53de189623b585e4a982cb8"",""a4c72041b44ef3ca74bcbf907bd9a6bae9402ae66f5a20ffe7780199c436577c"",""0797441bee92bdd852425112b947b286b293bba8c9e0355835d5fb9581f7181a"",""be9c8fbca811afdca7533a29032b3941726d175c5b7dd0ca61db8e598ce270cc"",""d837e171a0f98d49d5d9a51c3b6dc5aa0a09e65a27628bf83cbb5f1e54d74efd"",""959700975075758df5a930e59e9cdeb9bf4aa60890a4659fdf8b5d203abe3ec1"",""fac051f9ba04dcfa5dd3cc4575e75636bf5313325b47816e5c782b25d1671d7f"",""00ecab9271575f66969e08eb38570b22650c441c754cfb29d42c603b10e2926c"",""def14da59438c42dafb33a80a425c687d4639c5951f1c53084d0c96c51884b81"",""a609895f1b6e776e5457e25862b4ebdf6a07ce9f35775136eec0f75b650a73c3"",""ed074c4ec8038c2ccb3510d4f326205dc35a1c71dd521b50af82391d48f3fab6"",""c003ab1465cf2ab5f427cb7f8648fb2442d55996834c4dbf71a25570f8d07229""]",carbon_blind,14,7,2182466.199240292,PASS,,c003ab1465cf2ab5f427cb7f8648fb2442d55996834c4dbf71a25570f8d07229,20,hybrid_500kg_or_30_minutes,proposed_500kg_or_30_minutes,100.0,40,14,20,PASS,4,6152.850073905602,615.0326082727169,13,4,17,20
6,"[""17fb16661f7ef06aec499f7a2651db8aa40e655acc27d32ae41ef64343be54ce"",""d6329c9e9a7af02fc6716c979e0536deb06d5020670da4b230069252ae6afc0e"",""bbc464ec713e27f3f8a5133393af3dae58d8cb92ccd89c28bc3688f2b4f82e3d"",""b3510d882b30a166b477264a8edc45ee1e135b72c3700267481405ee7e8402b8"",""da5e2790637d0d74d7c04485398ec70a5e62020007c69159ceb00f2ac3a63f18"",""3c316a681b034b38c2f71a02b48fde83c56eea2509209c91aa3c5ba865dce91d"",""a778c922c55b267e33c9e939e6d641d6e9bfafb9c4fc385b2f3479fcc6c070a5""]",carbon_aware,7,5,1664504.7120908669,SEARCH_NOT_FOUND,"{""carbon_aware"":""full HGS population produced no executable continuation; ValueError: E7_DYNAMIC_MULTITRIP_V1: no inherited asset can serve open route S7_OPEN_020 | ValueError: E7_DYNAMIC_MULTITRIP_V1: no inherited asset can serve open route PYVRP-0010 | ValueError: E7_DYNAMIC_MULTITRIP_V1: no inherited asset can serve open route PYVRP-0010"",""carbon_blind"":""full HGS population produced no executable continuation; ValueError: E7_DYNAMIC_MULTITRIP_V1: no inherited asset can serve open route S7_OPEN_020 | ValueError: E7_DYNAMIC_MULTITRIP_V1: no inherited asset can serve open route PYVRP-0010 | ValueError: E7_DYNAMIC_MULTITRIP_V1: no inherited asset can serve open route PYVRP-0010""}",a778c922c55b267e33c9e939e6d641d6e9bfafb9c4fc385b2f3479fcc6c070a5,20,hybrid_500kg_or_30_minutes,proposed_500kg_or_30_minutes,45.0,18,15,9,SEARCH_NOT_FOUND,5,4728.923486269551,475.7965811695756,9,4,13,9
6,"[""d99874199ca2922ef64748abd37b43452ec5abf5367d1c7c2be32247d9267d65"",""d6329c9e9a7af02fc6716c979e0536deb06d5020670da4b230069252ae6afc0e"",""bbc464ec713e27f3f8a5133393af3dae58d8cb92ccd89c28bc3688f2b4f82e3d"",""b3510d882b30a166b477264a8edc45ee1e135b72c3700267481405ee7e8402b8"",""da5e2790637d0d74d7c04485398ec70a5e62020007c69159ceb00f2ac3a63f18"",""3c316a681b034b38c2f71a02b48fde83c56eea2509209c91aa3c5ba865dce91d"",""a778c922c55b267e33c9e939e6d641d6e9bfafb9c4fc385b2f3479fcc6c070a5""]",carbon_blind,7,5,1664504.7120908669,SEARCH_NOT_FOUND,"{""carbon_aware"":""full HGS population produced no executable continuation; ValueError: E7_DYNAMIC_MULTITRIP_V1: no inherited asset can serve open route S7_OPEN_020 | ValueError: E7_DYNAMIC_MULTITRIP_V1: no inherited asset can serve open route PYVRP-0010 | ValueError: E7_DYNAMIC_MULTITRIP_V1: no inherited asset can serve open route PYVRP-0010"",""carbon_blind"":""full HGS population produced no executable continuation; ValueError: E7_DYNAMIC_MULTITRIP_V1: no inherited asset can serve open route S7_OPEN_020 | ValueError: E7_DYNAMIC_MULTITRIP_V1: no inherited asset can serve open route PYVRP-0010 | ValueError: E7_DYNAMIC_MULTITRIP_V1: no inherited asset can serve open route PYVRP-0010""}",a778c922c55b267e33c9e939e6d641d6e9bfafb9c4fc385b2f3479fcc6c070a5,20,hybrid_500kg_or_30_minutes,proposed_500kg_or_30_minutes,45.0,18,15,9,SEARCH_NOT_FOUND,5,4728.923486269551,475.7965811695756,9,4,13,9
3,"[""c03fcbe39edf518a5d2debef6e64b92e7171f0bef93fbe39f93a684fb321f862"",""7ccfb7910be9ecdcd30d04c773e179993a7616e0cabb5ee007063828c97767b6"",""cdd3f8e8ddc599d7fa8925b1b2b8deb27435c861e3699db3b270e336f99f1067"",""4c89bc4ce78ef63dc178675b73323162972b26647967a27bfab5c8347329b8b0""]",carbon_aware,4,6,1501316.144987648,SEARCH_NOT_FOUND,"{""carbon_aware"":""full HGS population produced no executable continuation; ValueError: E7_DYNAMIC_MULTITRIP_V1: no inherited asset can serve open route S4_OPEN_007 | ValueError: E7_DYNAMIC_MULTITRIP_V1: no inherited asset can serve open route PYVRP-0016 | ValueError: E7_DYNAMIC_MULTITRIP_V1: no inherited asset can serve open route PYVRP-0011"",""carbon_blind"":""full HGS population produced no executable continuation; ValueError: E7_DYNAMIC_MULTITRIP_V1: no inherited asset can serve open route S4_OPEN_007 | ValueError: E7_DYNAMIC_MULTITRIP_V1: no inherited asset can serve open route PYVRP-0016 | ValueError: E7_DYNAMIC_MULTITRIP_V1: no inherited asset can serve open route PYVRP-0011""}",4c89bc4ce78ef63dc178675b73323162972b26647967a27bfab5c8347329b8b0,20,hybrid_500kg_or_30_minutes,proposed_500kg_or_30_minutes,30.0,12,13,6,SEARCH_NOT_FOUND,6,4531.4643397491445,399.8713754294322,10,4,14,6
3,"[""1db2de0c2fe8323480689e69cd395b73834ca0e540903dff7b15b3c872b07b8e"",""7ccfb7910be9ecdcd30d04c773e179993a7616e0cabb5ee007063828c97767b6"",""cdd3f8e8ddc599d7fa8925b1b2b8deb27435c861e3699db3b270e336f99f1067"",""4c89bc4ce78ef63dc178675b73323162972b26647967a27bfab5c8347329b8b0""]",carbon_blind,4,6,1501316.144987648,SEARCH_NOT_FOUND,"{""carbon_aware"":""full HGS population produced no executable continuation; ValueError: E7_DYNAMIC_MULTITRIP_V1: no inherited asset can serve open route S4_OPEN_007 | ValueError: E7_DYNAMIC_MULTITRIP_V1: no inherited asset can serve open route PYVRP-0016 | ValueError: E7_DYNAMIC_MULTITRIP_V1: no inherited asset can serve open route PYVRP-0011"",""carbon_blind"":""full HGS population produced no executable continuation; ValueError: E7_DYNAMIC_MULTITRIP_V1: no inherited asset can serve open route S4_OPEN_007 | ValueError: E7_DYNAMIC_MULTITRIP_V1: no inherited asset can serve open route PYVRP-0016 | ValueError: E7_DYNAMIC_MULTITRIP_V1: no inherited asset can serve open route PYVRP-0011""}",4c89bc4ce78ef63dc178675b73323162972b26647967a27bfab5c8347329b8b0,20,hybrid_500kg_or_30_minutes,proposed_500kg_or_30_minutes,30.0,12,13,6,SEARCH_NOT_FOUND,6,4531.4643397491445,399.8713754294322,10,4,14,6
12,"[""2cdbc6ffd87e9d4b6c2791eb74c4ba724e8db012e528a3083ebe6b623a672ccc"",""d6d1fbbad79f2d3b57197925b9bd22478203a01adae9d8d670f070c96e2677f8"",""903df241ba9db50e182f74c7eef04d32a11a8c9ea178715bcc574d4f86f76a75"",""2247cbfa311be9e51305c17465db9f619b3541eed7b36df899ea7c159cb63fdb"",""21241d9725aea995490fb5a27e17bf9b3f30757b9948945764eda0f5c22b4dea"",""60071acca9eb143d85a56cad3baa95088ff928d41c16efb277ebc935f744f877"",""237bcfec996b4b85888c7c3e26f6212116d09dba910be7d249dcd47c22a789fe"",""8ced1da13e3e5048ec3cab601f1c31f7ac00ee810ed012cc24d8fed327442c3a"",""b9c8367efadd401f23aa0ae435eb3b3650889cf3c05c0c287cbead70d6f0160f"",""359ce1f304262827cef2328a01a7aec01cea4096e6507ebea3032a53449fabbd"",""c09632074c775d81aca596e8f077d7e38a548508ee7a47a8025c05a44c22a56c"",""f90128085a518e9f55c854f1a13d0c945d8a2d8003d0c32a13c9251743647e66"",""08ec800a41c81c53a6422804be02328b7695315c1f6fdd0ce0557194e5d39af4""]",carbon_aware,13,7,2135112.229608143,SEARCH_NOT_FOUND,"{""carbon_aware"":""full HGS population produced no executable continuation; ValueError: E7_DYNAMIC_MULTITRIP_V1: no inherited asset can serve open route S13_ADD_ADD_009_C044 | ValueError: E7_DYNAMIC_MULTITRIP_V1: no inherited asset can serve open route PYVRP-0003 | ValueError: E7_DYNAMIC_MULTITRIP_V1: no inherited asset can serve open route PYVRP-0001"",""carbon_blind"":""full HGS population produced no executable continuation; ValueError: E7_DYNAMIC_MULTITRIP_V1: no inherited asset can serve open route S13_ADD_ADD_009_C044 | ValueError: E7_DYNAMIC_MULTITRIP_V1: no inherited asset can serve open route PYVRP-0003 | ValueError: E7_DYNAMIC_MULTITRIP_V1: no inherited asset can serve open route PYVRP-0001""}",08ec800a41c81c53a6422804be02328b7695315c1f6fdd0ce0557194e5d39af4,20,hybrid_500kg_or_30_minutes,proposed_500kg_or_30_minutes,90.0,36,13,18,SEARCH_NOT_FOUND,7,5889.934749589404,595.055247426286,12,4,16,18
12,"[""ecfc51ad54e235cd98c6223e022c49137487485a6dc23c8ab01fd8094904d58d"",""d6d1fbbad79f2d3b57197925b9bd22478203a01adae9d8d670f070c96e2677f8"",""903df241ba9db50e182f74c7eef04d32a11a8c9ea178715bcc574d4f86f76a75"",""2247cbfa311be9e51305c17465db9f619b3541eed7b36df899ea7c159cb63fdb"",""21241d9725aea995490fb5a27e17bf9b3f30757b9948945764eda0f5c22b4dea"",""60071acca9eb143d85a56cad3baa95088ff928d41c16efb277ebc935f744f877"",""237bcfec996b4b85888c7c3e26f6212116d09dba910be7d249dcd47c22a789fe"",""8ced1da13e3e5048ec3cab601f1c31f7ac00ee810ed012cc24d8fed327442c3a"",""b9c8367efadd401f23aa0ae435eb3b3650889cf3c05c0c287cbead70d6f0160f"",""359ce1f304262827cef2328a01a7aec01cea4096e6507ebea3032a53449fabbd"",""c09632074c775d81aca596e8f077d7e38a548508ee7a47a8025c05a44c22a56c"",""f90128085a518e9f55c854f1a13d0c945d8a2d8003d0c32a13c9251743647e66"",""08ec800a41c81c53a6422804be02328b7695315c1f6fdd0ce0557194e5d39af4""]",carbon_blind,13,7,2135112.229608143,SEARCH_NOT_FOUND,"{""carbon_aware"":""full HGS population produced no executable continuation; ValueError: E7_DYNAMIC_MULTITRIP_V1: no inherited asset can serve open route S13_ADD_ADD_009_C044 | ValueError: E7_DYNAMIC_MULTITRIP_V1: no inherited asset can serve open route PYVRP-0003 | ValueError: E7_DYNAMIC_MULTITRIP_V1: no inherited asset can serve open route PYVRP-0001"",""carbon_blind"":""full HGS population produced no executable continuation; ValueError: E7_DYNAMIC_MULTITRIP_V1: no inherited asset can serve open route S13_ADD_ADD_009_C044 | ValueError: E7_DYNAMIC_MULTITRIP_V1: no inherited asset can serve open route PYVRP-0003 | ValueError: E7_DYNAMIC_MULTITRIP_V1: no inherited asset can serve open route PYVRP-0001""}",08ec800a41c81c53a6422804be02328b7695315c1f6fdd0ce0557194e5d39af4,20,hybrid_500kg_or_30_minutes,proposed_500kg_or_30_minutes,90.0,36,13,18,SEARCH_NOT_FOUND,7,5889.934749589404,595.055247426286,12,4,16,18
3,"[""487caed61455bc9d803adf1e9befa5d58dbf83cc68ec24fea8112797463ab174"",""7db14a6d80106aa9f8cec7f60882dffff887cd9c0a9b69988256a8ed94aa6ff4"",""df3105f38bf4086d7cc837c73434aca3615a8e176a71eda636153895a59ad057"",""0d4e6fd45634213851685025e8f3ea71601767a1e57714daacad1c8f0fe51c53""]",carbon_aware,4,6,1396473.898942957,SEARCH_NOT_FOUND,"{""carbon_aware"":""full HGS population produced no executable continuation; ValueError: E7_DYNAMIC_MULTITRIP_V1: no inherited asset can serve open route S4_OPEN_005 | ValueError: E7_DYNAMIC_MULTITRIP_V1: no inherited asset can serve open route PYVRP-0015 | ValueError: E7_DYNAMIC_MULTITRIP_V1: no inherited asset can serve open route PYVRP-0011"",""carbon_blind"":""full HGS population produced no executable continuation; ValueError: E7_DYNAMIC_MULTITRIP_V1: no inherited asset can serve open route S4_OPEN_005 | ValueError: E7_DYNAMIC_MULTITRIP_V1: no inherited asset can serve open route PYVRP-0015 | ValueError: E7_DYNAMIC_MULTITRIP_V1: no inherited asset can serve open route PYVRP-0011""}",0d4e6fd45634213851685025e8f3ea71601767a1e57714daacad1c8f0fe51c53,20,hybrid_500kg_or_30_minutes,proposed_500kg_or_30_minutes,20.0,8,13,4,SEARCH_NOT_FOUND,8,4173.31219342516,364.1802362884841,9,4,13,4
3,"[""57d48607067eab23d6a862113a063175bd41eabb0cb039ff48cfb4c183d967b4"",""7db14a6d80106aa9f8cec7f60882dffff887cd9c0a9b69988256a8ed94aa6ff4"",""df3105f38bf4086d7cc837c73434aca3615a8e176a71eda636153895a59ad057"",""0d4e6fd45634213851685025e8f3ea71601767a1e57714daacad1c8f0fe51c53""]",carbon_blind,4,6,1396473.898942957,SEARCH_NOT_FOUND,"{""carbon_aware"":""full HGS population produced no executable continuation; ValueError: E7_DYNAMIC_MULTITRIP_V1: no inherited asset can serve open route S4_OPEN_005 | ValueError: E7_DYNAMIC_MULTITRIP_V1: no inherited asset can serve open route PYVRP-0015 | ValueError: E7_DYNAMIC_MULTITRIP_V1: no inherited asset can serve open route PYVRP-0011"",""carbon_blind"":""full HGS population produced no executable continuation; ValueError: E7_DYNAMIC_MULTITRIP_V1: no inherited asset can serve open route S4_OPEN_005 | ValueError: E7_DYNAMIC_MULTITRIP_V1: no inherited asset can serve open route PYVRP-0015 | ValueError: E7_DYNAMIC_MULTITRIP_V1: no inherited asset can serve open route PYVRP-0011""}",0d4e6fd45634213851685025e8f3ea71601767a1e57714daacad1c8f0fe51c53,20,hybrid_500kg_or_30_minutes,proposed_500kg_or_30_minutes,20.0,8,13,4,SEARCH_NOT_FOUND,8,4173.31219342516,364.1802362884841,9,4,13,4
15,"[""7816f1ab3ed742ac35f73d71aed240aaaa613c91a39f9bf3b46ccd84e41c888d"",""ba31c522615c099f0b477fe198f65b33b5dbde8f3765b29a0dda1934ee855ad7"",""0ceba26dd5bc1979e5d05d4dab575691e833e28a690e2d03a04356b4a592e286"",""fe5aea033a1faf7b20bc3024a9ddf51de65c09c60473294552cc2f215c5ba9b0"",""9bdda022619f581f1350452921961b737e6bb72eb4e51fea813de9add059e92d"",""c887ec681a8d7f40d47a995a8b65a59c14ec37bf2d93675e2b0108ce70b17d0c"",""95b952419f7b2387915cb35b58daf09fdb7a0001984cda360840dbd18b671f80"",""4cbb3f77151a5adb03640939af192f3759835dc6c53c2ddf9ad0b7e6f2f3a61a"",""32ba86778856a525bf0e71169e3f49ea1c7623d264a43f8906f45fa563146923"",""c79fe3d659ac67dad85b0d8031880e714a83f25251ba57a0e799dcf0c32a3dca"",""620b3fae3e667927020096908c255f2f4d2cc8564db798a2ed1f95001b899232"",""be0c4c04065fd7cecc0dd30c14e40ea6018b54cec268a778cb3b7db9620200b7"",""f2fb82091873fbe55533575add39877ba676c4f478821f009c8820e8836f14e8"",""81a5b74326d8475515d6a86433e6043270ae645ea0ad48b6c5676c4a122a3de7"",""b37a9086c4250fa3b28a418d40048431165a3726983055c4ec68059499ce3029"",""626652ea152d6f08c808e9154ac3f81e9ab3b9be51689398507f8812b5d6adb9""]",carbon_aware,15,6,2047005.112213295,PASS,,626652ea152d6f08c808e9154ac3f81e9ab3b9be51689398507f8812b5d6adb9,20,hybrid_500kg_or_30_minutes,proposed_500kg_or_30_minutes,100.0,66,15,20,PASS,9,6079.465594236902,613.5907070135092,13,4,17,25
15,"[""da3f2759cd9a43d25dd69ffef506f622812cc1b1c283f97ec31ea46c479b436f"",""ba31c522615c099f0b477fe198f65b33b5dbde8f3765b29a0dda1934ee855ad7"",""0ceba26dd5bc1979e5d05d4dab575691e833e28a690e2d03a04356b4a592e286"",""fe5aea033a1faf7b20bc3024a9ddf51de65c09c60473294552cc2f215c5ba9b0"",""9bdda022619f581f1350452921961b737e6bb72eb4e51fea813de9add059e92d"",""c887ec681a8d7f40d47a995a8b65a59c14ec37bf2d93675e2b0108ce70b17d0c"",""95b952419f7b2387915cb35b58daf09fdb7a0001984cda360840dbd18b671f80"",""4cbb3f77151a5adb03640939af192f3759835dc6c53c2ddf9ad0b7e6f2f3a61a"",""32ba86778856a525bf0e71169e3f49ea1c7623d264a43f8906f45fa563146923"",""c79fe3d659ac67dad85b0d8031880e714a83f25251ba57a0e799dcf0c32a3dca"",""620b3fae3e667927020096908c255f2f4d2cc8564db798a2ed1f95001b899232"",""be0c4c04065fd7cecc0dd30c14e40ea6018b54cec268a778cb3b7db9620200b7"",""f2fb82091873fbe55533575add39877ba676c4f478821f009c8820e8836f14e8"",""81a5b74326d8475515d6a86433e6043270ae645ea0ad48b6c5676c4a122a3de7"",""b37a9086c4250fa3b28a418d40048431165a3726983055c4ec68059499ce3029"",""626652ea152d6f08c808e9154ac3f81e9ab3b9be51689398507f8812b5d6adb9""]",carbon_blind,15,6,2047005.112213295,PASS,,626652ea152d6f08c808e9154ac3f81e9ab3b9be51689398507f8812b5d6adb9,20,hybrid_500kg_or_30_minutes,proposed_500kg_or_30_minutes,100.0,66,15,20,PASS,9,6079.465594236902,613.5907070135092,13,4,17,25
13,"[""27fe799363666b095e08064c1768cde0c42dd2d8ae6f2f00c11d87254bd85648"",""306618f3367a3f439de2dd2e36d8a8269351a0b470b09caef3a3c33e52405ce8"",""053b18b32b7f03b62869106dfb479109ffbcbfdc8754d2b5927e5e5c80179552"",""5d9916f7fafbe80229128d5d8ce1f812c000dda6ccb6c46e4e6bf09851b67423"",""50848252253a2dd6c97705707709d40e4cf81e4be101a0e4022509f9276b7c1e"",""0383390d10dc4a618eb18bd5f40f3a172cf4ae067d3dddac0d4ed1e6ab19f5f3"",""47e0a14445cefa1d4768dcc01c8acefe78d0d43faf26a3ba03744ab2c69bc8cf"",""42f2f1622ec2696fce1ebd1d072023c37db284634b6942397d169a44ce78fe78"",""fe889afb3182977b1fb2ca9ac0522964750facc577054de52c67ad83baba9176"",""a8581c158d5ae7f55dd5ec422a90cb09ebea68a7d9d5c5abdfaa09eb7bda34c3"",""385e42ead0f5405d47a04b6efedf70d2dad2dd52847bafd9bf864e0fc8c0a894"",""edba8d445357c018edb1097d8dc76006354bea77cec69a07e4f1cab01156ae36"",""b636289695b3a1938b22b8713299bbcc2aa0b793e9ef2502793427e0df3aac01"",""9123d9e56f7f0860ef26604280b15ce5fd992caaa37e98d44abe81c0712f7091""]",carbon_aware,13,21,2250259.1578860832,PASS,,9123d9e56f7f0860ef26604280b15ce5fd992caaa37e98d44abe81c0712f7091,20,hybrid_500kg_or_30_minutes,proposed_500kg_or_30_minutes,100.0,41,13,20,PASS,10,6229.41116730208,612.413592168679,13,4,17,20
13,"[""46b2a70d68ac3eb20973341971076de19e6d9368634574c3c45fdd473c43ac53"",""121310a09e57d0c55778f837a9405a907f913ba612a269415b8ef12c9bc95d9c"",""053b18b32b7f03b62869106dfb479109ffbcbfdc8754d2b5927e5e5c80179552"",""5d9916f7fafbe80229128d5d8ce1f812c000dda6ccb6c46e4e6bf09851b67423"",""50848252253a2dd6c97705707709d40e4cf81e4be101a0e4022509f9276b7c1e"",""83d6b0b54da44c8890f7968beffc17e774a2c2304a9997cec279a6d2a52edcdb"",""47e0a14445cefa1d4768dcc01c8acefe78d0d43faf26a3ba03744ab2c69bc8cf"",""42f2f1622ec2696fce1ebd1d072023c37db284634b6942397d169a44ce78fe78"",""b79142643b5bf1ac0cd33708ac9612840a52d8476be3cf1b6e368e6ed617aae5"",""c624572e9fc2257e5af1be5887e687bb4b4556c88c9e43b912a25b608823b34c"",""2fb625f988bc77801ce67f57fdb20a05898226471280eabfe4c193dcaca65229"",""edba8d445357c018edb1097d8dc76006354bea77cec69a07e4f1cab01156ae36"",""b636289695b3a1938b22b8713299bbcc2aa0b793e9ef2502793427e0df3aac01"",""9123d9e56f7f0860ef26604280b15ce5fd992caaa37e98d44abe81c0712f7091""]",carbon_blind,13,21,2250259.1578860832,PASS,,9123d9e56f7f0860ef26604280b15ce5fd992caaa37e98d44abe81c0712f7091,20,hybrid_500kg_or_30_minutes,proposed_500kg_or_30_minutes,100.0,41,13,20,PASS,10,6229.41116730208,612.413592168679,13,4,17,20
15,"[""9f5741ec6fbbd751f6147e000cce9706029d4ae55a8e1d480e3053c2b2bc28c6"",""46add4b187ac71c73e7fb22a11c2546b0757fdb9957820a6d2840391413bc24e"",""ff97b4fbaa6a06a2fc6ea238cada493f7885c8525221efdb0e81b6871dfa7e04"",""361574545cb1cf0503f7858395756914a82146de301a2cb3e737db522cfe710a"",""5c83a9fd4c71116bf118420d07afe5a70bcc849f7fe1536e7a2df656b7a43b31"",""9922fcabeef9644639cb02ad8084da02dfcc544f337344ef16674d0a20579a99"",""528811a4297635648d09c972097156243210d24697a659ee0ded6c02cfd84141"",""553c067cde48f7fae1fa5d89ed1f82798d7e313416dd680adb308af9071ad805"",""deb06ab899b9a4110930ae52e4b4e0a89780521f2cc0746310d80b64e40836f9"",""f09018a737af70cbe1dc863df0de50abf37a66bcc7b6ba3cf5104899a2df368f"",""8f35305638881f1b88e58e25ce7ee43d836d94b55d1ec08c8f2876a69b57b383"",""86eaaf5e11946f03bef0d3415fdd1f2aa1c2114762acd14e404dc479571271f6"",""bdef77884252d6548a8f7d0d7e642ebba945cfd57d9f75ca6210b7797a49fb47"",""edcfcecbe4cf07c8dc6f3942693389ea518066d577fa2b49c87da434f90fc216"",""cae0fc8c66aada6ebc4399ae2a7ceb993a37241fcd1eafac889bbca891f0f171"",""8c347e0719a48acdfcc7b669aeffd3cb46c68555ebafecda9653898d614f6354""]",carbon_aware,16,8,2050154.1154582251,SEARCH_NOT_FOUND,"{""carbon_aware"":""full HGS population produced no executable continuation; ValueError: E7_DYNAMIC_MULTITRIP_V1: no inherited asset can serve open route S16_OPEN_010 | ValueError: E7_DYNAMIC_MULTITRIP_V1: no inherited asset can serve open route PYVRP-0010 | ValueError: E7_DYNAMIC_MULTITRIP_V1: no inherited asset can serve open route PYVRP-0009"",""carbon_blind"":""full HGS population produced no executable continuation; ValueError: E7_DYNAMIC_MULTITRIP_V1: no inherited asset can serve open route S16_OPEN_010 | ValueError: E7_DYNAMIC_MULTITRIP_V1: no inherited asset can serve open route PYVRP-0010 | ValueError: E7_DYNAMIC_MULTITRIP_V1: no inherited asset can serve open route PYVRP-0009""}",8c347e0719a48acdfcc7b669aeffd3cb46c68555ebafecda9653898d614f6354,20,per_order,continuous_per_order,75.0,30,20,15,SEARCH_NOT_FOUND,1,5712.314077744818,559.7369822317039,12,4,16,15
15,"[""d72ec9bc788ec70cae066190fb32c72666332dc06155c68eac83b431f61cc601"",""46add4b187ac71c73e7fb22a11c2546b0757fdb9957820a6d2840391413bc24e"",""ff97b4fbaa6a06a2fc6ea238cada493f7885c8525221efdb0e81b6871dfa7e04"",""361574545cb1cf0503f7858395756914a82146de301a2cb3e737db522cfe710a"",""5c83a9fd4c71116bf118420d07afe5a70bcc849f7fe1536e7a2df656b7a43b31"",""9922fcabeef9644639cb02ad8084da02dfcc544f337344ef16674d0a20579a99"",""528811a4297635648d09c972097156243210d24697a659ee0ded6c02cfd84141"",""553c067cde48f7fae1fa5d89ed1f82798d7e313416dd680adb308af9071ad805"",""deb06ab899b9a4110930ae52e4b4e0a89780521f2cc0746310d80b64e40836f9"",""f09018a737af70cbe1dc863df0de50abf37a66bcc7b6ba3cf5104899a2df368f"",""8f35305638881f1b88e58e25ce7ee43d836d94b55d1ec08c8f2876a69b57b383"",""86eaaf5e11946f03bef0d3415fdd1f2aa1c2114762acd14e404dc479571271f6"",""bdef77884252d6548a8f7d0d7e642ebba945cfd57d9f75ca6210b7797a49fb47"",""edcfcecbe4cf07c8dc6f3942693389ea518066d577fa2b49c87da434f90fc216"",""cae0fc8c66aada6ebc4399ae2a7ceb993a37241fcd1eafac889bbca891f0f171"",""8c347e0719a48acdfcc7b669aeffd3cb46c68555ebafecda9653898d614f6354""]",carbon_blind,16,8,2050154.1154582251,SEARCH_NOT_FOUND,"{""carbon_aware"":""full HGS population produced no executable continuation; ValueError: E7_DYNAMIC_MULTITRIP_V1: no inherited asset can serve open route S16_OPEN_010 | ValueError: E7_DYNAMIC_MULTITRIP_V1: no inherited asset can serve open route PYVRP-0010 | ValueError: E7_DYNAMIC_MULTITRIP_V1: no inherited asset can serve open route PYVRP-0009"",""carbon_blind"":""full HGS population produced no executable continuation; ValueError: E7_DYNAMIC_MULTITRIP_V1: no inherited asset can serve open route S16_OPEN_010 | ValueError: E7_DYNAMIC_MULTITRIP_V1: no inherited asset can serve open route PYVRP-0010 | ValueError: E7_DYNAMIC_MULTITRIP_V1: no inherited asset can serve open route PYVRP-0009""}",8c347e0719a48acdfcc7b669aeffd3cb46c68555ebafecda9653898d614f6354,20,per_order,continuous_per_order,75.0,30,20,15,SEARCH_NOT_FOUND,1,5712.314077744818,559.7369822317039,12,4,16,15
20,"[""21b0c6f232e4aa8c9322d2100c9e73591188c08477851a2cd282bb9317c2abe0"",""90021d668382ae5af9b5857c9b3558c570890ba24749c84c8bbece559161c11d"",""6f11d118c7d98271998378deea203dc01db11790dae9f2efada157480c80afa4"",""1811d63becb943682f59b671c7118cd1c6a7f6ba3f77e42d9b4577392a2c93e6"",""894b242eb48280ca488f0a2d4deb0eb6545d122c1048bbe9eb040c801719a7f0"",""090ea84c3b03ea43011ec51c40b0fbe2d722c89408e07047dcbd667c4488c18d"",""b9988907e633ebc717b3871e3405a1c550151ac2038aae6832fc5d66ab5fb505"",""db886e920463875740341ca249b9975a979be04b6dbed32a3ef4b305553ff783"",""a62dbeffc99e411ac008dccf3ed30371fa242be7b673303a20880ad4d1d9cb6e"",""f7009f575b68d9a58556d256268cbfe5f904e6e9f62ee377d9cf182ff9b29679"",""7b9e6dc85747a8ef4189892ac7efb02895199f6563a83a825a91e1c96f19b716"",""a922da0ae593e0c8a1a997b91ba93f16ea98d9fdf829cf797d3f62e43cd35080"",""e8b49470f593d6300b79f225c8f81bdff266a6ce8ddeca1b1b2fcdf6ba97d30d"",""c6c0b51dab9e1eddc29f5bbd9b03e397b17509b738fb9e7ea07bc85776dcb4ce"",""3faef5007bc40d2fd50f2c21c64d6a2d4bd3b75fd2fbf09f759ab0b3e1e69658"",""d17bdc9adc1310e9c5788be8f88d036b7cdf2a618f09d87de0725ce957cd9545"",""dae270c0f63e2fe16719f7cbb45bc222e4709c40bc13f97db4c15d3e59ea1d4b"",""d132bc9c31ff34040041aa7db6b504ba9d180c0681de521bd52ae1a4fecc8e0e"",""93f491b3889db7aa9e3c07bb25fa7cec8136d8ed21c72b80a430e565ec136c8c"",""86659d9747ce56d374a2489f0f1dc043377c9a3525d07a69f2b45b62763cd79a"",""59e69536199d6df72b6ac9acf5bc46e800bbbb0ef4dfe5c81d0dc96e3c15d8d0""]",carbon_aware,20,9,2098188.320878433,PASS,,59e69536199d6df72b6ac9acf5bc46e800bbbb0ef4dfe5c81d0dc96e3c15d8d0,20,per_order,continuous_per_order,100.0,56,20,20,PASS,2,5743.812853327885,560.2598166455606,12,4,16,23
20,"[""503dbd06d77d2674dfcb713c6ccc5684119d8d755e2bf21b56f0d72f23facb89"",""90021d668382ae5af9b5857c9b3558c570890ba24749c84c8bbece559161c11d"",""6f11d118c7d98271998378deea203dc01db11790dae9f2efada157480c80afa4"",""1811d63becb943682f59b671c7118cd1c6a7f6ba3f77e42d9b4577392a2c93e6"",""894b242eb48280ca488f0a2d4deb0eb6545d122c1048bbe9eb040c801719a7f0"",""090ea84c3b03ea43011ec51c40b0fbe2d722c89408e07047dcbd667c4488c18d"",""b9988907e633ebc717b3871e3405a1c550151ac2038aae6832fc5d66ab5fb505"",""db886e920463875740341ca249b9975a979be04b6dbed32a3ef4b305553ff783"",""a62dbeffc99e411ac008dccf3ed30371fa242be7b673303a20880ad4d1d9cb6e"",""f7009f575b68d9a58556d256268cbfe5f904e6e9f62ee377d9cf182ff9b29679"",""7b9e6dc85747a8ef4189892ac7efb02895199f6563a83a825a91e1c96f19b716"",""a922da0ae593e0c8a1a997b91ba93f16ea98d9fdf829cf797d3f62e43cd35080"",""e8b49470f593d6300b79f225c8f81bdff266a6ce8ddeca1b1b2fcdf6ba97d30d"",""c6c0b51dab9e1eddc29f5bbd9b03e397b17509b738fb9e7ea07bc85776dcb4ce"",""3faef5007bc40d2fd50f2c21c64d6a2d4bd3b75fd2fbf09f759ab0b3e1e69658"",""d17bdc9adc1310e9c5788be8f88d036b7cdf2a618f09d87de0725ce957cd9545"",""dae270c0f63e2fe16719f7cbb45bc222e4709c40bc13f97db4c15d3e59ea1d4b"",""d132bc9c31ff34040041aa7db6b504ba9d180c0681de521bd52ae1a4fecc8e0e"",""93f491b3889db7aa9e3c07bb25fa7cec8136d8ed21c72b80a430e565ec136c8c"",""86659d9747ce56d374a2489f0f1dc043377c9a3525d07a69f2b45b62763cd79a"",""59e69536199d6df72b6ac9acf5bc46e800bbbb0ef4dfe5c81d0dc96e3c15d8d0""]",carbon_blind,20,9,2098188.320878433,PASS,,59e69536199d6df72b6ac9acf5bc46e800bbbb0ef4dfe5c81d0dc96e3c15d8d0,20,per_order,continuous_per_order,100.0,56,20,20,PASS,2,5743.812853327885,560.2598166455606,12,4,16,23
20,"[""209df823fc60bef0459b837d609d70c72ef58a09b88d17c0f297d772af38a2ab"",""4a906d249682a4155d73631d7ea0ac1f3ae4077a4b21a4b40028893339a8ac7f"",""67467737fe7a95da52f327c58e3c58a965fa4a6556378defe9c7688ec9bb8018"",""86aef103c7c988b82bff98360b7ce2d2558c6063c2d0ebc2b1bd58d84e434ece"",""2df1192ae4565186e282fcadf966a2161a1e18124b1367ab7589e4cbd79265ec"",""6f0ca63551b99e937c47c8ba7dda00a1af4df37fbe90d6dfc43f3a2fa2aaa9d3"",""5ca860f587033b46c09e170ac656445c44e0c1d6579cc06ce393906a4c1098ee"",""3a28d2518c7d3bb0456179ca07136885d6ee9881ef16f7bbfb8203b5172e93ed"",""1ca13c8f57c92550ed6d1212e5858f6e77da8e896c2f47bd3e567c1961a8842e"",""4381b73c3eed47ca36b43642acb941e9d06642bff0660090a1439a1cec29af33"",""2839286aaf29db8c2549c3cf67d5d0a056aca733bdad0c896d0d1354d1abfa21"",""fc183b31c02326ed11c1292097fb22a07716ea6ff132ad7bc4b0b82fc02ed820"",""19bc3754a1a04d9ee00dfd0322f225faca32bd33e28ccde9efeb860a7c8b5f23"",""df0d5bd9dd82bd2260316b93188fbb67c7499f0576eacbd692cfeeb36c867cd1"",""d1ed905bf2713410840fdfe94c809ea4c08593fd7acf4cdb89dafd6ace58afe1"",""e152418890cd637a271638ca83e240992eb92045e87c149975b4816cacdaab02"",""afcb3fabba39434173f5c55ee182ed8c737078edcc40635a84c280ae4eca0c6c"",""d7741be8ebf2bf93461575027eab272044b0cd99698f6ed8541ac151b138267a"",""8aa9f5ab7ddc68687a82d95139e7ce87b9bcf7fa78c090a27d89a321d0218e6f"",""58423b2dc321ff01ab0b18da43d3b8b15819c366e8d3c93d6daaa8b983c6570b"",""64a4cbba323fb24ef174027d111fd735a520b3b2cba6257aceba05e367c8b5e7""]",carbon_aware,20,10,2069854.31811192,PASS,,64a4cbba323fb24ef174027d111fd735a520b3b2cba6257aceba05e367c8b5e7,20,per_order,continuous_per_order,100.0,72,20,20,PASS,3,5961.159650861105,571.7162666184729,13,4,17,28
20,"[""4fdcf1bf4790d2d1a739b0e1a916c8061b692aa008a8ffe2abb53d5b74f21cd6"",""4a906d249682a4155d73631d7ea0ac1f3ae4077a4b21a4b40028893339a8ac7f"",""67467737fe7a95da52f327c58e3c58a965fa4a6556378defe9c7688ec9bb8018"",""86aef103c7c988b82bff98360b7ce2d2558c6063c2d0ebc2b1bd58d84e434ece"",""2df1192ae4565186e282fcadf966a2161a1e18124b1367ab7589e4cbd79265ec"",""6f0ca63551b99e937c47c8ba7dda00a1af4df37fbe90d6dfc43f3a2fa2aaa9d3"",""5ca860f587033b46c09e170ac656445c44e0c1d6579cc06ce393906a4c1098ee"",""3a28d2518c7d3bb0456179ca07136885d6ee9881ef16f7bbfb8203b5172e93ed"",""1ca13c8f57c92550ed6d1212e5858f6e77da8e896c2f47bd3e567c1961a8842e"",""4381b73c3eed47ca36b43642acb941e9d06642bff0660090a1439a1cec29af33"",""2839286aaf29db8c2549c3cf67d5d0a056aca733bdad0c896d0d1354d1abfa21"",""fc183b31c02326ed11c1292097fb22a07716ea6ff132ad7bc4b0b82fc02ed820"",""19bc3754a1a04d9ee00dfd0322f225faca32bd33e28ccde9efeb860a7c8b5f23"",""df0d5bd9dd82bd2260316b93188fbb67c7499f0576eacbd692cfeeb36c867cd1"",""d1ed905bf2713410840fdfe94c809ea4c08593fd7acf4cdb89dafd6ace58afe1"",""e152418890cd637a271638ca83e240992eb92045e87c149975b4816cacdaab02"",""afcb3fabba39434173f5c55ee182ed8c737078edcc40635a84c280ae4eca0c6c"",""d7741be8ebf2bf93461575027eab272044b0cd99698f6ed8541ac151b138267a"",""8aa9f5ab7ddc68687a82d95139e7ce87b9bcf7fa78c090a27d89a321d0218e6f"",""58423b2dc321ff01ab0b18da43d3b8b15819c366e8d3c93d6daaa8b983c6570b"",""64a4cbba323fb24ef174027d111fd735a520b3b2cba6257aceba05e367c8b5e7""]",carbon_blind,20,10,2069854.31811192,PASS,,64a4cbba323fb24ef174027d111fd735a520b3b2cba6257aceba05e367c8b5e7,20,per_order,continuous_per_order,100.0,72,20,20,PASS,3,5961.159650861105,571.7162666184729,13,4,17,28
20,"[""d8490282a79015925c0f6e94bfebc067d4c9e7e895f70b994cdfa808d67b47f8"",""d4a380484d9aae7cf60fda2bdbb26e0904667106d14e93b878fda7b7751b0c8e"",""747bdd2e25c45b9142fce5500a73b232f948bb3f058947e89af510893d0cafda"",""241997aa00f7fa232839590ef4ce4d5ec7b952ff340bce422df77ba6df22d11b"",""655df45bc986b5cc5fcb11f78b2032a4e0aa3d32d53de189623b585e4a982cb8"",""a4c72041b44ef3ca74bcbf907bd9a6bae9402ae66f5a20ffe7780199c436577c"",""0797441bee92bdd852425112b947b286b293bba8c9e0355835d5fb9581f7181a"",""1ff7121017405c7b6e901d48093de4dd4f44178ef39d821854757f2e6a32932e"",""be9c8fbca811afdca7533a29032b3941726d175c5b7dd0ca61db8e598ce270cc"",""d837e171a0f98d49d5d9a51c3b6dc5aa0a09e65a27628bf83cbb5f1e54d74efd"",""b0cc2582dfb87147275adefe9f1a07b7e735d2077380ade0ebbd9cbfbca6a209"",""959700975075758df5a930e59e9cdeb9bf4aa60890a4659fdf8b5d203abe3ec1"",""876944bce807d9d6aeff0a71f7b50425e4f896e1254896542f69e59f18be78c9"",""fac051f9ba04dcfa5dd3cc4575e75636bf5313325b47816e5c782b25d1671d7f"",""00ecab9271575f66969e08eb38570b22650c441c754cfb29d42c603b10e2926c"",""a9924b5b386f2c84f25e18cb1a9e3204f4bc69d491a50915ac16395daacd69d1"",""def14da59438c42dafb33a80a425c687d4639c5951f1c53084d0c96c51884b81"",""a609895f1b6e776e5457e25862b4ebdf6a07ce9f35775136eec0f75b650a73c3"",""ed074c4ec8038c2ccb3510d4f326205dc35a1c71dd521b50af82391d48f3fab6"",""1b0faab692f7d830a2213616f87fb57c92b9b7efe6c850abd450df49605a350c"",""c003ab1465cf2ab5f427cb7f8648fb2442d55996834c4dbf71a25570f8d07229""]",carbon_aware,20,7,2182466.199240292,PASS,,c003ab1465cf2ab5f427cb7f8648fb2442d55996834c4dbf71a25570f8d07229,20,per_order,continuous_per_order,100.0,40,20,20,PASS,4,6152.850073905602,615.0326082727169,13,4,17,20
20,"[""dc009266dd6991d8af7ee3eb9efbb6f0c9175bb1fe7e5b6197ac68bcfdce28bc"",""d4a380484d9aae7cf60fda2bdbb26e0904667106d14e93b878fda7b7751b0c8e"",""747bdd2e25c45b9142fce5500a73b232f948bb3f058947e89af510893d0cafda"",""241997aa00f7fa232839590ef4ce4d5ec7b952ff340bce422df77ba6df22d11b"",""655df45bc986b5cc5fcb11f78b2032a4e0aa3d32d53de189623b585e4a982cb8"",""a4c72041b44ef3ca74bcbf907bd9a6bae9402ae66f5a20ffe7780199c436577c"",""0797441bee92bdd852425112b947b286b293bba8c9e0355835d5fb9581f7181a"",""1ff7121017405c7b6e901d48093de4dd4f44178ef39d821854757f2e6a32932e"",""be9c8fbca811afdca7533a29032b3941726d175c5b7dd0ca61db8e598ce270cc"",""d837e171a0f98d49d5d9a51c3b6dc5aa0a09e65a27628bf83cbb5f1e54d74efd"",""b0cc2582dfb87147275adefe9f1a07b7e735d2077380ade0ebbd9cbfbca6a209"",""959700975075758df5a930e59e9cdeb9bf4aa60890a4659fdf8b5d203abe3ec1"",""876944bce807d9d6aeff0a71f7b50425e4f896e1254896542f69e59f18be78c9"",""fac051f9ba04dcfa5dd3cc4575e75636bf5313325b47816e5c782b25d1671d7f"",""00ecab9271575f66969e08eb38570b22650c441c754cfb29d42c603b10e2926c"",""a9924b5b386f2c84f25e18cb1a9e3204f4bc69d491a50915ac16395daacd69d1"",""def14da59438c42dafb33a80a425c687d4639c5951f1c53084d0c96c51884b81"",""a609895f1b6e776e5457e25862b4ebdf6a07ce9f35775136eec0f75b650a73c3"",""ed074c4ec8038c2ccb3510d4f326205dc35a1c71dd521b50af82391d48f3fab6"",""1b0faab692f7d830a2213616f87fb57c92b9b7efe6c850abd450df49605a350c"",""c003ab1465cf2ab5f427cb7f8648fb2442d55996834c4dbf71a25570f8d07229""]",carbon_blind,20,7,2182466.199240292,PASS,,c003ab1465cf2ab5f427cb7f8648fb2442d55996834c4dbf71a25570f8d07229,20,per_order,continuous_per_order,100.0,40,20,20,PASS,4,6152.850073905602,615.0326082727169,13,4,17,20
10,"[""17fb16661f7ef06aec499f7a2651db8aa40e655acc27d32ae41ef64343be54ce"",""7bec6bbc4d5172f4c887959bf577f42292d45e7f01ecd1a71d7f34311e0db88e"",""d6329c9e9a7af02fc6716c979e0536deb06d5020670da4b230069252ae6afc0e"",""432991420ad9e2a93ad2e656ad48d881a9f8dae169cd3f33a152ba25787c67a4"",""bbc464ec713e27f3f8a5133393af3dae58d8cb92ccd89c28bc3688f2b4f82e3d"",""b3510d882b30a166b477264a8edc45ee1e135b72c3700267481405ee7e8402b8"",""da5e2790637d0d74d7c04485398ec70a5e62020007c69159ceb00f2ac3a63f18"",""3c316a681b034b38c2f71a02b48fde83c56eea2509209c91aa3c5ba865dce91d"",""ad89970a50799adc7dfe8f3beb1ef6b22a793d30726bf52b9c3b2bed703f96c6"",""a778c922c55b267e33c9e939e6d641d6e9bfafb9c4fc385b2f3479fcc6c070a5"",""c32ddc4ccf1424b99a4ddaae10f22fb6acecf3c9009f88b31a31b4b38e3a98c7""]",carbon_aware,11,5,1729463.791300138,SEARCH_NOT_FOUND,"{""carbon_aware"":""full HGS population produced no executable continuation; ValueError: E7_DYNAMIC_MULTITRIP_V1: no inherited asset can serve open route S11_OPEN_021 | ValueError: E7_DYNAMIC_MULTITRIP_V1: no inherited asset can serve open route PYVRP-0014 | ValueError: E7_DYNAMIC_MULTITRIP_V1: no inherited asset can serve open route PYVRP-0013"",""carbon_blind"":""full HGS population produced no executable continuation; ValueError: E7_DYNAMIC_MULTITRIP_V1: no inherited asset can serve open route S11_OPEN_021 | ValueError: E7_DYNAMIC_MULTITRIP_V1: no inherited asset can serve open route PYVRP-0014 | ValueError: E7_DYNAMIC_MULTITRIP_V1: no inherited asset can serve open route PYVRP-0013""}",c32ddc4ccf1424b99a4ddaae10f22fb6acecf3c9009f88b31a31b4b38e3a98c7,20,per_order,continuous_per_order,50.0,20,20,10,SEARCH_NOT_FOUND,5,4842.930323907853,498.2119837155296,9,4,13,10
10,"[""d99874199ca2922ef64748abd37b43452ec5abf5367d1c7c2be32247d9267d65"",""7bec6bbc4d5172f4c887959bf577f42292d45e7f01ecd1a71d7f34311e0db88e"",""d6329c9e9a7af02fc6716c979e0536deb06d5020670da4b230069252ae6afc0e"",""432991420ad9e2a93ad2e656ad48d881a9f8dae169cd3f33a152ba25787c67a4"",""bbc464ec713e27f3f8a5133393af3dae58d8cb92ccd89c28bc3688f2b4f82e3d"",""b3510d882b30a166b477264a8edc45ee1e135b72c3700267481405ee7e8402b8"",""da5e2790637d0d74d7c04485398ec70a5e62020007c69159ceb00f2ac3a63f18"",""3c316a681b034b38c2f71a02b48fde83c56eea2509209c91aa3c5ba865dce91d"",""ad89970a50799adc7dfe8f3beb1ef6b22a793d30726bf52b9c3b2bed703f96c6"",""a778c922c55b267e33c9e939e6d641d6e9bfafb9c4fc385b2f3479fcc6c070a5"",""c32ddc4ccf1424b99a4ddaae10f22fb6acecf3c9009f88b31a31b4b38e3a98c7""]",carbon_blind,11,5,1729463.791300138,SEARCH_NOT_FOUND,"{""carbon_aware"":""full HGS population produced no executable continuation; ValueError: E7_DYNAMIC_MULTITRIP_V1: no inherited asset can serve open route S11_OPEN_021 | ValueError: E7_DYNAMIC_MULTITRIP_V1: no inherited asset can serve open route PYVRP-0014 | ValueError: E7_DYNAMIC_MULTITRIP_V1: no inherited asset can serve open route PYVRP-0013"",""carbon_blind"":""full HGS population produced no executable continuation; ValueError: E7_DYNAMIC_MULTITRIP_V1: no inherited asset can serve open route S11_OPEN_021 | ValueError: E7_DYNAMIC_MULTITRIP_V1: no inherited asset can serve open route PYVRP-0014 | ValueError: E7_DYNAMIC_MULTITRIP_V1: no inherited asset can serve open route PYVRP-0013""}",c32ddc4ccf1424b99a4ddaae10f22fb6acecf3c9009f88b31a31b4b38e3a98c7,20,per_order,continuous_per_order,50.0,20,20,10,SEARCH_NOT_FOUND,5,4842.930323907853,498.2119837155296,9,4,13,10
8,"[""c03fcbe39edf518a5d2debef6e64b92e7171f0bef93fbe39f93a684fb321f862"",""e0e4dd48ab3fed0fffa959e99dcb700cca7f10da46ae3f360d46dd336ee7549c"",""885b19fbc0781c8a2677303a7d273027ff4cd9f383b00cf82f1bbbf1bc8fa519"",""7ccfb7910be9ecdcd30d04c773e179993a7616e0cabb5ee007063828c97767b6"",""b9167e82055ead9545fd63aa982b80cde30886c2dc8e97375031d284f5618c9e"",""cdd3f8e8ddc599d7fa8925b1b2b8deb27435c861e3699db3b270e336f99f1067"",""4c89bc4ce78ef63dc178675b73323162972b26647967a27bfab5c8347329b8b0"",""fd0ccfe72960d7d0ce4944149f10a1051eea0af3cc61ce5f8fdb7ca798be29ab"",""2d46b7f9cf9525d350ca9d639f4c3c8d28e78ad2245ae90866a0aaf304602399""]",carbon_aware,9,6,1621653.928584059,SEARCH_NOT_FOUND,"{""carbon_aware"":""full HGS population produced no executable continuation; ValueError: E7_DYNAMIC_MULTITRIP_V1: no inherited asset can serve open route S9_OPEN_009 | ValueError: E7_DYNAMIC_MULTITRIP_V1: no inherited asset can serve open route PYVRP-0010 | ValueError: E7_DYNAMIC_MULTITRIP_V1: no inherited asset can serve open route PYVRP-0013"",""carbon_blind"":""full HGS population produced no executable continuation; ValueError: E7_DYNAMIC_MULTITRIP_V1: no inherited asset can serve open route S9_OPEN_009 | ValueError: E7_DYNAMIC_MULTITRIP_V1: no inherited asset can serve open route PYVRP-0010 | ValueError: E7_DYNAMIC_MULTITRIP_V1: no inherited asset can serve open route PYVRP-0013""}",2d46b7f9cf9525d350ca9d639f4c3c8d28e78ad2245ae90866a0aaf304602399,20,per_order,continuous_per_order,40.0,16,20,8,SEARCH_NOT_FOUND,6,4741.834651040694,441.1028092433243,10,4,14,8
8,"[""1db2de0c2fe8323480689e69cd395b73834ca0e540903dff7b15b3c872b07b8e"",""e0e4dd48ab3fed0fffa959e99dcb700cca7f10da46ae3f360d46dd336ee7549c"",""885b19fbc0781c8a2677303a7d273027ff4cd9f383b00cf82f1bbbf1bc8fa519"",""7ccfb7910be9ecdcd30d04c773e179993a7616e0cabb5ee007063828c97767b6"",""b9167e82055ead9545fd63aa982b80cde30886c2dc8e97375031d284f5618c9e"",""cdd3f8e8ddc599d7fa8925b1b2b8deb27435c861e3699db3b270e336f99f1067"",""4c89bc4ce78ef63dc178675b73323162972b26647967a27bfab5c8347329b8b0"",""fd0ccfe72960d7d0ce4944149f10a1051eea0af3cc61ce5f8fdb7ca798be29ab"",""2d46b7f9cf9525d350ca9d639f4c3c8d28e78ad2245ae90866a0aaf304602399""]",carbon_blind,9,6,1621653.928584059,SEARCH_NOT_FOUND,"{""carbon_aware"":""full HGS population produced no executable continuation; ValueError: E7_DYNAMIC_MULTITRIP_V1: no inherited asset can serve open route S9_OPEN_009 | ValueError: E7_DYNAMIC_MULTITRIP_V1: no inherited asset can serve open route PYVRP-0010 | ValueError: E7_DYNAMIC_MULTITRIP_V1: no inherited asset can serve open route PYVRP-0013"",""carbon_blind"":""full HGS population produced no executable continuation; ValueError: E7_DYNAMIC_MULTITRIP_V1: no inherited asset can serve open route S9_OPEN_009 | ValueError: E7_DYNAMIC_MULTITRIP_V1: no inherited asset can serve open route PYVRP-0010 | ValueError: E7_DYNAMIC_MULTITRIP_V1: no inherited asset can serve open route PYVRP-0013""}",2d46b7f9cf9525d350ca9d639f4c3c8d28e78ad2245ae90866a0aaf304602399,20,per_order,continuous_per_order,40.0,16,20,8,SEARCH_NOT_FOUND,6,4741.834651040694,441.1028092433243,10,4,14,8
18,"[""2cdbc6ffd87e9d4b6c2791eb74c4ba724e8db012e528a3083ebe6b623a672ccc"",""ccb48b60c2b0e4d740550cff1200c62dc40a57ff1af85fabce5615ccb0bfe930"",""b54096f559c0415796747072e1a162ba502187be6f254457e4e3d42dab7c836c"",""7559b0a9bf30778b787c096ddfee0e80a440097ffe33df0e9fcc1bd10050a698"",""d6d1fbbad79f2d3b57197925b9bd22478203a01adae9d8d670f070c96e2677f8"",""903df241ba9db50e182f74c7eef04d32a11a8c9ea178715bcc574d4f86f76a75"",""2247cbfa311be9e51305c17465db9f619b3541eed7b36df899ea7c159cb63fdb"",""21241d9725aea995490fb5a27e17bf9b3f30757b9948945764eda0f5c22b4dea"",""901d2bbfbf6cc0ba40bf40aea38e8bd71cf9be7c9638fed6f55c714846a2850a"",""60071acca9eb143d85a56cad3baa95088ff928d41c16efb277ebc935f744f877"",""237bcfec996b4b85888c7c3e26f6212116d09dba910be7d249dcd47c22a789fe"",""1c45699f2167a5ada251f6b1b2d40ab30d4ca8a2322ec0ebbe4004d0fa0f0c9b"",""8ced1da13e3e5048ec3cab601f1c31f7ac00ee810ed012cc24d8fed327442c3a"",""b9c8367efadd401f23aa0ae435eb3b3650889cf3c05c0c287cbead70d6f0160f"",""0ca815112ca979c7be9a97ee1f8639a5c7196b1a21d90308208ba02a66c82688"",""359ce1f304262827cef2328a01a7aec01cea4096e6507ebea3032a53449fabbd"",""c09632074c775d81aca596e8f077d7e38a548508ee7a47a8025c05a44c22a56c"",""f90128085a518e9f55c854f1a13d0c945d8a2d8003d0c32a13c9251743647e66"",""08ec800a41c81c53a6422804be02328b7695315c1f6fdd0ce0557194e5d39af4""]",carbon_aware,19,7,2135112.229608143,SEARCH_NOT_FOUND,"{""carbon_aware"":""full HGS population produced no executable continuation; ValueError: E7_DYNAMIC_MULTITRIP_V1: no inherited asset can serve open route S19_ADD_ADD_009_C044 | ValueError: E7_DYNAMIC_MULTITRIP_V1: no inherited asset can serve open route PYVRP-0004 | ValueError: E7_DYNAMIC_MULTITRIP_V1: no inherited asset can serve open route PYVRP-0004"",""carbon_blind"":""full HGS population produced no executable continuation; ValueError: E7_DYNAMIC_MULTITRIP_V1: no inherited asset can serve open route S19_ADD_ADD_009_C044 | ValueError: E7_DYNAMIC_MULTITRIP_V1: no inherited asset can serve open route PYVRP-0004 | ValueError: E7_DYNAMIC_MULTITRIP_V1: no inherited asset can serve open route PYVRP-0004""}",08ec800a41c81c53a6422804be02328b7695315c1f6fdd0ce0557194e5d39af4,20,per_order,continuous_per_order,90.0,36,20,18,SEARCH_NOT_FOUND,7,5889.934749589404,595.055247426286,12,4,16,18
18,"[""ecfc51ad54e235cd98c6223e022c49137487485a6dc23c8ab01fd8094904d58d"",""ccb48b60c2b0e4d740550cff1200c62dc40a57ff1af85fabce5615ccb0bfe930"",""b54096f559c0415796747072e1a162ba502187be6f254457e4e3d42dab7c836c"",""7559b0a9bf30778b787c096ddfee0e80a440097ffe33df0e9fcc1bd10050a698"",""d6d1fbbad79f2d3b57197925b9bd22478203a01adae9d8d670f070c96e2677f8"",""903df241ba9db50e182f74c7eef04d32a11a8c9ea178715bcc574d4f86f76a75"",""2247cbfa311be9e51305c17465db9f619b3541eed7b36df899ea7c159cb63fdb"",""21241d9725aea995490fb5a27e17bf9b3f30757b9948945764eda0f5c22b4dea"",""901d2bbfbf6cc0ba40bf40aea38e8bd71cf9be7c9638fed6f55c714846a2850a"",""60071acca9eb143d85a56cad3baa95088ff928d41c16efb277ebc935f744f877"",""237bcfec996b4b85888c7c3e26f6212116d09dba910be7d249dcd47c22a789fe"",""1c45699f2167a5ada251f6b1b2d40ab30d4ca8a2322ec0ebbe4004d0fa0f0c9b"",""8ced1da13e3e5048ec3cab601f1c31f7ac00ee810ed012cc24d8fed327442c3a"",""b9c8367efadd401f23aa0ae435eb3b3650889cf3c05c0c287cbead70d6f0160f"",""0ca815112ca979c7be9a97ee1f8639a5c7196b1a21d90308208ba02a66c82688"",""359ce1f304262827cef2328a01a7aec01cea4096e6507ebea3032a53449fabbd"",""c09632074c775d81aca596e8f077d7e38a548508ee7a47a8025c05a44c22a56c"",""f90128085a518e9f55c854f1a13d0c945d8a2d8003d0c32a13c9251743647e66"",""08ec800a41c81c53a6422804be02328b7695315c1f6fdd0ce0557194e5d39af4""]",carbon_blind,19,7,2135112.229608143,SEARCH_NOT_FOUND,"{""carbon_aware"":""full HGS population produced no executable continuation; ValueError: E7_DYNAMIC_MULTITRIP_V1: no inherited asset can serve open route S19_ADD_ADD_009_C044 | ValueError: E7_DYNAMIC_MULTITRIP_V1: no inherited asset can serve open route PYVRP-0004 | ValueError: E7_DYNAMIC_MULTITRIP_V1: no inherited asset can serve open route PYVRP-0004"",""carbon_blind"":""full HGS population produced no executable continuation; ValueError: E7_DYNAMIC_MULTITRIP_V1: no inherited asset can serve open route S19_ADD_ADD_009_C044 | ValueError: E7_DYNAMIC_MULTITRIP_V1: no inherited asset can serve open route PYVRP-0004 | ValueError: E7_DYNAMIC_MULTITRIP_V1: no inherited asset can serve open route PYVRP-0004""}",08ec800a41c81c53a6422804be02328b7695315c1f6fdd0ce0557194e5d39af4,20,per_order,continuous_per_order,90.0,36,20,18,SEARCH_NOT_FOUND,7,5889.934749589404,595.055247426286,12,4,16,18
4,"[""487caed61455bc9d803adf1e9befa5d58dbf83cc68ec24fea8112797463ab174"",""7db14a6d80106aa9f8cec7f60882dffff887cd9c0a9b69988256a8ed94aa6ff4"",""05e8de8055619dd2d9122dbf19402fb59b8a8a577a2c00ddc499f0279da11dba"",""df3105f38bf4086d7cc837c73434aca3615a8e176a71eda636153895a59ad057"",""0d4e6fd45634213851685025e8f3ea71601767a1e57714daacad1c8f0fe51c53""]",carbon_aware,5,6,1396473.898942957,SEARCH_NOT_FOUND,"{""carbon_aware"":""full HGS population produced no executable continuation; ValueError: E7_DYNAMIC_MULTITRIP_V1: no inherited asset can serve open route S5_OPEN_005 | ValueError: E7_DYNAMIC_MULTITRIP_V1: no inherited asset can serve open route PYVRP-0014 | ValueError: E7_DYNAMIC_MULTITRIP_V1: no inherited asset can serve open route PYVRP-0008"",""carbon_blind"":""full HGS population produced no executable continuation; ValueError: E7_DYNAMIC_MULTITRIP_V1: no inherited asset can serve open route S5_OPEN_005 | ValueError: E7_DYNAMIC_MULTITRIP_V1: no inherited asset can serve open route PYVRP-0014 | ValueError: E7_DYNAMIC_MULTITRIP_V1: no inherited asset can serve open route PYVRP-0008""}",0d4e6fd45634213851685025e8f3ea71601767a1e57714daacad1c8f0fe51c53,20,per_order,continuous_per_order,20.0,8,20,4,SEARCH_NOT_FOUND,8,4173.31219342516,364.1802362884841,9,4,13,4
4,"[""57d48607067eab23d6a862113a063175bd41eabb0cb039ff48cfb4c183d967b4"",""7db14a6d80106aa9f8cec7f60882dffff887cd9c0a9b69988256a8ed94aa6ff4"",""05e8de8055619dd2d9122dbf19402fb59b8a8a577a2c00ddc499f0279da11dba"",""df3105f38bf4086d7cc837c73434aca3615a8e176a71eda636153895a59ad057"",""0d4e6fd45634213851685025e8f3ea71601767a1e57714daacad1c8f0fe51c53""]",carbon_blind,5,6,1396473.898942957,SEARCH_NOT_FOUND,"{""carbon_aware"":""full HGS population produced no executable continuation; ValueError: E7_DYNAMIC_MULTITRIP_V1: no inherited asset can serve open route S5_OPEN_005 | ValueError: E7_DYNAMIC_MULTITRIP_V1: no inherited asset can serve open route PYVRP-0014 | ValueError: E7_DYNAMIC_MULTITRIP_V1: no inherited asset can serve open route PYVRP-0008"",""carbon_blind"":""full HGS population produced no executable continuation; ValueError: E7_DYNAMIC_MULTITRIP_V1: no inherited asset can serve open route S5_OPEN_005 | ValueError: E7_DYNAMIC_MULTITRIP_V1: no inherited asset can serve open route PYVRP-0014 | ValueError: E7_DYNAMIC_MULTITRIP_V1: no inherited asset can serve open route PYVRP-0008""}",0d4e6fd45634213851685025e8f3ea71601767a1e57714daacad1c8f0fe51c53,20,per_order,continuous_per_order,20.0,8,20,4,SEARCH_NOT_FOUND,8,4173.31219342516,364.1802362884841,9,4,13,4
20,"[""7816f1ab3ed742ac35f73d71aed240aaaa613c91a39f9bf3b46ccd84e41c888d"",""22aac4168da56b7f9e2a695b6d4f3f85ea984e617112d222f5d458709ed1abd2"",""ba31c522615c099f0b477fe198f65b33b5dbde8f3765b29a0dda1934ee855ad7"",""0ceba26dd5bc1979e5d05d4dab575691e833e28a690e2d03a04356b4a592e286"",""fe5aea033a1faf7b20bc3024a9ddf51de65c09c60473294552cc2f215c5ba9b0"",""9bdda022619f581f1350452921961b737e6bb72eb4e51fea813de9add059e92d"",""c887ec681a8d7f40d47a995a8b65a59c14ec37bf2d93675e2b0108ce70b17d0c"",""211ce3b656551c1c7f83a36c3efeb7bedba2cd516444b1d0b29cd7e25d2ee88c"",""95b952419f7b2387915cb35b58daf09fdb7a0001984cda360840dbd18b671f80"",""4cbb3f77151a5adb03640939af192f3759835dc6c53c2ddf9ad0b7e6f2f3a61a"",""5023c35ea0b0273041f5e0bd3f2629425ef37d196146bd52e195c1235b255a2e"",""32ba86778856a525bf0e71169e3f49ea1c7623d264a43f8906f45fa563146923"",""bf1293691ed4355c47bbb1bc5d5683eee77c24ad60caaedcfb718ecb841d9b88"",""c79fe3d659ac67dad85b0d8031880e714a83f25251ba57a0e799dcf0c32a3dca"",""5a1f2ea0a20bbcd68b032425a0b5a82d7adb7684489e970b80be877c4e2aef36"",""620b3fae3e667927020096908c255f2f4d2cc8564db798a2ed1f95001b899232"",""be0c4c04065fd7cecc0dd30c14e40ea6018b54cec268a778cb3b7db9620200b7"",""f2fb82091873fbe55533575add39877ba676c4f478821f009c8820e8836f14e8"",""81a5b74326d8475515d6a86433e6043270ae645ea0ad48b6c5676c4a122a3de7"",""0cbfb0347895dc7170a8af7a88c52ea5c4cccaa151a5df109ee9d9eed93b7ff3"",""8f5c3788e406bd612a78547f9dc89d60ad839c20f4f9d1ee40b3f55ec3cd8c52""]",carbon_aware,20,6,2283765.287029761,PASS,,8f5c3788e406bd612a78547f9dc89d60ad839c20f4f9d1ee40b3f55ec3cd8c52,20,per_order,continuous_per_order,100.0,40,20,20,PASS,9,6405.509854794678,666.6182107488603,13,4,17,20
20,"[""da3f2759cd9a43d25dd69ffef506f622812cc1b1c283f97ec31ea46c479b436f"",""22aac4168da56b7f9e2a695b6d4f3f85ea984e617112d222f5d458709ed1abd2"",""ba31c522615c099f0b477fe198f65b33b5dbde8f3765b29a0dda1934ee855ad7"",""0ceba26dd5bc1979e5d05d4dab575691e833e28a690e2d03a04356b4a592e286"",""fe5aea033a1faf7b20bc3024a9ddf51de65c09c60473294552cc2f215c5ba9b0"",""9bdda022619f581f1350452921961b737e6bb72eb4e51fea813de9add059e92d"",""c887ec681a8d7f40d47a995a8b65a59c14ec37bf2d93675e2b0108ce70b17d0c"",""211ce3b656551c1c7f83a36c3efeb7bedba2cd516444b1d0b29cd7e25d2ee88c"",""95b952419f7b2387915cb35b58daf09fdb7a0001984cda360840dbd18b671f80"",""4cbb3f77151a5adb03640939af192f3759835dc6c53c2ddf9ad0b7e6f2f3a61a"",""5023c35ea0b0273041f5e0bd3f2629425ef37d196146bd52e195c1235b255a2e"",""32ba86778856a525bf0e71169e3f49ea1c7623d264a43f8906f45fa563146923"",""bf1293691ed4355c47bbb1bc5d5683eee77c24ad60caaedcfb718ecb841d9b88"",""c79fe3d659ac67dad85b0d8031880e714a83f25251ba57a0e799dcf0c32a3dca"",""5a1f2ea0a20bbcd68b032425a0b5a82d7adb7684489e970b80be877c4e2aef36"",""620b3fae3e667927020096908c255f2f4d2cc8564db798a2ed1f95001b899232"",""be0c4c04065fd7cecc0dd30c14e40ea6018b54cec268a778cb3b7db9620200b7"",""f2fb82091873fbe55533575add39877ba676c4f478821f009c8820e8836f14e8"",""81a5b74326d8475515d6a86433e6043270ae645ea0ad48b6c5676c4a122a3de7"",""0cbfb0347895dc7170a8af7a88c52ea5c4cccaa151a5df109ee9d9eed93b7ff3"",""8f5c3788e406bd612a78547f9dc89d60ad839c20f4f9d1ee40b3f55ec3cd8c52""]",carbon_blind,20,6,2283765.287029761,PASS,,8f5c3788e406bd612a78547f9dc89d60ad839c20f4f9d1ee40b3f55ec3cd8c52,20,per_order,continuous_per_order,100.0,40,20,20,PASS,9,6405.509854794678,666.6182107488603,13,4,17,20
20,"[""27fe799363666b095e08064c1768cde0c42dd2d8ae6f2f00c11d87254bd85648"",""8f6f830864cd6e7b1b51fdd21ee2a626c12f14b021d8630659af7c3bb5d508a0"",""65713d8e5c36ec29dfb0a981ed3165887ce740f6fd9f31299f9b62ad745edd44"",""7fa1431c9d677a3b2f509732c2db5355abc9fea66d1fb74769b531ac18bad24c"",""7272b8305ceb0a72f6f347b17936261d4f31f91191d57ddf5d67b7fbbc782a0d"",""ab2ac8b73075e2750264e01b880e6ffdace52b5a179cc5bd9363f7af13e43533"",""1b562e10b8bf00586ffe565ce838feab91ddfc03f6ba0ca3df63664c878db2ec"",""77e33cd5317ce13c0a7d611c3f16374545b1ba65ccd03fc1c9a0b7b6d74fd16c"",""5280fd1f0a9fdfc85eb026eaab7bfdfbaef00acc3b04d292ae3984ba969fd583"",""18e94389748e2ff87aacbbccd6681f6f6050d581d01bff2ab9f2dc7da7669fa5"",""6c4d3bfc2c2c64444c65c43b46668793435b988e95982b67e51f6634292d0524"",""8e746a44bcb6332d7c95337468d82358cb6ef24d9cd7912eddb034d5ff591dca"",""3e75d66245e4248e058367895969b8df22d2704437acbbf2ed9c7e9df13d4631"",""fed595f0bf9c76d437bb69cde4d241093383ebe85901058d482c8d3ec155cd5e"",""4780a1485b323f222d7cd3b8742abefaf66a18e3703978e6aa21ccd6eb9df7eb"",""6e3e2acf97431c39b80f4f31f2242cff844b7966222642257deb2872ea25fb7e"",""cfd67c9b1f135b30d2fd6a2b76b45a55e50233439f539ea0f43f8dadb0f798a7"",""3b5054df61bd8cb50286332cbf8561b64d9933fe944cd4a8c3885991376b9538"",""729adc126cf826cf5aa840b1ba9a80d8a6848e0612c374947cd0832567435288"",""03458f8a5d8e335ce64cdcbb6e04b98b0524836c612f99c3bff370d13de68113"",""4c9b5c17e255e6c4083785e583b7dc4dbd52ab968bbc9476e8a1de3941821f48""]",carbon_aware,20,26,2250259.1578860832,PASS,,4c9b5c17e255e6c4083785e583b7dc4dbd52ab968bbc9476e8a1de3941821f48,20,per_order,continuous_per_order,100.0,41,20,20,PASS,10,6229.41116730208,612.413592168679,13,4,17,20
20,"[""46b2a70d68ac3eb20973341971076de19e6d9368634574c3c45fdd473c43ac53"",""d705cd19d10def829e431d57890604644aa98d76bd2a32dcd5b2fca44bc78b2c"",""65713d8e5c36ec29dfb0a981ed3165887ce740f6fd9f31299f9b62ad745edd44"",""7fa1431c9d677a3b2f509732c2db5355abc9fea66d1fb74769b531ac18bad24c"",""7272b8305ceb0a72f6f347b17936261d4f31f91191d57ddf5d67b7fbbc782a0d"",""ab2ac8b73075e2750264e01b880e6ffdace52b5a179cc5bd9363f7af13e43533"",""1b562e10b8bf00586ffe565ce838feab91ddfc03f6ba0ca3df63664c878db2ec"",""77e33cd5317ce13c0a7d611c3f16374545b1ba65ccd03fc1c9a0b7b6d74fd16c"",""5280fd1f0a9fdfc85eb026eaab7bfdfbaef00acc3b04d292ae3984ba969fd583"",""eba2457bf09d8e6739c562bc937ca6975b48e492d685ee476aa288938ef1ec3d"",""a1665feaa4e8985843a9296781df2dcbd7d21c64ca5826e40a9dfcd8a4abc3c3"",""8e746a44bcb6332d7c95337468d82358cb6ef24d9cd7912eddb034d5ff591dca"",""3e75d66245e4248e058367895969b8df22d2704437acbbf2ed9c7e9df13d4631"",""fed595f0bf9c76d437bb69cde4d241093383ebe85901058d482c8d3ec155cd5e"",""a4cc2752c24dcc1c9f0a7a47583c87a297af30bcef8448a865f8bd982221e4b0"",""ca0303af9d283e2ded774bd1fa64510b9af248ea094f4d86fe5b2d3b29840db1"",""818946f901c7a74afb2b6e0457ac67e006943575a4945aa933f4d56fc26f508b"",""02f026fd95a21a5b04d0fcd506a732cc44d3ebe59f846efaa4836255a2012a13"",""729adc126cf826cf5aa840b1ba9a80d8a6848e0612c374947cd0832567435288"",""03458f8a5d8e335ce64cdcbb6e04b98b0524836c612f99c3bff370d13de68113"",""4c9b5c17e255e6c4083785e583b7dc4dbd52ab968bbc9476e8a1de3941821f48""]",carbon_blind,20,22,2250259.1578860832,PASS,,4c9b5c17e255e6c4083785e583b7dc4dbd52ab968bbc9476e8a1de3941821f48,20,per_order,continuous_per_order,100.0,41,20,20,PASS,10,6229.41116730208,612.413592168679,13,4,17,20
