instance_id,region,seed,baseline_arm,comparison_arm,baseline_actual_carbon_intensity,comparison_actual_carbon_intensity,intensity_layer_reduction_pct,charging_emissions_reduction_pct,system_emissions_reduction_pct,outcome
cn-cy-100c-01-V2-LOCATIONS,CY,2026080201,ASAP,COST_CARBON,0.20236593919658194,0.17973903835618169,11.18118045469108,11.181180454691079,0.7545393105098646,improved
cn-cy-100c-01-V2-LOCATIONS,CY,2026080201,COST,COST_CARBON,0.20690394056016728,0.17973903835618169,13.129233851438462,13.129233851438467,0.9044992842647649,improved
cn-cy-100c-01-V2-LOCATIONS,CY,2026080202,ASAP,COST_CARBON,0.2082780485563751,0.1797116881398076,13.715492638118988,13.715492638118977,0.7080324876591212,improved
cn-cy-100c-01-V2-LOCATIONS,CY,2026080202,COST,COST_CARBON,0.2140834516047288,0.1797116881398076,16.055310771232907,16.055310771232904,0.8506984302470739,improved
cn-cy-100c-01-V2-LOCATIONS,CY,2026080203,ASAP,COST_CARBON,0.2071661913420277,0.18810566596726253,9.200596512051813,9.200596512051813,0.7452676825053103,improved
cn-cy-100c-01-V2-LOCATIONS,CY,2026080203,COST,COST_CARBON,0.20742851309071728,0.18810566596726253,9.3154247868537,9.315424786853697,0.7554469939156708,improved
cn-cy-100c-01-V2-LOCATIONS,CY,2026080204,ASAP,COST_CARBON,0.21921159278587604,0.19074107890879816,12.987686241980658,12.987686241980663,0.6781809436990841,improved
cn-cy-100c-01-V2-LOCATIONS,CY,2026080204,COST,COST_CARBON,0.22867854727397072,0.19074107890879816,16.589867662453347,16.589867662453358,0.9016549256467973,improved
cn-cy-100c-01-V2-LOCATIONS,CY,2026080205,ASAP,COST_CARBON,0.22246759627668572,0.19803752104089914,10.981408368975494,10.981408368975494,0.6662185498315404,improved
cn-cy-100c-01-V2-LOCATIONS,CY,2026080205,COST,COST_CARBON,0.22196714057638225,0.19803752104089914,10.780703609257232,10.780703609257223,0.6526599825602941,improved
cn-cy-100c-01-V2-LOCATIONS,CY,2026080206,ASAP,COST_CARBON,0.2146127245447189,0.19724575645497958,8.092235969037604,8.092235969037597,0.7103624561165011,improved
cn-cy-100c-01-V2-LOCATIONS,CY,2026080206,COST,COST_CARBON,0.2158018077244061,0.19724575645497958,8.59865423051687,8.598654230516866,0.7586306421375366,improved
cn-cy-100c-01-V2-LOCATIONS,CY,2026080207,ASAP,COST_CARBON,0.21149254620416633,0.18381432035926512,13.087092827461525,13.08709282746152,0.7058187248615279,improved
cn-cy-100c-01-V2-LOCATIONS,CY,2026080207,COST,COST_CARBON,0.21174671227250408,0.18381432035926512,13.191417053640864,13.19141705364086,0.7122540152573824,improved
cn-cy-100c-01-V2-LOCATIONS,CY,2026080208,ASAP,COST_CARBON,0.19840366203031543,0.18055780016398604,8.994724030649495,8.994724030649495,0.770798975441425,improved
cn-cy-100c-01-V2-LOCATIONS,CY,2026080208,COST,COST_CARBON,0.20516480813513624,0.18055780016398604,11.993776220599326,11.993776220599333,1.0597318813660703,improved
cn-cy-100c-01-V2-LOCATIONS,CY,2026080209,ASAP,COST_CARBON,0.20250836599941704,0.17323826780715199,14.453772340619903,14.453772340619903,0.710804357797374,improved
cn-cy-100c-01-V2-LOCATIONS,CY,2026080209,COST,COST_CARBON,0.20294960629695932,0.17323826780715199,14.639761580189123,14.639761580189134,0.7214422731543105,improved
cn-cy-100c-01-V2-LOCATIONS,CY,2026080210,ASAP,COST_CARBON,0.20449894949394345,0.18352084547542954,10.258294270179226,10.258294270179222,0.7653880084480411,improved
cn-cy-100c-01-V2-LOCATIONS,CY,2026080210,COST,COST_CARBON,0.2057490402661675,0.18352084547542954,10.803547254452521,10.803547254452516,0.810627957731621,improved
cn-jjj-100c-01-V2-LOCATIONS,JJJ,2026080201,ASAP,COST_CARBON,0.6648884303164929,0.6163306480184666,7.303147428044789,7.303147428044782,1.2835631972633341,improved
cn-jjj-100c-01-V2-LOCATIONS,JJJ,2026080201,COST,COST_CARBON,0.6633765761662938,0.6163306480184666,7.091888655416406,7.091888655416408,1.2440964462335873,improved
cn-jjj-100c-01-V2-LOCATIONS,JJJ,2026080202,ASAP,COST_CARBON,0.6740639554251375,0.6341596085622531,5.919964499172259,5.919964499172265,1.277015122301688,improved
cn-jjj-100c-01-V2-LOCATIONS,JJJ,2026080202,COST,COST_CARBON,0.6730604691740949,0.6341596085622531,5.779697723085216,5.779697723085214,1.2453015600688593,improved
cn-jjj-100c-01-V2-LOCATIONS,JJJ,2026080203,ASAP,COST_CARBON,0.5676116510997696,0.5290520549634079,6.793305962210432,6.7933059622104475,1.3282186052717304,improved
cn-jjj-100c-01-V2-LOCATIONS,JJJ,2026080203,COST,COST_CARBON,0.5664360962224382,0.5290520549634079,6.59986916588551,6.5998691658855115,1.2882472518204986,improved
cn-jjj-100c-01-V2-LOCATIONS,JJJ,2026080204,ASAP,COST_CARBON,0.6654169539777913,0.6165793968092905,7.339391771813915,7.3393917718139035,1.1540046852275925,improved
cn-jjj-100c-01-V2-LOCATIONS,JJJ,2026080204,COST,COST_CARBON,0.6549354373383897,0.6165793968092905,5.856461315481006,5.856461315481005,0.9085825057518727,improved
cn-jjj-100c-01-V2-LOCATIONS,JJJ,2026080205,ASAP,COST_CARBON,0.6727593905724525,0.6260729710864203,6.939541854080485,6.939541854080474,1.068841774450537,improved
cn-jjj-100c-01-V2-LOCATIONS,JJJ,2026080205,COST,COST_CARBON,0.6719453975349853,0.6260729710864203,6.826808639042215,6.826808639042202,1.0504019162918528,improved
cn-jjj-100c-01-V2-LOCATIONS,JJJ,2026080206,ASAP,COST_CARBON,0.5767418885360206,0.5393337086761516,6.486121539537293,6.486121539537289,1.19148628578952,improved
cn-jjj-100c-01-V2-LOCATIONS,JJJ,2026080206,COST,COST_CARBON,0.5758365776224125,0.5393337086761516,6.339102162800872,6.339102162800856,1.162986615233406,improved
cn-jjj-100c-01-V2-LOCATIONS,JJJ,2026080207,ASAP,COST_CARBON,0.5680035644812432,0.5298108010163215,6.724035878155646,6.72403587815564,1.3383948220222521,improved
cn-jjj-100c-01-V2-LOCATIONS,JJJ,2026080207,COST,COST_CARBON,0.553148108964864,0.5298108010163215,4.21899805320041,4.218998053200414,0.822092499235144,improved
cn-jjj-100c-01-V2-LOCATIONS,JJJ,2026080208,ASAP,COST_CARBON,0.5787117199300514,0.5397036737477536,6.740497010672721,6.740497010672716,1.3142634781606062,improved
cn-jjj-100c-01-V2-LOCATIONS,JJJ,2026080208,COST,COST_CARBON,0.5778806742335202,0.5397036737477536,6.606381245817423,6.606381245817409,1.2866240437877807,improved
cn-jjj-100c-01-V2-LOCATIONS,JJJ,2026080209,ASAP,COST_CARBON,0.657045262220526,0.6059871026305296,7.770874021287682,7.770874021287681,1.2454996629742408,improved
cn-jjj-100c-01-V2-LOCATIONS,JJJ,2026080209,COST,COST_CARBON,0.6463627647451484,0.6059871026305296,6.246594685963754,6.246594685963761,0.9874868100464295,improved
cn-jjj-100c-01-V2-LOCATIONS,JJJ,2026080210,ASAP,COST_CARBON,0.5939057493734959,0.5599860216215676,5.711298095313915,5.71129809531391,1.285272323857328,improved
cn-jjj-100c-01-V2-LOCATIONS,JJJ,2026080210,COST,COST_CARBON,0.5931317338783878,0.5599860216215676,5.588254744032321,5.588254744032327,1.2563121078894601,improved
cn-prd-100c-01-V2-LOCATIONS,PRD,2026080201,ASAP,COST_CARBON,0.36453024148506546,0.2999125179710935,17.726299812801493,17.726299812801493,1.1829382521993772,improved
cn-prd-100c-01-V2-LOCATIONS,PRD,2026080201,COST,COST_CARBON,0.3571720830765946,0.2999125179710935,16.03136634091919,16.031366340919195,1.0496484582572025,improved
cn-prd-100c-01-V2-LOCATIONS,PRD,2026080202,ASAP,COST_CARBON,0.2993783162395022,0.2466138131555775,17.624690975185104,17.624690975185104,1.2361517269320397,improved
cn-prd-100c-01-V2-LOCATIONS,PRD,2026080202,COST,COST_CARBON,0.28422206503353453,0.2466138131555775,13.231995859828734,13.231995859828737,0.8842150353649408,improved
cn-prd-100c-01-V2-LOCATIONS,PRD,2026080203,ASAP,COST_CARBON,0.36387726140073184,0.3005497255896221,17.40354304287461,17.40354304287461,1.1422121608660263,improved
cn-prd-100c-01-V2-LOCATIONS,PRD,2026080203,COST,COST_CARBON,0.3412233766257453,0.3005497255896221,11.919948579822583,11.919948579822584,0.7366233904825109,improved
cn-prd-100c-01-V2-LOCATIONS,PRD,2026080204,ASAP,COST_CARBON,0.3643535136673487,0.300084977000945,17.639060488128095,17.6390604881281,1.0943391852979534,improved
cn-prd-100c-01-V2-LOCATIONS,PRD,2026080204,COST,COST_CARBON,0.3476202942379596,0.300084977000945,13.674494275778624,13.67449427577863,0.8117253747321675,improved
cn-prd-100c-01-V2-LOCATIONS,PRD,2026080205,ASAP,COST_CARBON,0.29388071697871015,0.24141520633459443,17.852655044364997,17.852655044364997,1.2213901087771455,improved
cn-prd-100c-01-V2-LOCATIONS,PRD,2026080205,COST,COST_CARBON,0.2767688354428585,0.24141520633459443,12.773703026099257,12.773703026099268,0.8263195285565853,improved
cn-prd-100c-01-V2-LOCATIONS,PRD,2026080206,ASAP,COST_CARBON,0.2842061387868951,0.2362478915494415,16.87445860323724,16.87445860323725,0.8495424755468685,improved
cn-prd-100c-01-V2-LOCATIONS,PRD,2026080206,COST,COST_CARBON,0.27403408196693974,0.2362478915494415,13.78886529233136,13.788865292331364,0.6705608054041914,improved
cn-prd-100c-01-V2-LOCATIONS,PRD,2026080207,ASAP,COST_CARBON,0.3647065773264948,0.29974044144950834,17.813261376645556,17.813261376645553,1.1116351674557323,improved
cn-prd-100c-01-V2-LOCATIONS,PRD,2026080207,COST,COST_CARBON,0.355639763370896,0.29974044144950834,15.717961735085947,15.717961735085945,0.9579791973915247,improved
cn-prd-100c-01-V2-LOCATIONS,PRD,2026080208,ASAP,COST_CARBON,0.29295724229959286,0.2421334497714004,17.34853596014448,17.348535960144478,1.2890158672297651,improved
cn-prd-100c-01-V2-LOCATIONS,PRD,2026080208,COST,COST_CARBON,0.2805530557066706,0.2421334497714004,13.694238987523075,13.694238987523086,0.9774905027417617,improved
cn-prd-100c-01-V2-LOCATIONS,PRD,2026080209,ASAP,COST_CARBON,0.2937205287628906,0.24236183402341027,17.48556526021382,17.48556526021382,1.1756244928683663,improved
cn-prd-100c-01-V2-LOCATIONS,PRD,2026080209,COST,COST_CARBON,0.278087747831637,0.24236183402341027,12.846993111633344,12.846993111633337,0.8207197181695729,improved
cn-prd-100c-01-V2-LOCATIONS,PRD,2026080210,ASAP,COST_CARBON,0.3644854161001616,0.29995626061723246,17.704180368411873,17.704180368411873,1.0917671732090182,improved
cn-prd-100c-01-V2-LOCATIONS,PRD,2026080210,COST,COST_CARBON,0.36135160513375764,0.29995626061723246,16.990472338928484,16.990472338928477,1.0392973480715044,improved
