instance,algorithm,seed,eval_budget,execution_commit
L-main-threeshift-10c-01,staged_hybrid_carbon_aware,1,4000,0124623e347cd2a6a5548e07e0af66e16d3b634b
L-main-threeshift-10c-01,staged_hybrid_carbon_aware,2,4000,0124623e347cd2a6a5548e07e0af66e16d3b634b
L-main-threeshift-10c-01,staged_hybrid_carbon_aware,3,4000,0124623e347cd2a6a5548e07e0af66e16d3b634b
L-main-threeshift-10c-01,staged_hybrid_carbon_aware,4,4000,0124623e347cd2a6a5548e07e0af66e16d3b634b
L-main-threeshift-10c-01,staged_hybrid_carbon_aware,5,4000,0124623e347cd2a6a5548e07e0af66e16d3b634b
L-main-threeshift-10c-01,staged_hybrid_carbon_aware,6,4000,0124623e347cd2a6a5548e07e0af66e16d3b634b
L-main-threeshift-10c-01,staged_hybrid_carbon_aware,7,4000,0124623e347cd2a6a5548e07e0af66e16d3b634b
L-main-threeshift-10c-01,staged_hybrid_carbon_aware,8,4000,0124623e347cd2a6a5548e07e0af66e16d3b634b
L-main-threeshift-10c-01,staged_hybrid_carbon_aware,9,4000,0124623e347cd2a6a5548e07e0af66e16d3b634b
L-main-threeshift-10c-01,staged_hybrid_carbon_aware,10,4000,0124623e347cd2a6a5548e07e0af66e16d3b634b
L-main-threeshift-10c-01,GA,1,4000,0124623e347cd2a6a5548e07e0af66e16d3b634b
L-main-threeshift-10c-01,GA,2,4000,0124623e347cd2a6a5548e07e0af66e16d3b634b
L-main-threeshift-10c-01,GA,3,4000,0124623e347cd2a6a5548e07e0af66e16d3b634b
L-main-threeshift-10c-01,GA,4,4000,0124623e347cd2a6a5548e07e0af66e16d3b634b
L-main-threeshift-10c-01,GA,5,4000,0124623e347cd2a6a5548e07e0af66e16d3b634b
L-main-threeshift-10c-01,GA,6,4000,0124623e347cd2a6a5548e07e0af66e16d3b634b
L-main-threeshift-10c-01,GA,7,4000,0124623e347cd2a6a5548e07e0af66e16d3b634b
L-main-threeshift-10c-01,GA,8,4000,0124623e347cd2a6a5548e07e0af66e16d3b634b
L-main-threeshift-10c-01,GA,9,4000,0124623e347cd2a6a5548e07e0af66e16d3b634b
L-main-threeshift-10c-01,GA,10,4000,0124623e347cd2a6a5548e07e0af66e16d3b634b
L-main-threeshift-10c-01,PSO,1,4000,0124623e347cd2a6a5548e07e0af66e16d3b634b
L-main-threeshift-10c-01,PSO,2,4000,0124623e347cd2a6a5548e07e0af66e16d3b634b
L-main-threeshift-10c-01,PSO,3,4000,0124623e347cd2a6a5548e07e0af66e16d3b634b
L-main-threeshift-10c-01,PSO,4,4000,0124623e347cd2a6a5548e07e0af66e16d3b634b
L-main-threeshift-10c-01,PSO,5,4000,0124623e347cd2a6a5548e07e0af66e16d3b634b
L-main-threeshift-10c-01,PSO,6,4000,0124623e347cd2a6a5548e07e0af66e16d3b634b
L-main-threeshift-10c-01,PSO,7,4000,0124623e347cd2a6a5548e07e0af66e16d3b634b
L-main-threeshift-10c-01,PSO,8,4000,0124623e347cd2a6a5548e07e0af66e16d3b634b
L-main-threeshift-10c-01,PSO,9,4000,0124623e347cd2a6a5548e07e0af66e16d3b634b
L-main-threeshift-10c-01,PSO,10,4000,0124623e347cd2a6a5548e07e0af66e16d3b634b
L-main-threeshift-10c-01,VNS,1,4000,0124623e347cd2a6a5548e07e0af66e16d3b634b
L-main-threeshift-10c-01,VNS,2,4000,0124623e347cd2a6a5548e07e0af66e16d3b634b
L-main-threeshift-10c-01,VNS,3,4000,0124623e347cd2a6a5548e07e0af66e16d3b634b
L-main-threeshift-10c-01,VNS,4,4000,0124623e347cd2a6a5548e07e0af66e16d3b634b
L-main-threeshift-10c-01,VNS,5,4000,0124623e347cd2a6a5548e07e0af66e16d3b634b
L-main-threeshift-10c-01,VNS,6,4000,0124623e347cd2a6a5548e07e0af66e16d3b634b
L-main-threeshift-10c-01,VNS,7,4000,0124623e347cd2a6a5548e07e0af66e16d3b634b
L-main-threeshift-10c-01,VNS,8,4000,0124623e347cd2a6a5548e07e0af66e16d3b634b
L-main-threeshift-10c-01,VNS,9,4000,0124623e347cd2a6a5548e07e0af66e16d3b634b
L-main-threeshift-10c-01,VNS,10,4000,0124623e347cd2a6a5548e07e0af66e16d3b634b
L-main-threeshift-10c-01,ACO,1,4000,0124623e347cd2a6a5548e07e0af66e16d3b634b
L-main-threeshift-10c-01,ACO,2,4000,0124623e347cd2a6a5548e07e0af66e16d3b634b
L-main-threeshift-10c-01,ACO,3,4000,0124623e347cd2a6a5548e07e0af66e16d3b634b
L-main-threeshift-10c-01,ACO,4,4000,0124623e347cd2a6a5548e07e0af66e16d3b634b
L-main-threeshift-10c-01,ACO,5,4000,0124623e347cd2a6a5548e07e0af66e16d3b634b
L-main-threeshift-10c-01,ACO,6,4000,0124623e347cd2a6a5548e07e0af66e16d3b634b
L-main-threeshift-10c-01,ACO,7,4000,0124623e347cd2a6a5548e07e0af66e16d3b634b
L-main-threeshift-10c-01,ACO,8,4000,0124623e347cd2a6a5548e07e0af66e16d3b634b
L-main-threeshift-10c-01,ACO,9,4000,0124623e347cd2a6a5548e07e0af66e16d3b634b
L-main-threeshift-10c-01,ACO,10,4000,0124623e347cd2a6a5548e07e0af66e16d3b634b
L-main-threeshift-10c-01,GA-VNS,1,4000,0124623e347cd2a6a5548e07e0af66e16d3b634b
L-main-threeshift-10c-01,GA-VNS,2,4000,0124623e347cd2a6a5548e07e0af66e16d3b634b
L-main-threeshift-10c-01,GA-VNS,3,4000,0124623e347cd2a6a5548e07e0af66e16d3b634b
L-main-threeshift-10c-01,GA-VNS,4,4000,0124623e347cd2a6a5548e07e0af66e16d3b634b
L-main-threeshift-10c-01,GA-VNS,5,4000,0124623e347cd2a6a5548e07e0af66e16d3b634b
L-main-threeshift-10c-01,GA-VNS,6,4000,0124623e347cd2a6a5548e07e0af66e16d3b634b
L-main-threeshift-10c-01,GA-VNS,7,4000,0124623e347cd2a6a5548e07e0af66e16d3b634b
L-main-threeshift-10c-01,GA-VNS,8,4000,0124623e347cd2a6a5548e07e0af66e16d3b634b
L-main-threeshift-10c-01,GA-VNS,9,4000,0124623e347cd2a6a5548e07e0af66e16d3b634b
L-main-threeshift-10c-01,GA-VNS,10,4000,0124623e347cd2a6a5548e07e0af66e16d3b634b
L-main-threeshift-10c-01,LNS,1,4000,0124623e347cd2a6a5548e07e0af66e16d3b634b
L-main-threeshift-10c-01,LNS,2,4000,0124623e347cd2a6a5548e07e0af66e16d3b634b
L-main-threeshift-10c-01,LNS,3,4000,0124623e347cd2a6a5548e07e0af66e16d3b634b
L-main-threeshift-10c-01,LNS,4,4000,0124623e347cd2a6a5548e07e0af66e16d3b634b
L-main-threeshift-10c-01,LNS,5,4000,0124623e347cd2a6a5548e07e0af66e16d3b634b
L-main-threeshift-10c-01,LNS,6,4000,0124623e347cd2a6a5548e07e0af66e16d3b634b
L-main-threeshift-10c-01,LNS,7,4000,0124623e347cd2a6a5548e07e0af66e16d3b634b
L-main-threeshift-10c-01,LNS,8,4000,0124623e347cd2a6a5548e07e0af66e16d3b634b
L-main-threeshift-10c-01,LNS,9,4000,0124623e347cd2a6a5548e07e0af66e16d3b634b
L-main-threeshift-10c-01,LNS,10,4000,0124623e347cd2a6a5548e07e0af66e16d3b634b
L-main-threeshift-10c-01,GWO,1,4000,0124623e347cd2a6a5548e07e0af66e16d3b634b
L-main-threeshift-10c-01,GWO,2,4000,0124623e347cd2a6a5548e07e0af66e16d3b634b
L-main-threeshift-10c-01,GWO,3,4000,0124623e347cd2a6a5548e07e0af66e16d3b634b
L-main-threeshift-10c-01,GWO,4,4000,0124623e347cd2a6a5548e07e0af66e16d3b634b
L-main-threeshift-10c-01,GWO,5,4000,0124623e347cd2a6a5548e07e0af66e16d3b634b
L-main-threeshift-10c-01,GWO,6,4000,0124623e347cd2a6a5548e07e0af66e16d3b634b
L-main-threeshift-10c-01,GWO,7,4000,0124623e347cd2a6a5548e07e0af66e16d3b634b
L-main-threeshift-10c-01,GWO,8,4000,0124623e347cd2a6a5548e07e0af66e16d3b634b
L-main-threeshift-10c-01,GWO,9,4000,0124623e347cd2a6a5548e07e0af66e16d3b634b
L-main-threeshift-10c-01,GWO,10,4000,0124623e347cd2a6a5548e07e0af66e16d3b634b
L-main-threeshift-10c-01,IWD,1,4000,0124623e347cd2a6a5548e07e0af66e16d3b634b
L-main-threeshift-10c-01,IWD,2,4000,0124623e347cd2a6a5548e07e0af66e16d3b634b
L-main-threeshift-10c-01,IWD,3,4000,0124623e347cd2a6a5548e07e0af66e16d3b634b
L-main-threeshift-10c-01,IWD,4,4000,0124623e347cd2a6a5548e07e0af66e16d3b634b
L-main-threeshift-10c-01,IWD,5,4000,0124623e347cd2a6a5548e07e0af66e16d3b634b
L-main-threeshift-10c-01,IWD,6,4000,0124623e347cd2a6a5548e07e0af66e16d3b634b
L-main-threeshift-10c-01,IWD,7,4000,0124623e347cd2a6a5548e07e0af66e16d3b634b
L-main-threeshift-10c-01,IWD,8,4000,0124623e347cd2a6a5548e07e0af66e16d3b634b
L-main-threeshift-10c-01,IWD,9,4000,0124623e347cd2a6a5548e07e0af66e16d3b634b
L-main-threeshift-10c-01,IWD,10,4000,0124623e347cd2a6a5548e07e0af66e16d3b634b
L-main-threeshift-15c-01,staged_hybrid_carbon_aware,1,4000,0124623e347cd2a6a5548e07e0af66e16d3b634b
L-main-threeshift-15c-01,staged_hybrid_carbon_aware,2,4000,0124623e347cd2a6a5548e07e0af66e16d3b634b
L-main-threeshift-15c-01,staged_hybrid_carbon_aware,3,4000,0124623e347cd2a6a5548e07e0af66e16d3b634b
L-main-threeshift-15c-01,staged_hybrid_carbon_aware,4,4000,0124623e347cd2a6a5548e07e0af66e16d3b634b
L-main-threeshift-15c-01,staged_hybrid_carbon_aware,5,4000,0124623e347cd2a6a5548e07e0af66e16d3b634b
L-main-threeshift-15c-01,staged_hybrid_carbon_aware,6,4000,0124623e347cd2a6a5548e07e0af66e16d3b634b
L-main-threeshift-15c-01,staged_hybrid_carbon_aware,7,4000,0124623e347cd2a6a5548e07e0af66e16d3b634b
L-main-threeshift-15c-01,staged_hybrid_carbon_aware,8,4000,0124623e347cd2a6a5548e07e0af66e16d3b634b
L-main-threeshift-15c-01,staged_hybrid_carbon_aware,9,4000,0124623e347cd2a6a5548e07e0af66e16d3b634b
L-main-threeshift-15c-01,staged_hybrid_carbon_aware,10,4000,0124623e347cd2a6a5548e07e0af66e16d3b634b
L-main-threeshift-15c-01,GA,1,4000,0124623e347cd2a6a5548e07e0af66e16d3b634b
L-main-threeshift-15c-01,GA,2,4000,0124623e347cd2a6a5548e07e0af66e16d3b634b
L-main-threeshift-15c-01,GA,3,4000,0124623e347cd2a6a5548e07e0af66e16d3b634b
L-main-threeshift-15c-01,GA,4,4000,0124623e347cd2a6a5548e07e0af66e16d3b634b
L-main-threeshift-15c-01,GA,5,4000,0124623e347cd2a6a5548e07e0af66e16d3b634b
L-main-threeshift-15c-01,GA,6,4000,0124623e347cd2a6a5548e07e0af66e16d3b634b
L-main-threeshift-15c-01,GA,7,4000,0124623e347cd2a6a5548e07e0af66e16d3b634b
L-main-threeshift-15c-01,GA,8,4000,0124623e347cd2a6a5548e07e0af66e16d3b634b
L-main-threeshift-15c-01,GA,9,4000,0124623e347cd2a6a5548e07e0af66e16d3b634b
L-main-threeshift-15c-01,GA,10,4000,0124623e347cd2a6a5548e07e0af66e16d3b634b
L-main-threeshift-15c-01,PSO,1,4000,0124623e347cd2a6a5548e07e0af66e16d3b634b
L-main-threeshift-15c-01,PSO,2,4000,0124623e347cd2a6a5548e07e0af66e16d3b634b
L-main-threeshift-15c-01,PSO,3,4000,0124623e347cd2a6a5548e07e0af66e16d3b634b
L-main-threeshift-15c-01,PSO,4,4000,0124623e347cd2a6a5548e07e0af66e16d3b634b
L-main-threeshift-15c-01,PSO,5,4000,0124623e347cd2a6a5548e07e0af66e16d3b634b
L-main-threeshift-15c-01,PSO,6,4000,0124623e347cd2a6a5548e07e0af66e16d3b634b
L-main-threeshift-15c-01,PSO,7,4000,0124623e347cd2a6a5548e07e0af66e16d3b634b
L-main-threeshift-15c-01,PSO,8,4000,0124623e347cd2a6a5548e07e0af66e16d3b634b
L-main-threeshift-15c-01,PSO,9,4000,0124623e347cd2a6a5548e07e0af66e16d3b634b
L-main-threeshift-15c-01,PSO,10,4000,0124623e347cd2a6a5548e07e0af66e16d3b634b
L-main-threeshift-15c-01,VNS,1,4000,0124623e347cd2a6a5548e07e0af66e16d3b634b
L-main-threeshift-15c-01,VNS,2,4000,0124623e347cd2a6a5548e07e0af66e16d3b634b
L-main-threeshift-15c-01,VNS,3,4000,0124623e347cd2a6a5548e07e0af66e16d3b634b
L-main-threeshift-15c-01,VNS,4,4000,0124623e347cd2a6a5548e07e0af66e16d3b634b
L-main-threeshift-15c-01,VNS,5,4000,0124623e347cd2a6a5548e07e0af66e16d3b634b
L-main-threeshift-15c-01,VNS,6,4000,0124623e347cd2a6a5548e07e0af66e16d3b634b
L-main-threeshift-15c-01,VNS,7,4000,0124623e347cd2a6a5548e07e0af66e16d3b634b
L-main-threeshift-15c-01,VNS,8,4000,0124623e347cd2a6a5548e07e0af66e16d3b634b
L-main-threeshift-15c-01,VNS,9,4000,0124623e347cd2a6a5548e07e0af66e16d3b634b
L-main-threeshift-15c-01,VNS,10,4000,0124623e347cd2a6a5548e07e0af66e16d3b634b
L-main-threeshift-15c-01,ACO,1,4000,0124623e347cd2a6a5548e07e0af66e16d3b634b
L-main-threeshift-15c-01,ACO,2,4000,0124623e347cd2a6a5548e07e0af66e16d3b634b
L-main-threeshift-15c-01,ACO,3,4000,0124623e347cd2a6a5548e07e0af66e16d3b634b
L-main-threeshift-15c-01,ACO,4,4000,0124623e347cd2a6a5548e07e0af66e16d3b634b
L-main-threeshift-15c-01,ACO,5,4000,0124623e347cd2a6a5548e07e0af66e16d3b634b
L-main-threeshift-15c-01,ACO,6,4000,0124623e347cd2a6a5548e07e0af66e16d3b634b
L-main-threeshift-15c-01,ACO,7,4000,0124623e347cd2a6a5548e07e0af66e16d3b634b
L-main-threeshift-15c-01,ACO,8,4000,0124623e347cd2a6a5548e07e0af66e16d3b634b
L-main-threeshift-15c-01,ACO,9,4000,0124623e347cd2a6a5548e07e0af66e16d3b634b
L-main-threeshift-15c-01,ACO,10,4000,0124623e347cd2a6a5548e07e0af66e16d3b634b
L-main-threeshift-15c-01,GA-VNS,1,4000,0124623e347cd2a6a5548e07e0af66e16d3b634b
L-main-threeshift-15c-01,GA-VNS,2,4000,0124623e347cd2a6a5548e07e0af66e16d3b634b
L-main-threeshift-15c-01,GA-VNS,3,4000,0124623e347cd2a6a5548e07e0af66e16d3b634b
L-main-threeshift-15c-01,GA-VNS,4,4000,0124623e347cd2a6a5548e07e0af66e16d3b634b
L-main-threeshift-15c-01,GA-VNS,5,4000,0124623e347cd2a6a5548e07e0af66e16d3b634b
L-main-threeshift-15c-01,GA-VNS,6,4000,0124623e347cd2a6a5548e07e0af66e16d3b634b
L-main-threeshift-15c-01,GA-VNS,7,4000,0124623e347cd2a6a5548e07e0af66e16d3b634b
L-main-threeshift-15c-01,GA-VNS,8,4000,0124623e347cd2a6a5548e07e0af66e16d3b634b
L-main-threeshift-15c-01,GA-VNS,9,4000,0124623e347cd2a6a5548e07e0af66e16d3b634b
L-main-threeshift-15c-01,GA-VNS,10,4000,0124623e347cd2a6a5548e07e0af66e16d3b634b
L-main-threeshift-15c-01,LNS,1,4000,0124623e347cd2a6a5548e07e0af66e16d3b634b
L-main-threeshift-15c-01,LNS,2,4000,0124623e347cd2a6a5548e07e0af66e16d3b634b
L-main-threeshift-15c-01,LNS,3,4000,0124623e347cd2a6a5548e07e0af66e16d3b634b
L-main-threeshift-15c-01,LNS,4,4000,0124623e347cd2a6a5548e07e0af66e16d3b634b
L-main-threeshift-15c-01,LNS,5,4000,0124623e347cd2a6a5548e07e0af66e16d3b634b
L-main-threeshift-15c-01,LNS,6,4000,0124623e347cd2a6a5548e07e0af66e16d3b634b
L-main-threeshift-15c-01,LNS,7,4000,0124623e347cd2a6a5548e07e0af66e16d3b634b
L-main-threeshift-15c-01,LNS,8,4000,0124623e347cd2a6a5548e07e0af66e16d3b634b
L-main-threeshift-15c-01,LNS,9,4000,0124623e347cd2a6a5548e07e0af66e16d3b634b
L-main-threeshift-15c-01,LNS,10,4000,0124623e347cd2a6a5548e07e0af66e16d3b634b
L-main-threeshift-15c-01,GWO,1,4000,0124623e347cd2a6a5548e07e0af66e16d3b634b
L-main-threeshift-15c-01,GWO,2,4000,0124623e347cd2a6a5548e07e0af66e16d3b634b
L-main-threeshift-15c-01,GWO,3,4000,0124623e347cd2a6a5548e07e0af66e16d3b634b
L-main-threeshift-15c-01,GWO,4,4000,0124623e347cd2a6a5548e07e0af66e16d3b634b
L-main-threeshift-15c-01,GWO,5,4000,0124623e347cd2a6a5548e07e0af66e16d3b634b
L-main-threeshift-15c-01,GWO,6,4000,0124623e347cd2a6a5548e07e0af66e16d3b634b
L-main-threeshift-15c-01,GWO,7,4000,0124623e347cd2a6a5548e07e0af66e16d3b634b
L-main-threeshift-15c-01,GWO,8,4000,0124623e347cd2a6a5548e07e0af66e16d3b634b
L-main-threeshift-15c-01,GWO,9,4000,0124623e347cd2a6a5548e07e0af66e16d3b634b
L-main-threeshift-15c-01,GWO,10,4000,0124623e347cd2a6a5548e07e0af66e16d3b634b
L-main-threeshift-15c-01,IWD,1,4000,0124623e347cd2a6a5548e07e0af66e16d3b634b
L-main-threeshift-15c-01,IWD,2,4000,0124623e347cd2a6a5548e07e0af66e16d3b634b
L-main-threeshift-15c-01,IWD,3,4000,0124623e347cd2a6a5548e07e0af66e16d3b634b
L-main-threeshift-15c-01,IWD,4,4000,0124623e347cd2a6a5548e07e0af66e16d3b634b
L-main-threeshift-15c-01,IWD,5,4000,0124623e347cd2a6a5548e07e0af66e16d3b634b
L-main-threeshift-15c-01,IWD,6,4000,0124623e347cd2a6a5548e07e0af66e16d3b634b
L-main-threeshift-15c-01,IWD,7,4000,0124623e347cd2a6a5548e07e0af66e16d3b634b
L-main-threeshift-15c-01,IWD,8,4000,0124623e347cd2a6a5548e07e0af66e16d3b634b
L-main-threeshift-15c-01,IWD,9,4000,0124623e347cd2a6a5548e07e0af66e16d3b634b
L-main-threeshift-15c-01,IWD,10,4000,0124623e347cd2a6a5548e07e0af66e16d3b634b
L-main-threeshift-20c-01,staged_hybrid_carbon_aware,1,4000,0124623e347cd2a6a5548e07e0af66e16d3b634b
L-main-threeshift-20c-01,staged_hybrid_carbon_aware,2,4000,0124623e347cd2a6a5548e07e0af66e16d3b634b
L-main-threeshift-20c-01,staged_hybrid_carbon_aware,3,4000,0124623e347cd2a6a5548e07e0af66e16d3b634b
L-main-threeshift-20c-01,staged_hybrid_carbon_aware,4,4000,0124623e347cd2a6a5548e07e0af66e16d3b634b
L-main-threeshift-20c-01,staged_hybrid_carbon_aware,5,4000,0124623e347cd2a6a5548e07e0af66e16d3b634b
L-main-threeshift-20c-01,staged_hybrid_carbon_aware,6,4000,0124623e347cd2a6a5548e07e0af66e16d3b634b
L-main-threeshift-20c-01,staged_hybrid_carbon_aware,7,4000,0124623e347cd2a6a5548e07e0af66e16d3b634b
L-main-threeshift-20c-01,staged_hybrid_carbon_aware,8,4000,0124623e347cd2a6a5548e07e0af66e16d3b634b
L-main-threeshift-20c-01,staged_hybrid_carbon_aware,9,4000,0124623e347cd2a6a5548e07e0af66e16d3b634b
L-main-threeshift-20c-01,staged_hybrid_carbon_aware,10,4000,0124623e347cd2a6a5548e07e0af66e16d3b634b
L-main-threeshift-20c-01,GA,1,4000,0124623e347cd2a6a5548e07e0af66e16d3b634b
L-main-threeshift-20c-01,GA,2,4000,0124623e347cd2a6a5548e07e0af66e16d3b634b
L-main-threeshift-20c-01,GA,3,4000,0124623e347cd2a6a5548e07e0af66e16d3b634b
L-main-threeshift-20c-01,GA,4,4000,0124623e347cd2a6a5548e07e0af66e16d3b634b
L-main-threeshift-20c-01,GA,5,4000,0124623e347cd2a6a5548e07e0af66e16d3b634b
L-main-threeshift-20c-01,GA,6,4000,0124623e347cd2a6a5548e07e0af66e16d3b634b
L-main-threeshift-20c-01,GA,7,4000,0124623e347cd2a6a5548e07e0af66e16d3b634b
L-main-threeshift-20c-01,GA,8,4000,0124623e347cd2a6a5548e07e0af66e16d3b634b
L-main-threeshift-20c-01,GA,9,4000,0124623e347cd2a6a5548e07e0af66e16d3b634b
L-main-threeshift-20c-01,GA,10,4000,0124623e347cd2a6a5548e07e0af66e16d3b634b
L-main-threeshift-20c-01,PSO,1,4000,0124623e347cd2a6a5548e07e0af66e16d3b634b
L-main-threeshift-20c-01,PSO,2,4000,0124623e347cd2a6a5548e07e0af66e16d3b634b
L-main-threeshift-20c-01,PSO,3,4000,0124623e347cd2a6a5548e07e0af66e16d3b634b
L-main-threeshift-20c-01,PSO,4,4000,0124623e347cd2a6a5548e07e0af66e16d3b634b
L-main-threeshift-20c-01,PSO,5,4000,0124623e347cd2a6a5548e07e0af66e16d3b634b
L-main-threeshift-20c-01,PSO,6,4000,0124623e347cd2a6a5548e07e0af66e16d3b634b
L-main-threeshift-20c-01,PSO,7,4000,0124623e347cd2a6a5548e07e0af66e16d3b634b
L-main-threeshift-20c-01,PSO,8,4000,0124623e347cd2a6a5548e07e0af66e16d3b634b
L-main-threeshift-20c-01,PSO,9,4000,0124623e347cd2a6a5548e07e0af66e16d3b634b
L-main-threeshift-20c-01,PSO,10,4000,0124623e347cd2a6a5548e07e0af66e16d3b634b
L-main-threeshift-20c-01,VNS,1,4000,0124623e347cd2a6a5548e07e0af66e16d3b634b
L-main-threeshift-20c-01,VNS,2,4000,0124623e347cd2a6a5548e07e0af66e16d3b634b
L-main-threeshift-20c-01,VNS,3,4000,0124623e347cd2a6a5548e07e0af66e16d3b634b
L-main-threeshift-20c-01,VNS,4,4000,0124623e347cd2a6a5548e07e0af66e16d3b634b
L-main-threeshift-20c-01,VNS,5,4000,0124623e347cd2a6a5548e07e0af66e16d3b634b
L-main-threeshift-20c-01,VNS,6,4000,0124623e347cd2a6a5548e07e0af66e16d3b634b
L-main-threeshift-20c-01,VNS,7,4000,0124623e347cd2a6a5548e07e0af66e16d3b634b
L-main-threeshift-20c-01,VNS,8,4000,0124623e347cd2a6a5548e07e0af66e16d3b634b
L-main-threeshift-20c-01,VNS,9,4000,0124623e347cd2a6a5548e07e0af66e16d3b634b
L-main-threeshift-20c-01,VNS,10,4000,0124623e347cd2a6a5548e07e0af66e16d3b634b
L-main-threeshift-20c-01,ACO,1,4000,0124623e347cd2a6a5548e07e0af66e16d3b634b
L-main-threeshift-20c-01,ACO,2,4000,0124623e347cd2a6a5548e07e0af66e16d3b634b
L-main-threeshift-20c-01,ACO,3,4000,0124623e347cd2a6a5548e07e0af66e16d3b634b
L-main-threeshift-20c-01,ACO,4,4000,0124623e347cd2a6a5548e07e0af66e16d3b634b
L-main-threeshift-20c-01,ACO,5,4000,0124623e347cd2a6a5548e07e0af66e16d3b634b
L-main-threeshift-20c-01,ACO,6,4000,0124623e347cd2a6a5548e07e0af66e16d3b634b
L-main-threeshift-20c-01,ACO,7,4000,0124623e347cd2a6a5548e07e0af66e16d3b634b
L-main-threeshift-20c-01,ACO,8,4000,0124623e347cd2a6a5548e07e0af66e16d3b634b
L-main-threeshift-20c-01,ACO,9,4000,0124623e347cd2a6a5548e07e0af66e16d3b634b
L-main-threeshift-20c-01,ACO,10,4000,0124623e347cd2a6a5548e07e0af66e16d3b634b
L-main-threeshift-20c-01,GA-VNS,1,4000,0124623e347cd2a6a5548e07e0af66e16d3b634b
L-main-threeshift-20c-01,GA-VNS,2,4000,0124623e347cd2a6a5548e07e0af66e16d3b634b
L-main-threeshift-20c-01,GA-VNS,3,4000,0124623e347cd2a6a5548e07e0af66e16d3b634b
L-main-threeshift-20c-01,GA-VNS,4,4000,0124623e347cd2a6a5548e07e0af66e16d3b634b
L-main-threeshift-20c-01,GA-VNS,5,4000,0124623e347cd2a6a5548e07e0af66e16d3b634b
L-main-threeshift-20c-01,GA-VNS,6,4000,0124623e347cd2a6a5548e07e0af66e16d3b634b
L-main-threeshift-20c-01,GA-VNS,7,4000,0124623e347cd2a6a5548e07e0af66e16d3b634b
L-main-threeshift-20c-01,GA-VNS,8,4000,0124623e347cd2a6a5548e07e0af66e16d3b634b
L-main-threeshift-20c-01,GA-VNS,9,4000,0124623e347cd2a6a5548e07e0af66e16d3b634b
L-main-threeshift-20c-01,GA-VNS,10,4000,0124623e347cd2a6a5548e07e0af66e16d3b634b
L-main-threeshift-20c-01,LNS,1,4000,0124623e347cd2a6a5548e07e0af66e16d3b634b
L-main-threeshift-20c-01,LNS,2,4000,0124623e347cd2a6a5548e07e0af66e16d3b634b
L-main-threeshift-20c-01,LNS,3,4000,0124623e347cd2a6a5548e07e0af66e16d3b634b
L-main-threeshift-20c-01,LNS,4,4000,0124623e347cd2a6a5548e07e0af66e16d3b634b
L-main-threeshift-20c-01,LNS,5,4000,0124623e347cd2a6a5548e07e0af66e16d3b634b
L-main-threeshift-20c-01,LNS,6,4000,0124623e347cd2a6a5548e07e0af66e16d3b634b
L-main-threeshift-20c-01,LNS,7,4000,0124623e347cd2a6a5548e07e0af66e16d3b634b
L-main-threeshift-20c-01,LNS,8,4000,0124623e347cd2a6a5548e07e0af66e16d3b634b
L-main-threeshift-20c-01,LNS,9,4000,0124623e347cd2a6a5548e07e0af66e16d3b634b
L-main-threeshift-20c-01,LNS,10,4000,0124623e347cd2a6a5548e07e0af66e16d3b634b
L-main-threeshift-20c-01,GWO,1,4000,0124623e347cd2a6a5548e07e0af66e16d3b634b
L-main-threeshift-20c-01,GWO,2,4000,0124623e347cd2a6a5548e07e0af66e16d3b634b
L-main-threeshift-20c-01,GWO,3,4000,0124623e347cd2a6a5548e07e0af66e16d3b634b
L-main-threeshift-20c-01,GWO,4,4000,0124623e347cd2a6a5548e07e0af66e16d3b634b
L-main-threeshift-20c-01,GWO,5,4000,0124623e347cd2a6a5548e07e0af66e16d3b634b
L-main-threeshift-20c-01,GWO,6,4000,0124623e347cd2a6a5548e07e0af66e16d3b634b
L-main-threeshift-20c-01,GWO,7,4000,0124623e347cd2a6a5548e07e0af66e16d3b634b
L-main-threeshift-20c-01,GWO,8,4000,0124623e347cd2a6a5548e07e0af66e16d3b634b
L-main-threeshift-20c-01,GWO,9,4000,0124623e347cd2a6a5548e07e0af66e16d3b634b
L-main-threeshift-20c-01,GWO,10,4000,0124623e347cd2a6a5548e07e0af66e16d3b634b
L-main-threeshift-20c-01,IWD,1,4000,0124623e347cd2a6a5548e07e0af66e16d3b634b
L-main-threeshift-20c-01,IWD,2,4000,0124623e347cd2a6a5548e07e0af66e16d3b634b
L-main-threeshift-20c-01,IWD,3,4000,0124623e347cd2a6a5548e07e0af66e16d3b634b
L-main-threeshift-20c-01,IWD,4,4000,0124623e347cd2a6a5548e07e0af66e16d3b634b
L-main-threeshift-20c-01,IWD,5,4000,0124623e347cd2a6a5548e07e0af66e16d3b634b
L-main-threeshift-20c-01,IWD,6,4000,0124623e347cd2a6a5548e07e0af66e16d3b634b
L-main-threeshift-20c-01,IWD,7,4000,0124623e347cd2a6a5548e07e0af66e16d3b634b
L-main-threeshift-20c-01,IWD,8,4000,0124623e347cd2a6a5548e07e0af66e16d3b634b
L-main-threeshift-20c-01,IWD,9,4000,0124623e347cd2a6a5548e07e0af66e16d3b634b
L-main-threeshift-20c-01,IWD,10,4000,0124623e347cd2a6a5548e07e0af66e16d3b634b
L-main-threeshift-25c-01,staged_hybrid_carbon_aware,1,4000,0124623e347cd2a6a5548e07e0af66e16d3b634b
L-main-threeshift-25c-01,staged_hybrid_carbon_aware,2,4000,0124623e347cd2a6a5548e07e0af66e16d3b634b
L-main-threeshift-25c-01,staged_hybrid_carbon_aware,3,4000,0124623e347cd2a6a5548e07e0af66e16d3b634b
L-main-threeshift-25c-01,staged_hybrid_carbon_aware,4,4000,0124623e347cd2a6a5548e07e0af66e16d3b634b
L-main-threeshift-25c-01,staged_hybrid_carbon_aware,5,4000,0124623e347cd2a6a5548e07e0af66e16d3b634b
L-main-threeshift-25c-01,staged_hybrid_carbon_aware,6,4000,0124623e347cd2a6a5548e07e0af66e16d3b634b
L-main-threeshift-25c-01,staged_hybrid_carbon_aware,7,4000,0124623e347cd2a6a5548e07e0af66e16d3b634b
L-main-threeshift-25c-01,staged_hybrid_carbon_aware,8,4000,0124623e347cd2a6a5548e07e0af66e16d3b634b
L-main-threeshift-25c-01,staged_hybrid_carbon_aware,9,4000,0124623e347cd2a6a5548e07e0af66e16d3b634b
L-main-threeshift-25c-01,staged_hybrid_carbon_aware,10,4000,0124623e347cd2a6a5548e07e0af66e16d3b634b
L-main-threeshift-25c-01,GA,1,4000,0124623e347cd2a6a5548e07e0af66e16d3b634b
L-main-threeshift-25c-01,GA,2,4000,0124623e347cd2a6a5548e07e0af66e16d3b634b
L-main-threeshift-25c-01,GA,3,4000,0124623e347cd2a6a5548e07e0af66e16d3b634b
L-main-threeshift-25c-01,GA,4,4000,0124623e347cd2a6a5548e07e0af66e16d3b634b
L-main-threeshift-25c-01,GA,5,4000,0124623e347cd2a6a5548e07e0af66e16d3b634b
L-main-threeshift-25c-01,GA,6,4000,0124623e347cd2a6a5548e07e0af66e16d3b634b
L-main-threeshift-25c-01,GA,7,4000,0124623e347cd2a6a5548e07e0af66e16d3b634b
L-main-threeshift-25c-01,GA,8,4000,0124623e347cd2a6a5548e07e0af66e16d3b634b
L-main-threeshift-25c-01,GA,9,4000,0124623e347cd2a6a5548e07e0af66e16d3b634b
L-main-threeshift-25c-01,GA,10,4000,0124623e347cd2a6a5548e07e0af66e16d3b634b
L-main-threeshift-25c-01,PSO,1,4000,0124623e347cd2a6a5548e07e0af66e16d3b634b
L-main-threeshift-25c-01,PSO,2,4000,0124623e347cd2a6a5548e07e0af66e16d3b634b
L-main-threeshift-25c-01,PSO,3,4000,0124623e347cd2a6a5548e07e0af66e16d3b634b
L-main-threeshift-25c-01,PSO,4,4000,0124623e347cd2a6a5548e07e0af66e16d3b634b
L-main-threeshift-25c-01,PSO,5,4000,0124623e347cd2a6a5548e07e0af66e16d3b634b
L-main-threeshift-25c-01,PSO,6,4000,0124623e347cd2a6a5548e07e0af66e16d3b634b
L-main-threeshift-25c-01,PSO,7,4000,0124623e347cd2a6a5548e07e0af66e16d3b634b
L-main-threeshift-25c-01,PSO,8,4000,0124623e347cd2a6a5548e07e0af66e16d3b634b
L-main-threeshift-25c-01,PSO,9,4000,0124623e347cd2a6a5548e07e0af66e16d3b634b
L-main-threeshift-25c-01,PSO,10,4000,0124623e347cd2a6a5548e07e0af66e16d3b634b
L-main-threeshift-25c-01,VNS,1,4000,0124623e347cd2a6a5548e07e0af66e16d3b634b
L-main-threeshift-25c-01,VNS,2,4000,0124623e347cd2a6a5548e07e0af66e16d3b634b
L-main-threeshift-25c-01,VNS,3,4000,0124623e347cd2a6a5548e07e0af66e16d3b634b
L-main-threeshift-25c-01,VNS,4,4000,0124623e347cd2a6a5548e07e0af66e16d3b634b
L-main-threeshift-25c-01,VNS,5,4000,0124623e347cd2a6a5548e07e0af66e16d3b634b
L-main-threeshift-25c-01,VNS,6,4000,0124623e347cd2a6a5548e07e0af66e16d3b634b
L-main-threeshift-25c-01,VNS,7,4000,0124623e347cd2a6a5548e07e0af66e16d3b634b
L-main-threeshift-25c-01,VNS,8,4000,0124623e347cd2a6a5548e07e0af66e16d3b634b
L-main-threeshift-25c-01,VNS,9,4000,0124623e347cd2a6a5548e07e0af66e16d3b634b
L-main-threeshift-25c-01,VNS,10,4000,0124623e347cd2a6a5548e07e0af66e16d3b634b
L-main-threeshift-25c-01,ACO,1,4000,0124623e347cd2a6a5548e07e0af66e16d3b634b
L-main-threeshift-25c-01,ACO,2,4000,0124623e347cd2a6a5548e07e0af66e16d3b634b
L-main-threeshift-25c-01,ACO,3,4000,0124623e347cd2a6a5548e07e0af66e16d3b634b
L-main-threeshift-25c-01,ACO,4,4000,0124623e347cd2a6a5548e07e0af66e16d3b634b
L-main-threeshift-25c-01,ACO,5,4000,0124623e347cd2a6a5548e07e0af66e16d3b634b
L-main-threeshift-25c-01,ACO,6,4000,0124623e347cd2a6a5548e07e0af66e16d3b634b
L-main-threeshift-25c-01,ACO,7,4000,0124623e347cd2a6a5548e07e0af66e16d3b634b
L-main-threeshift-25c-01,ACO,8,4000,0124623e347cd2a6a5548e07e0af66e16d3b634b
L-main-threeshift-25c-01,ACO,9,4000,0124623e347cd2a6a5548e07e0af66e16d3b634b
L-main-threeshift-25c-01,ACO,10,4000,0124623e347cd2a6a5548e07e0af66e16d3b634b
L-main-threeshift-25c-01,GA-VNS,1,4000,0124623e347cd2a6a5548e07e0af66e16d3b634b
L-main-threeshift-25c-01,GA-VNS,2,4000,0124623e347cd2a6a5548e07e0af66e16d3b634b
L-main-threeshift-25c-01,GA-VNS,3,4000,0124623e347cd2a6a5548e07e0af66e16d3b634b
L-main-threeshift-25c-01,GA-VNS,4,4000,0124623e347cd2a6a5548e07e0af66e16d3b634b
L-main-threeshift-25c-01,GA-VNS,5,4000,0124623e347cd2a6a5548e07e0af66e16d3b634b
L-main-threeshift-25c-01,GA-VNS,6,4000,0124623e347cd2a6a5548e07e0af66e16d3b634b
L-main-threeshift-25c-01,GA-VNS,7,4000,0124623e347cd2a6a5548e07e0af66e16d3b634b
L-main-threeshift-25c-01,GA-VNS,8,4000,0124623e347cd2a6a5548e07e0af66e16d3b634b
L-main-threeshift-25c-01,GA-VNS,9,4000,0124623e347cd2a6a5548e07e0af66e16d3b634b
L-main-threeshift-25c-01,GA-VNS,10,4000,0124623e347cd2a6a5548e07e0af66e16d3b634b
L-main-threeshift-25c-01,LNS,1,4000,0124623e347cd2a6a5548e07e0af66e16d3b634b
L-main-threeshift-25c-01,LNS,2,4000,0124623e347cd2a6a5548e07e0af66e16d3b634b
L-main-threeshift-25c-01,LNS,3,4000,0124623e347cd2a6a5548e07e0af66e16d3b634b
L-main-threeshift-25c-01,LNS,4,4000,0124623e347cd2a6a5548e07e0af66e16d3b634b
L-main-threeshift-25c-01,LNS,5,4000,0124623e347cd2a6a5548e07e0af66e16d3b634b
L-main-threeshift-25c-01,LNS,6,4000,0124623e347cd2a6a5548e07e0af66e16d3b634b
L-main-threeshift-25c-01,LNS,7,4000,0124623e347cd2a6a5548e07e0af66e16d3b634b
L-main-threeshift-25c-01,LNS,8,4000,0124623e347cd2a6a5548e07e0af66e16d3b634b
L-main-threeshift-25c-01,LNS,9,4000,0124623e347cd2a6a5548e07e0af66e16d3b634b
L-main-threeshift-25c-01,LNS,10,4000,0124623e347cd2a6a5548e07e0af66e16d3b634b
L-main-threeshift-25c-01,GWO,1,4000,0124623e347cd2a6a5548e07e0af66e16d3b634b
L-main-threeshift-25c-01,GWO,2,4000,0124623e347cd2a6a5548e07e0af66e16d3b634b
L-main-threeshift-25c-01,GWO,3,4000,0124623e347cd2a6a5548e07e0af66e16d3b634b
L-main-threeshift-25c-01,GWO,4,4000,0124623e347cd2a6a5548e07e0af66e16d3b634b
L-main-threeshift-25c-01,GWO,5,4000,0124623e347cd2a6a5548e07e0af66e16d3b634b
L-main-threeshift-25c-01,GWO,6,4000,0124623e347cd2a6a5548e07e0af66e16d3b634b
L-main-threeshift-25c-01,GWO,7,4000,0124623e347cd2a6a5548e07e0af66e16d3b634b
L-main-threeshift-25c-01,GWO,8,4000,0124623e347cd2a6a5548e07e0af66e16d3b634b
L-main-threeshift-25c-01,GWO,9,4000,0124623e347cd2a6a5548e07e0af66e16d3b634b
L-main-threeshift-25c-01,GWO,10,4000,0124623e347cd2a6a5548e07e0af66e16d3b634b
L-main-threeshift-25c-01,IWD,1,4000,0124623e347cd2a6a5548e07e0af66e16d3b634b
L-main-threeshift-25c-01,IWD,2,4000,0124623e347cd2a6a5548e07e0af66e16d3b634b
L-main-threeshift-25c-01,IWD,3,4000,0124623e347cd2a6a5548e07e0af66e16d3b634b
L-main-threeshift-25c-01,IWD,4,4000,0124623e347cd2a6a5548e07e0af66e16d3b634b
L-main-threeshift-25c-01,IWD,5,4000,0124623e347cd2a6a5548e07e0af66e16d3b634b
L-main-threeshift-25c-01,IWD,6,4000,0124623e347cd2a6a5548e07e0af66e16d3b634b
L-main-threeshift-25c-01,IWD,7,4000,0124623e347cd2a6a5548e07e0af66e16d3b634b
L-main-threeshift-25c-01,IWD,8,4000,0124623e347cd2a6a5548e07e0af66e16d3b634b
L-main-threeshift-25c-01,IWD,9,4000,0124623e347cd2a6a5548e07e0af66e16d3b634b
L-main-threeshift-25c-01,IWD,10,4000,0124623e347cd2a6a5548e07e0af66e16d3b634b
L-main-threeshift-50c-01,staged_hybrid_carbon_aware,1,4000,0124623e347cd2a6a5548e07e0af66e16d3b634b
L-main-threeshift-50c-01,staged_hybrid_carbon_aware,2,4000,0124623e347cd2a6a5548e07e0af66e16d3b634b
L-main-threeshift-50c-01,staged_hybrid_carbon_aware,3,4000,0124623e347cd2a6a5548e07e0af66e16d3b634b
L-main-threeshift-50c-01,staged_hybrid_carbon_aware,4,4000,0124623e347cd2a6a5548e07e0af66e16d3b634b
L-main-threeshift-50c-01,staged_hybrid_carbon_aware,5,4000,0124623e347cd2a6a5548e07e0af66e16d3b634b
L-main-threeshift-50c-01,staged_hybrid_carbon_aware,6,4000,0124623e347cd2a6a5548e07e0af66e16d3b634b
L-main-threeshift-50c-01,staged_hybrid_carbon_aware,7,4000,0124623e347cd2a6a5548e07e0af66e16d3b634b
L-main-threeshift-50c-01,staged_hybrid_carbon_aware,8,4000,0124623e347cd2a6a5548e07e0af66e16d3b634b
L-main-threeshift-50c-01,staged_hybrid_carbon_aware,9,4000,0124623e347cd2a6a5548e07e0af66e16d3b634b
L-main-threeshift-50c-01,staged_hybrid_carbon_aware,10,4000,0124623e347cd2a6a5548e07e0af66e16d3b634b
L-main-threeshift-50c-01,GA,1,4000,0124623e347cd2a6a5548e07e0af66e16d3b634b
L-main-threeshift-50c-01,GA,2,4000,0124623e347cd2a6a5548e07e0af66e16d3b634b
L-main-threeshift-50c-01,GA,3,4000,0124623e347cd2a6a5548e07e0af66e16d3b634b
L-main-threeshift-50c-01,GA,4,4000,0124623e347cd2a6a5548e07e0af66e16d3b634b
L-main-threeshift-50c-01,GA,5,4000,0124623e347cd2a6a5548e07e0af66e16d3b634b
L-main-threeshift-50c-01,GA,6,4000,0124623e347cd2a6a5548e07e0af66e16d3b634b
L-main-threeshift-50c-01,GA,7,4000,0124623e347cd2a6a5548e07e0af66e16d3b634b
L-main-threeshift-50c-01,GA,8,4000,0124623e347cd2a6a5548e07e0af66e16d3b634b
L-main-threeshift-50c-01,GA,9,4000,0124623e347cd2a6a5548e07e0af66e16d3b634b
L-main-threeshift-50c-01,GA,10,4000,0124623e347cd2a6a5548e07e0af66e16d3b634b
L-main-threeshift-50c-01,PSO,1,4000,0124623e347cd2a6a5548e07e0af66e16d3b634b
L-main-threeshift-50c-01,PSO,2,4000,0124623e347cd2a6a5548e07e0af66e16d3b634b
L-main-threeshift-50c-01,PSO,3,4000,0124623e347cd2a6a5548e07e0af66e16d3b634b
L-main-threeshift-50c-01,PSO,4,4000,0124623e347cd2a6a5548e07e0af66e16d3b634b
L-main-threeshift-50c-01,PSO,5,4000,0124623e347cd2a6a5548e07e0af66e16d3b634b
L-main-threeshift-50c-01,PSO,6,4000,0124623e347cd2a6a5548e07e0af66e16d3b634b
L-main-threeshift-50c-01,PSO,7,4000,0124623e347cd2a6a5548e07e0af66e16d3b634b
L-main-threeshift-50c-01,PSO,8,4000,0124623e347cd2a6a5548e07e0af66e16d3b634b
L-main-threeshift-50c-01,PSO,9,4000,0124623e347cd2a6a5548e07e0af66e16d3b634b
L-main-threeshift-50c-01,PSO,10,4000,0124623e347cd2a6a5548e07e0af66e16d3b634b
L-main-threeshift-50c-01,VNS,1,4000,0124623e347cd2a6a5548e07e0af66e16d3b634b
L-main-threeshift-50c-01,VNS,2,4000,0124623e347cd2a6a5548e07e0af66e16d3b634b
L-main-threeshift-50c-01,VNS,3,4000,0124623e347cd2a6a5548e07e0af66e16d3b634b
L-main-threeshift-50c-01,VNS,4,4000,0124623e347cd2a6a5548e07e0af66e16d3b634b
L-main-threeshift-50c-01,VNS,5,4000,0124623e347cd2a6a5548e07e0af66e16d3b634b
L-main-threeshift-50c-01,VNS,6,4000,0124623e347cd2a6a5548e07e0af66e16d3b634b
L-main-threeshift-50c-01,VNS,7,4000,0124623e347cd2a6a5548e07e0af66e16d3b634b
L-main-threeshift-50c-01,VNS,8,4000,0124623e347cd2a6a5548e07e0af66e16d3b634b
L-main-threeshift-50c-01,VNS,9,4000,0124623e347cd2a6a5548e07e0af66e16d3b634b
L-main-threeshift-50c-01,VNS,10,4000,0124623e347cd2a6a5548e07e0af66e16d3b634b
L-main-threeshift-50c-01,ACO,1,4000,0124623e347cd2a6a5548e07e0af66e16d3b634b
L-main-threeshift-50c-01,ACO,2,4000,0124623e347cd2a6a5548e07e0af66e16d3b634b
L-main-threeshift-50c-01,ACO,3,4000,0124623e347cd2a6a5548e07e0af66e16d3b634b
L-main-threeshift-50c-01,ACO,4,4000,0124623e347cd2a6a5548e07e0af66e16d3b634b
L-main-threeshift-50c-01,ACO,5,4000,0124623e347cd2a6a5548e07e0af66e16d3b634b
L-main-threeshift-50c-01,ACO,6,4000,0124623e347cd2a6a5548e07e0af66e16d3b634b
L-main-threeshift-50c-01,ACO,7,4000,0124623e347cd2a6a5548e07e0af66e16d3b634b
L-main-threeshift-50c-01,ACO,8,4000,0124623e347cd2a6a5548e07e0af66e16d3b634b
L-main-threeshift-50c-01,ACO,9,4000,0124623e347cd2a6a5548e07e0af66e16d3b634b
L-main-threeshift-50c-01,ACO,10,4000,0124623e347cd2a6a5548e07e0af66e16d3b634b
L-main-threeshift-50c-01,GA-VNS,1,4000,0124623e347cd2a6a5548e07e0af66e16d3b634b
L-main-threeshift-50c-01,GA-VNS,2,4000,0124623e347cd2a6a5548e07e0af66e16d3b634b
L-main-threeshift-50c-01,GA-VNS,3,4000,0124623e347cd2a6a5548e07e0af66e16d3b634b
L-main-threeshift-50c-01,GA-VNS,4,4000,0124623e347cd2a6a5548e07e0af66e16d3b634b
L-main-threeshift-50c-01,GA-VNS,5,4000,0124623e347cd2a6a5548e07e0af66e16d3b634b
L-main-threeshift-50c-01,GA-VNS,6,4000,0124623e347cd2a6a5548e07e0af66e16d3b634b
L-main-threeshift-50c-01,GA-VNS,7,4000,0124623e347cd2a6a5548e07e0af66e16d3b634b
L-main-threeshift-50c-01,GA-VNS,8,4000,0124623e347cd2a6a5548e07e0af66e16d3b634b
L-main-threeshift-50c-01,GA-VNS,9,4000,0124623e347cd2a6a5548e07e0af66e16d3b634b
L-main-threeshift-50c-01,GA-VNS,10,4000,0124623e347cd2a6a5548e07e0af66e16d3b634b
L-main-threeshift-50c-01,LNS,1,4000,0124623e347cd2a6a5548e07e0af66e16d3b634b
L-main-threeshift-50c-01,LNS,2,4000,0124623e347cd2a6a5548e07e0af66e16d3b634b
L-main-threeshift-50c-01,LNS,3,4000,0124623e347cd2a6a5548e07e0af66e16d3b634b
L-main-threeshift-50c-01,LNS,4,4000,0124623e347cd2a6a5548e07e0af66e16d3b634b
L-main-threeshift-50c-01,LNS,5,4000,0124623e347cd2a6a5548e07e0af66e16d3b634b
L-main-threeshift-50c-01,LNS,6,4000,0124623e347cd2a6a5548e07e0af66e16d3b634b
L-main-threeshift-50c-01,LNS,7,4000,0124623e347cd2a6a5548e07e0af66e16d3b634b
L-main-threeshift-50c-01,LNS,8,4000,0124623e347cd2a6a5548e07e0af66e16d3b634b
L-main-threeshift-50c-01,LNS,9,4000,0124623e347cd2a6a5548e07e0af66e16d3b634b
L-main-threeshift-50c-01,LNS,10,4000,0124623e347cd2a6a5548e07e0af66e16d3b634b
L-main-threeshift-50c-01,GWO,1,4000,0124623e347cd2a6a5548e07e0af66e16d3b634b
L-main-threeshift-50c-01,GWO,2,4000,0124623e347cd2a6a5548e07e0af66e16d3b634b
L-main-threeshift-50c-01,GWO,3,4000,0124623e347cd2a6a5548e07e0af66e16d3b634b
L-main-threeshift-50c-01,GWO,4,4000,0124623e347cd2a6a5548e07e0af66e16d3b634b
L-main-threeshift-50c-01,GWO,5,4000,0124623e347cd2a6a5548e07e0af66e16d3b634b
L-main-threeshift-50c-01,GWO,6,4000,0124623e347cd2a6a5548e07e0af66e16d3b634b
L-main-threeshift-50c-01,GWO,7,4000,0124623e347cd2a6a5548e07e0af66e16d3b634b
L-main-threeshift-50c-01,GWO,8,4000,0124623e347cd2a6a5548e07e0af66e16d3b634b
L-main-threeshift-50c-01,GWO,9,4000,0124623e347cd2a6a5548e07e0af66e16d3b634b
L-main-threeshift-50c-01,GWO,10,4000,0124623e347cd2a6a5548e07e0af66e16d3b634b
L-main-threeshift-50c-01,IWD,1,4000,0124623e347cd2a6a5548e07e0af66e16d3b634b
L-main-threeshift-50c-01,IWD,2,4000,0124623e347cd2a6a5548e07e0af66e16d3b634b
L-main-threeshift-50c-01,IWD,3,4000,0124623e347cd2a6a5548e07e0af66e16d3b634b
L-main-threeshift-50c-01,IWD,4,4000,0124623e347cd2a6a5548e07e0af66e16d3b634b
L-main-threeshift-50c-01,IWD,5,4000,0124623e347cd2a6a5548e07e0af66e16d3b634b
L-main-threeshift-50c-01,IWD,6,4000,0124623e347cd2a6a5548e07e0af66e16d3b634b
L-main-threeshift-50c-01,IWD,7,4000,0124623e347cd2a6a5548e07e0af66e16d3b634b
L-main-threeshift-50c-01,IWD,8,4000,0124623e347cd2a6a5548e07e0af66e16d3b634b
L-main-threeshift-50c-01,IWD,9,4000,0124623e347cd2a6a5548e07e0af66e16d3b634b
L-main-threeshift-50c-01,IWD,10,4000,0124623e347cd2a6a5548e07e0af66e16d3b634b
L-main-threeshift-75c-01,staged_hybrid_carbon_aware,1,4000,0124623e347cd2a6a5548e07e0af66e16d3b634b
L-main-threeshift-75c-01,staged_hybrid_carbon_aware,2,4000,0124623e347cd2a6a5548e07e0af66e16d3b634b
L-main-threeshift-75c-01,staged_hybrid_carbon_aware,3,4000,0124623e347cd2a6a5548e07e0af66e16d3b634b
L-main-threeshift-75c-01,staged_hybrid_carbon_aware,4,4000,0124623e347cd2a6a5548e07e0af66e16d3b634b
L-main-threeshift-75c-01,staged_hybrid_carbon_aware,5,4000,0124623e347cd2a6a5548e07e0af66e16d3b634b
L-main-threeshift-75c-01,staged_hybrid_carbon_aware,6,4000,0124623e347cd2a6a5548e07e0af66e16d3b634b
L-main-threeshift-75c-01,staged_hybrid_carbon_aware,7,4000,0124623e347cd2a6a5548e07e0af66e16d3b634b
L-main-threeshift-75c-01,staged_hybrid_carbon_aware,8,4000,0124623e347cd2a6a5548e07e0af66e16d3b634b
L-main-threeshift-75c-01,staged_hybrid_carbon_aware,9,4000,0124623e347cd2a6a5548e07e0af66e16d3b634b
L-main-threeshift-75c-01,staged_hybrid_carbon_aware,10,4000,0124623e347cd2a6a5548e07e0af66e16d3b634b
L-main-threeshift-75c-01,GA,1,4000,0124623e347cd2a6a5548e07e0af66e16d3b634b
L-main-threeshift-75c-01,GA,2,4000,0124623e347cd2a6a5548e07e0af66e16d3b634b
L-main-threeshift-75c-01,GA,3,4000,0124623e347cd2a6a5548e07e0af66e16d3b634b
L-main-threeshift-75c-01,GA,4,4000,0124623e347cd2a6a5548e07e0af66e16d3b634b
L-main-threeshift-75c-01,GA,5,4000,0124623e347cd2a6a5548e07e0af66e16d3b634b
L-main-threeshift-75c-01,GA,6,4000,0124623e347cd2a6a5548e07e0af66e16d3b634b
L-main-threeshift-75c-01,GA,7,4000,0124623e347cd2a6a5548e07e0af66e16d3b634b
L-main-threeshift-75c-01,GA,8,4000,0124623e347cd2a6a5548e07e0af66e16d3b634b
L-main-threeshift-75c-01,GA,9,4000,0124623e347cd2a6a5548e07e0af66e16d3b634b
L-main-threeshift-75c-01,GA,10,4000,0124623e347cd2a6a5548e07e0af66e16d3b634b
L-main-threeshift-75c-01,PSO,1,4000,0124623e347cd2a6a5548e07e0af66e16d3b634b
L-main-threeshift-75c-01,PSO,2,4000,0124623e347cd2a6a5548e07e0af66e16d3b634b
L-main-threeshift-75c-01,PSO,3,4000,0124623e347cd2a6a5548e07e0af66e16d3b634b
L-main-threeshift-75c-01,PSO,4,4000,0124623e347cd2a6a5548e07e0af66e16d3b634b
L-main-threeshift-75c-01,PSO,5,4000,0124623e347cd2a6a5548e07e0af66e16d3b634b
L-main-threeshift-75c-01,PSO,6,4000,0124623e347cd2a6a5548e07e0af66e16d3b634b
L-main-threeshift-75c-01,PSO,7,4000,0124623e347cd2a6a5548e07e0af66e16d3b634b
L-main-threeshift-75c-01,PSO,8,4000,0124623e347cd2a6a5548e07e0af66e16d3b634b
L-main-threeshift-75c-01,PSO,9,4000,0124623e347cd2a6a5548e07e0af66e16d3b634b
L-main-threeshift-75c-01,PSO,10,4000,0124623e347cd2a6a5548e07e0af66e16d3b634b
L-main-threeshift-75c-01,VNS,1,4000,0124623e347cd2a6a5548e07e0af66e16d3b634b
L-main-threeshift-75c-01,VNS,2,4000,0124623e347cd2a6a5548e07e0af66e16d3b634b
L-main-threeshift-75c-01,VNS,3,4000,0124623e347cd2a6a5548e07e0af66e16d3b634b
L-main-threeshift-75c-01,VNS,4,4000,0124623e347cd2a6a5548e07e0af66e16d3b634b
L-main-threeshift-75c-01,VNS,5,4000,0124623e347cd2a6a5548e07e0af66e16d3b634b
L-main-threeshift-75c-01,VNS,6,4000,0124623e347cd2a6a5548e07e0af66e16d3b634b
L-main-threeshift-75c-01,VNS,7,4000,0124623e347cd2a6a5548e07e0af66e16d3b634b
L-main-threeshift-75c-01,VNS,8,4000,0124623e347cd2a6a5548e07e0af66e16d3b634b
L-main-threeshift-75c-01,VNS,9,4000,0124623e347cd2a6a5548e07e0af66e16d3b634b
L-main-threeshift-75c-01,VNS,10,4000,0124623e347cd2a6a5548e07e0af66e16d3b634b
L-main-threeshift-75c-01,ACO,1,4000,0124623e347cd2a6a5548e07e0af66e16d3b634b
L-main-threeshift-75c-01,ACO,2,4000,0124623e347cd2a6a5548e07e0af66e16d3b634b
L-main-threeshift-75c-01,ACO,3,4000,0124623e347cd2a6a5548e07e0af66e16d3b634b
L-main-threeshift-75c-01,ACO,4,4000,0124623e347cd2a6a5548e07e0af66e16d3b634b
L-main-threeshift-75c-01,ACO,5,4000,0124623e347cd2a6a5548e07e0af66e16d3b634b
L-main-threeshift-75c-01,ACO,6,4000,0124623e347cd2a6a5548e07e0af66e16d3b634b
L-main-threeshift-75c-01,ACO,7,4000,0124623e347cd2a6a5548e07e0af66e16d3b634b
L-main-threeshift-75c-01,ACO,8,4000,0124623e347cd2a6a5548e07e0af66e16d3b634b
L-main-threeshift-75c-01,ACO,9,4000,0124623e347cd2a6a5548e07e0af66e16d3b634b
L-main-threeshift-75c-01,ACO,10,4000,0124623e347cd2a6a5548e07e0af66e16d3b634b
L-main-threeshift-75c-01,GA-VNS,1,4000,0124623e347cd2a6a5548e07e0af66e16d3b634b
L-main-threeshift-75c-01,GA-VNS,2,4000,0124623e347cd2a6a5548e07e0af66e16d3b634b
L-main-threeshift-75c-01,GA-VNS,3,4000,0124623e347cd2a6a5548e07e0af66e16d3b634b
L-main-threeshift-75c-01,GA-VNS,4,4000,0124623e347cd2a6a5548e07e0af66e16d3b634b
L-main-threeshift-75c-01,GA-VNS,5,4000,0124623e347cd2a6a5548e07e0af66e16d3b634b
L-main-threeshift-75c-01,GA-VNS,6,4000,0124623e347cd2a6a5548e07e0af66e16d3b634b
L-main-threeshift-75c-01,GA-VNS,7,4000,0124623e347cd2a6a5548e07e0af66e16d3b634b
L-main-threeshift-75c-01,GA-VNS,8,4000,0124623e347cd2a6a5548e07e0af66e16d3b634b
L-main-threeshift-75c-01,GA-VNS,9,4000,0124623e347cd2a6a5548e07e0af66e16d3b634b
L-main-threeshift-75c-01,GA-VNS,10,4000,0124623e347cd2a6a5548e07e0af66e16d3b634b
L-main-threeshift-75c-01,LNS,1,4000,0124623e347cd2a6a5548e07e0af66e16d3b634b
L-main-threeshift-75c-01,LNS,2,4000,0124623e347cd2a6a5548e07e0af66e16d3b634b
L-main-threeshift-75c-01,LNS,3,4000,0124623e347cd2a6a5548e07e0af66e16d3b634b
L-main-threeshift-75c-01,LNS,4,4000,0124623e347cd2a6a5548e07e0af66e16d3b634b
L-main-threeshift-75c-01,LNS,5,4000,0124623e347cd2a6a5548e07e0af66e16d3b634b
L-main-threeshift-75c-01,LNS,6,4000,0124623e347cd2a6a5548e07e0af66e16d3b634b
L-main-threeshift-75c-01,LNS,7,4000,0124623e347cd2a6a5548e07e0af66e16d3b634b
L-main-threeshift-75c-01,LNS,8,4000,0124623e347cd2a6a5548e07e0af66e16d3b634b
L-main-threeshift-75c-01,LNS,9,4000,0124623e347cd2a6a5548e07e0af66e16d3b634b
L-main-threeshift-75c-01,LNS,10,4000,0124623e347cd2a6a5548e07e0af66e16d3b634b
L-main-threeshift-75c-01,GWO,1,4000,0124623e347cd2a6a5548e07e0af66e16d3b634b
L-main-threeshift-75c-01,GWO,2,4000,0124623e347cd2a6a5548e07e0af66e16d3b634b
L-main-threeshift-75c-01,GWO,3,4000,0124623e347cd2a6a5548e07e0af66e16d3b634b
L-main-threeshift-75c-01,GWO,4,4000,0124623e347cd2a6a5548e07e0af66e16d3b634b
L-main-threeshift-75c-01,GWO,5,4000,0124623e347cd2a6a5548e07e0af66e16d3b634b
L-main-threeshift-75c-01,GWO,6,4000,0124623e347cd2a6a5548e07e0af66e16d3b634b
L-main-threeshift-75c-01,GWO,7,4000,0124623e347cd2a6a5548e07e0af66e16d3b634b
L-main-threeshift-75c-01,GWO,8,4000,0124623e347cd2a6a5548e07e0af66e16d3b634b
L-main-threeshift-75c-01,GWO,9,4000,0124623e347cd2a6a5548e07e0af66e16d3b634b
L-main-threeshift-75c-01,GWO,10,4000,0124623e347cd2a6a5548e07e0af66e16d3b634b
L-main-threeshift-75c-01,IWD,1,4000,0124623e347cd2a6a5548e07e0af66e16d3b634b
L-main-threeshift-75c-01,IWD,2,4000,0124623e347cd2a6a5548e07e0af66e16d3b634b
L-main-threeshift-75c-01,IWD,3,4000,0124623e347cd2a6a5548e07e0af66e16d3b634b
L-main-threeshift-75c-01,IWD,4,4000,0124623e347cd2a6a5548e07e0af66e16d3b634b
L-main-threeshift-75c-01,IWD,5,4000,0124623e347cd2a6a5548e07e0af66e16d3b634b
L-main-threeshift-75c-01,IWD,6,4000,0124623e347cd2a6a5548e07e0af66e16d3b634b
L-main-threeshift-75c-01,IWD,7,4000,0124623e347cd2a6a5548e07e0af66e16d3b634b
L-main-threeshift-75c-01,IWD,8,4000,0124623e347cd2a6a5548e07e0af66e16d3b634b
L-main-threeshift-75c-01,IWD,9,4000,0124623e347cd2a6a5548e07e0af66e16d3b634b
L-main-threeshift-75c-01,IWD,10,4000,0124623e347cd2a6a5548e07e0af66e16d3b634b
L-main-threeshift-100c-01,staged_hybrid_carbon_aware,1,4000,0124623e347cd2a6a5548e07e0af66e16d3b634b
L-main-threeshift-100c-01,staged_hybrid_carbon_aware,2,4000,0124623e347cd2a6a5548e07e0af66e16d3b634b
L-main-threeshift-100c-01,staged_hybrid_carbon_aware,3,4000,0124623e347cd2a6a5548e07e0af66e16d3b634b
L-main-threeshift-100c-01,staged_hybrid_carbon_aware,4,4000,0124623e347cd2a6a5548e07e0af66e16d3b634b
L-main-threeshift-100c-01,staged_hybrid_carbon_aware,5,4000,0124623e347cd2a6a5548e07e0af66e16d3b634b
L-main-threeshift-100c-01,staged_hybrid_carbon_aware,6,4000,0124623e347cd2a6a5548e07e0af66e16d3b634b
L-main-threeshift-100c-01,staged_hybrid_carbon_aware,7,4000,0124623e347cd2a6a5548e07e0af66e16d3b634b
L-main-threeshift-100c-01,staged_hybrid_carbon_aware,8,4000,0124623e347cd2a6a5548e07e0af66e16d3b634b
L-main-threeshift-100c-01,staged_hybrid_carbon_aware,9,4000,0124623e347cd2a6a5548e07e0af66e16d3b634b
L-main-threeshift-100c-01,staged_hybrid_carbon_aware,10,4000,0124623e347cd2a6a5548e07e0af66e16d3b634b
L-main-threeshift-100c-01,GA,1,4000,0124623e347cd2a6a5548e07e0af66e16d3b634b
L-main-threeshift-100c-01,GA,2,4000,0124623e347cd2a6a5548e07e0af66e16d3b634b
L-main-threeshift-100c-01,GA,3,4000,0124623e347cd2a6a5548e07e0af66e16d3b634b
L-main-threeshift-100c-01,GA,4,4000,0124623e347cd2a6a5548e07e0af66e16d3b634b
L-main-threeshift-100c-01,GA,5,4000,0124623e347cd2a6a5548e07e0af66e16d3b634b
L-main-threeshift-100c-01,GA,6,4000,0124623e347cd2a6a5548e07e0af66e16d3b634b
L-main-threeshift-100c-01,GA,7,4000,0124623e347cd2a6a5548e07e0af66e16d3b634b
L-main-threeshift-100c-01,GA,8,4000,0124623e347cd2a6a5548e07e0af66e16d3b634b
L-main-threeshift-100c-01,GA,9,4000,0124623e347cd2a6a5548e07e0af66e16d3b634b
L-main-threeshift-100c-01,GA,10,4000,0124623e347cd2a6a5548e07e0af66e16d3b634b
L-main-threeshift-100c-01,PSO,1,4000,0124623e347cd2a6a5548e07e0af66e16d3b634b
L-main-threeshift-100c-01,PSO,2,4000,0124623e347cd2a6a5548e07e0af66e16d3b634b
L-main-threeshift-100c-01,PSO,3,4000,0124623e347cd2a6a5548e07e0af66e16d3b634b
L-main-threeshift-100c-01,PSO,4,4000,0124623e347cd2a6a5548e07e0af66e16d3b634b
L-main-threeshift-100c-01,PSO,5,4000,0124623e347cd2a6a5548e07e0af66e16d3b634b
L-main-threeshift-100c-01,PSO,6,4000,0124623e347cd2a6a5548e07e0af66e16d3b634b
L-main-threeshift-100c-01,PSO,7,4000,0124623e347cd2a6a5548e07e0af66e16d3b634b
L-main-threeshift-100c-01,PSO,8,4000,0124623e347cd2a6a5548e07e0af66e16d3b634b
L-main-threeshift-100c-01,PSO,9,4000,0124623e347cd2a6a5548e07e0af66e16d3b634b
L-main-threeshift-100c-01,PSO,10,4000,0124623e347cd2a6a5548e07e0af66e16d3b634b
L-main-threeshift-100c-01,VNS,1,4000,0124623e347cd2a6a5548e07e0af66e16d3b634b
L-main-threeshift-100c-01,VNS,2,4000,0124623e347cd2a6a5548e07e0af66e16d3b634b
L-main-threeshift-100c-01,VNS,3,4000,0124623e347cd2a6a5548e07e0af66e16d3b634b
L-main-threeshift-100c-01,VNS,4,4000,0124623e347cd2a6a5548e07e0af66e16d3b634b
L-main-threeshift-100c-01,VNS,5,4000,0124623e347cd2a6a5548e07e0af66e16d3b634b
L-main-threeshift-100c-01,VNS,6,4000,0124623e347cd2a6a5548e07e0af66e16d3b634b
L-main-threeshift-100c-01,VNS,7,4000,0124623e347cd2a6a5548e07e0af66e16d3b634b
L-main-threeshift-100c-01,VNS,8,4000,0124623e347cd2a6a5548e07e0af66e16d3b634b
L-main-threeshift-100c-01,VNS,9,4000,0124623e347cd2a6a5548e07e0af66e16d3b634b
L-main-threeshift-100c-01,VNS,10,4000,0124623e347cd2a6a5548e07e0af66e16d3b634b
L-main-threeshift-100c-01,ACO,1,4000,0124623e347cd2a6a5548e07e0af66e16d3b634b
L-main-threeshift-100c-01,ACO,2,4000,0124623e347cd2a6a5548e07e0af66e16d3b634b
L-main-threeshift-100c-01,ACO,3,4000,0124623e347cd2a6a5548e07e0af66e16d3b634b
L-main-threeshift-100c-01,ACO,4,4000,0124623e347cd2a6a5548e07e0af66e16d3b634b
L-main-threeshift-100c-01,ACO,5,4000,0124623e347cd2a6a5548e07e0af66e16d3b634b
L-main-threeshift-100c-01,ACO,6,4000,0124623e347cd2a6a5548e07e0af66e16d3b634b
L-main-threeshift-100c-01,ACO,7,4000,0124623e347cd2a6a5548e07e0af66e16d3b634b
L-main-threeshift-100c-01,ACO,8,4000,0124623e347cd2a6a5548e07e0af66e16d3b634b
L-main-threeshift-100c-01,ACO,9,4000,0124623e347cd2a6a5548e07e0af66e16d3b634b
L-main-threeshift-100c-01,ACO,10,4000,0124623e347cd2a6a5548e07e0af66e16d3b634b
L-main-threeshift-100c-01,GA-VNS,1,4000,0124623e347cd2a6a5548e07e0af66e16d3b634b
L-main-threeshift-100c-01,GA-VNS,2,4000,0124623e347cd2a6a5548e07e0af66e16d3b634b
L-main-threeshift-100c-01,GA-VNS,3,4000,0124623e347cd2a6a5548e07e0af66e16d3b634b
L-main-threeshift-100c-01,GA-VNS,4,4000,0124623e347cd2a6a5548e07e0af66e16d3b634b
L-main-threeshift-100c-01,GA-VNS,5,4000,0124623e347cd2a6a5548e07e0af66e16d3b634b
L-main-threeshift-100c-01,GA-VNS,6,4000,0124623e347cd2a6a5548e07e0af66e16d3b634b
L-main-threeshift-100c-01,GA-VNS,7,4000,0124623e347cd2a6a5548e07e0af66e16d3b634b
L-main-threeshift-100c-01,GA-VNS,8,4000,0124623e347cd2a6a5548e07e0af66e16d3b634b
L-main-threeshift-100c-01,GA-VNS,9,4000,0124623e347cd2a6a5548e07e0af66e16d3b634b
L-main-threeshift-100c-01,GA-VNS,10,4000,0124623e347cd2a6a5548e07e0af66e16d3b634b
L-main-threeshift-100c-01,LNS,1,4000,0124623e347cd2a6a5548e07e0af66e16d3b634b
L-main-threeshift-100c-01,LNS,2,4000,0124623e347cd2a6a5548e07e0af66e16d3b634b
L-main-threeshift-100c-01,LNS,3,4000,0124623e347cd2a6a5548e07e0af66e16d3b634b
L-main-threeshift-100c-01,LNS,4,4000,0124623e347cd2a6a5548e07e0af66e16d3b634b
L-main-threeshift-100c-01,LNS,5,4000,0124623e347cd2a6a5548e07e0af66e16d3b634b
L-main-threeshift-100c-01,LNS,6,4000,0124623e347cd2a6a5548e07e0af66e16d3b634b
L-main-threeshift-100c-01,LNS,7,4000,0124623e347cd2a6a5548e07e0af66e16d3b634b
L-main-threeshift-100c-01,LNS,8,4000,0124623e347cd2a6a5548e07e0af66e16d3b634b
L-main-threeshift-100c-01,LNS,9,4000,0124623e347cd2a6a5548e07e0af66e16d3b634b
L-main-threeshift-100c-01,LNS,10,4000,0124623e347cd2a6a5548e07e0af66e16d3b634b
L-main-threeshift-100c-01,GWO,1,4000,0124623e347cd2a6a5548e07e0af66e16d3b634b
L-main-threeshift-100c-01,GWO,2,4000,0124623e347cd2a6a5548e07e0af66e16d3b634b
L-main-threeshift-100c-01,GWO,3,4000,0124623e347cd2a6a5548e07e0af66e16d3b634b
L-main-threeshift-100c-01,GWO,4,4000,0124623e347cd2a6a5548e07e0af66e16d3b634b
L-main-threeshift-100c-01,GWO,5,4000,0124623e347cd2a6a5548e07e0af66e16d3b634b
L-main-threeshift-100c-01,GWO,6,4000,0124623e347cd2a6a5548e07e0af66e16d3b634b
L-main-threeshift-100c-01,GWO,7,4000,0124623e347cd2a6a5548e07e0af66e16d3b634b
L-main-threeshift-100c-01,GWO,8,4000,0124623e347cd2a6a5548e07e0af66e16d3b634b
L-main-threeshift-100c-01,GWO,9,4000,0124623e347cd2a6a5548e07e0af66e16d3b634b
L-main-threeshift-100c-01,GWO,10,4000,0124623e347cd2a6a5548e07e0af66e16d3b634b
L-main-threeshift-100c-01,IWD,1,4000,0124623e347cd2a6a5548e07e0af66e16d3b634b
L-main-threeshift-100c-01,IWD,2,4000,0124623e347cd2a6a5548e07e0af66e16d3b634b
L-main-threeshift-100c-01,IWD,3,4000,0124623e347cd2a6a5548e07e0af66e16d3b634b
L-main-threeshift-100c-01,IWD,4,4000,0124623e347cd2a6a5548e07e0af66e16d3b634b
L-main-threeshift-100c-01,IWD,5,4000,0124623e347cd2a6a5548e07e0af66e16d3b634b
L-main-threeshift-100c-01,IWD,6,4000,0124623e347cd2a6a5548e07e0af66e16d3b634b
L-main-threeshift-100c-01,IWD,7,4000,0124623e347cd2a6a5548e07e0af66e16d3b634b
L-main-threeshift-100c-01,IWD,8,4000,0124623e347cd2a6a5548e07e0af66e16d3b634b
L-main-threeshift-100c-01,IWD,9,4000,0124623e347cd2a6a5548e07e0af66e16d3b634b
L-main-threeshift-100c-01,IWD,10,4000,0124623e347cd2a6a5548e07e0af66e16d3b634b
L-main-threeshift-150c-01,staged_hybrid_carbon_aware,1,4000,0124623e347cd2a6a5548e07e0af66e16d3b634b
L-main-threeshift-150c-01,staged_hybrid_carbon_aware,2,4000,0124623e347cd2a6a5548e07e0af66e16d3b634b
L-main-threeshift-150c-01,staged_hybrid_carbon_aware,3,4000,0124623e347cd2a6a5548e07e0af66e16d3b634b
L-main-threeshift-150c-01,staged_hybrid_carbon_aware,4,4000,0124623e347cd2a6a5548e07e0af66e16d3b634b
L-main-threeshift-150c-01,staged_hybrid_carbon_aware,5,4000,0124623e347cd2a6a5548e07e0af66e16d3b634b
L-main-threeshift-150c-01,staged_hybrid_carbon_aware,6,4000,0124623e347cd2a6a5548e07e0af66e16d3b634b
L-main-threeshift-150c-01,staged_hybrid_carbon_aware,7,4000,0124623e347cd2a6a5548e07e0af66e16d3b634b
L-main-threeshift-150c-01,staged_hybrid_carbon_aware,8,4000,0124623e347cd2a6a5548e07e0af66e16d3b634b
L-main-threeshift-150c-01,staged_hybrid_carbon_aware,9,4000,0124623e347cd2a6a5548e07e0af66e16d3b634b
L-main-threeshift-150c-01,staged_hybrid_carbon_aware,10,4000,0124623e347cd2a6a5548e07e0af66e16d3b634b
L-main-threeshift-150c-01,GA,1,4000,0124623e347cd2a6a5548e07e0af66e16d3b634b
L-main-threeshift-150c-01,GA,2,4000,0124623e347cd2a6a5548e07e0af66e16d3b634b
L-main-threeshift-150c-01,GA,3,4000,0124623e347cd2a6a5548e07e0af66e16d3b634b
L-main-threeshift-150c-01,GA,4,4000,0124623e347cd2a6a5548e07e0af66e16d3b634b
L-main-threeshift-150c-01,GA,5,4000,0124623e347cd2a6a5548e07e0af66e16d3b634b
L-main-threeshift-150c-01,GA,6,4000,0124623e347cd2a6a5548e07e0af66e16d3b634b
L-main-threeshift-150c-01,GA,7,4000,0124623e347cd2a6a5548e07e0af66e16d3b634b
L-main-threeshift-150c-01,GA,8,4000,0124623e347cd2a6a5548e07e0af66e16d3b634b
L-main-threeshift-150c-01,GA,9,4000,0124623e347cd2a6a5548e07e0af66e16d3b634b
L-main-threeshift-150c-01,GA,10,4000,0124623e347cd2a6a5548e07e0af66e16d3b634b
L-main-threeshift-150c-01,PSO,1,4000,0124623e347cd2a6a5548e07e0af66e16d3b634b
L-main-threeshift-150c-01,PSO,2,4000,0124623e347cd2a6a5548e07e0af66e16d3b634b
L-main-threeshift-150c-01,PSO,3,4000,0124623e347cd2a6a5548e07e0af66e16d3b634b
L-main-threeshift-150c-01,PSO,4,4000,0124623e347cd2a6a5548e07e0af66e16d3b634b
L-main-threeshift-150c-01,PSO,5,4000,0124623e347cd2a6a5548e07e0af66e16d3b634b
L-main-threeshift-150c-01,PSO,6,4000,0124623e347cd2a6a5548e07e0af66e16d3b634b
L-main-threeshift-150c-01,PSO,7,4000,0124623e347cd2a6a5548e07e0af66e16d3b634b
L-main-threeshift-150c-01,PSO,8,4000,0124623e347cd2a6a5548e07e0af66e16d3b634b
L-main-threeshift-150c-01,PSO,9,4000,0124623e347cd2a6a5548e07e0af66e16d3b634b
L-main-threeshift-150c-01,PSO,10,4000,0124623e347cd2a6a5548e07e0af66e16d3b634b
L-main-threeshift-150c-01,VNS,1,4000,0124623e347cd2a6a5548e07e0af66e16d3b634b
L-main-threeshift-150c-01,VNS,2,4000,0124623e347cd2a6a5548e07e0af66e16d3b634b
L-main-threeshift-150c-01,VNS,3,4000,0124623e347cd2a6a5548e07e0af66e16d3b634b
L-main-threeshift-150c-01,VNS,4,4000,0124623e347cd2a6a5548e07e0af66e16d3b634b
L-main-threeshift-150c-01,VNS,5,4000,0124623e347cd2a6a5548e07e0af66e16d3b634b
L-main-threeshift-150c-01,VNS,6,4000,0124623e347cd2a6a5548e07e0af66e16d3b634b
L-main-threeshift-150c-01,VNS,7,4000,0124623e347cd2a6a5548e07e0af66e16d3b634b
L-main-threeshift-150c-01,VNS,8,4000,0124623e347cd2a6a5548e07e0af66e16d3b634b
L-main-threeshift-150c-01,VNS,9,4000,0124623e347cd2a6a5548e07e0af66e16d3b634b
L-main-threeshift-150c-01,VNS,10,4000,0124623e347cd2a6a5548e07e0af66e16d3b634b
L-main-threeshift-150c-01,ACO,1,4000,0124623e347cd2a6a5548e07e0af66e16d3b634b
L-main-threeshift-150c-01,ACO,2,4000,0124623e347cd2a6a5548e07e0af66e16d3b634b
L-main-threeshift-150c-01,ACO,3,4000,0124623e347cd2a6a5548e07e0af66e16d3b634b
L-main-threeshift-150c-01,ACO,4,4000,0124623e347cd2a6a5548e07e0af66e16d3b634b
L-main-threeshift-150c-01,ACO,5,4000,0124623e347cd2a6a5548e07e0af66e16d3b634b
L-main-threeshift-150c-01,ACO,6,4000,0124623e347cd2a6a5548e07e0af66e16d3b634b
L-main-threeshift-150c-01,ACO,7,4000,0124623e347cd2a6a5548e07e0af66e16d3b634b
L-main-threeshift-150c-01,ACO,8,4000,0124623e347cd2a6a5548e07e0af66e16d3b634b
L-main-threeshift-150c-01,ACO,9,4000,0124623e347cd2a6a5548e07e0af66e16d3b634b
L-main-threeshift-150c-01,ACO,10,4000,0124623e347cd2a6a5548e07e0af66e16d3b634b
L-main-threeshift-150c-01,GA-VNS,1,4000,0124623e347cd2a6a5548e07e0af66e16d3b634b
L-main-threeshift-150c-01,GA-VNS,2,4000,0124623e347cd2a6a5548e07e0af66e16d3b634b
L-main-threeshift-150c-01,GA-VNS,3,4000,0124623e347cd2a6a5548e07e0af66e16d3b634b
L-main-threeshift-150c-01,GA-VNS,4,4000,0124623e347cd2a6a5548e07e0af66e16d3b634b
L-main-threeshift-150c-01,GA-VNS,5,4000,0124623e347cd2a6a5548e07e0af66e16d3b634b
L-main-threeshift-150c-01,GA-VNS,6,4000,0124623e347cd2a6a5548e07e0af66e16d3b634b
L-main-threeshift-150c-01,GA-VNS,7,4000,0124623e347cd2a6a5548e07e0af66e16d3b634b
L-main-threeshift-150c-01,GA-VNS,8,4000,0124623e347cd2a6a5548e07e0af66e16d3b634b
L-main-threeshift-150c-01,GA-VNS,9,4000,0124623e347cd2a6a5548e07e0af66e16d3b634b
L-main-threeshift-150c-01,GA-VNS,10,4000,0124623e347cd2a6a5548e07e0af66e16d3b634b
L-main-threeshift-150c-01,LNS,1,4000,0124623e347cd2a6a5548e07e0af66e16d3b634b
L-main-threeshift-150c-01,LNS,2,4000,0124623e347cd2a6a5548e07e0af66e16d3b634b
L-main-threeshift-150c-01,LNS,3,4000,0124623e347cd2a6a5548e07e0af66e16d3b634b
L-main-threeshift-150c-01,LNS,4,4000,0124623e347cd2a6a5548e07e0af66e16d3b634b
L-main-threeshift-150c-01,LNS,5,4000,0124623e347cd2a6a5548e07e0af66e16d3b634b
L-main-threeshift-150c-01,LNS,6,4000,0124623e347cd2a6a5548e07e0af66e16d3b634b
L-main-threeshift-150c-01,LNS,7,4000,0124623e347cd2a6a5548e07e0af66e16d3b634b
L-main-threeshift-150c-01,LNS,8,4000,0124623e347cd2a6a5548e07e0af66e16d3b634b
L-main-threeshift-150c-01,LNS,9,4000,0124623e347cd2a6a5548e07e0af66e16d3b634b
L-main-threeshift-150c-01,LNS,10,4000,0124623e347cd2a6a5548e07e0af66e16d3b634b
L-main-threeshift-150c-01,GWO,1,4000,0124623e347cd2a6a5548e07e0af66e16d3b634b
L-main-threeshift-150c-01,GWO,2,4000,0124623e347cd2a6a5548e07e0af66e16d3b634b
L-main-threeshift-150c-01,GWO,3,4000,0124623e347cd2a6a5548e07e0af66e16d3b634b
L-main-threeshift-150c-01,GWO,4,4000,0124623e347cd2a6a5548e07e0af66e16d3b634b
L-main-threeshift-150c-01,GWO,5,4000,0124623e347cd2a6a5548e07e0af66e16d3b634b
L-main-threeshift-150c-01,GWO,6,4000,0124623e347cd2a6a5548e07e0af66e16d3b634b
L-main-threeshift-150c-01,GWO,7,4000,0124623e347cd2a6a5548e07e0af66e16d3b634b
L-main-threeshift-150c-01,GWO,8,4000,0124623e347cd2a6a5548e07e0af66e16d3b634b
L-main-threeshift-150c-01,GWO,9,4000,0124623e347cd2a6a5548e07e0af66e16d3b634b
L-main-threeshift-150c-01,GWO,10,4000,0124623e347cd2a6a5548e07e0af66e16d3b634b
L-main-threeshift-150c-01,IWD,1,4000,0124623e347cd2a6a5548e07e0af66e16d3b634b
L-main-threeshift-150c-01,IWD,2,4000,0124623e347cd2a6a5548e07e0af66e16d3b634b
L-main-threeshift-150c-01,IWD,3,4000,0124623e347cd2a6a5548e07e0af66e16d3b634b
L-main-threeshift-150c-01,IWD,4,4000,0124623e347cd2a6a5548e07e0af66e16d3b634b
L-main-threeshift-150c-01,IWD,5,4000,0124623e347cd2a6a5548e07e0af66e16d3b634b
L-main-threeshift-150c-01,IWD,6,4000,0124623e347cd2a6a5548e07e0af66e16d3b634b
L-main-threeshift-150c-01,IWD,7,4000,0124623e347cd2a6a5548e07e0af66e16d3b634b
L-main-threeshift-150c-01,IWD,8,4000,0124623e347cd2a6a5548e07e0af66e16d3b634b
L-main-threeshift-150c-01,IWD,9,4000,0124623e347cd2a6a5548e07e0af66e16d3b634b
L-main-threeshift-150c-01,IWD,10,4000,0124623e347cd2a6a5548e07e0af66e16d3b634b
L-main-threeshift-200c-01,staged_hybrid_carbon_aware,1,4000,0124623e347cd2a6a5548e07e0af66e16d3b634b
L-main-threeshift-200c-01,staged_hybrid_carbon_aware,2,4000,0124623e347cd2a6a5548e07e0af66e16d3b634b
L-main-threeshift-200c-01,staged_hybrid_carbon_aware,3,4000,0124623e347cd2a6a5548e07e0af66e16d3b634b
L-main-threeshift-200c-01,staged_hybrid_carbon_aware,4,4000,0124623e347cd2a6a5548e07e0af66e16d3b634b
L-main-threeshift-200c-01,staged_hybrid_carbon_aware,5,4000,0124623e347cd2a6a5548e07e0af66e16d3b634b
L-main-threeshift-200c-01,staged_hybrid_carbon_aware,6,4000,0124623e347cd2a6a5548e07e0af66e16d3b634b
L-main-threeshift-200c-01,staged_hybrid_carbon_aware,7,4000,0124623e347cd2a6a5548e07e0af66e16d3b634b
L-main-threeshift-200c-01,staged_hybrid_carbon_aware,8,4000,0124623e347cd2a6a5548e07e0af66e16d3b634b
L-main-threeshift-200c-01,staged_hybrid_carbon_aware,9,4000,0124623e347cd2a6a5548e07e0af66e16d3b634b
L-main-threeshift-200c-01,staged_hybrid_carbon_aware,10,4000,0124623e347cd2a6a5548e07e0af66e16d3b634b
L-main-threeshift-200c-01,GA,1,4000,0124623e347cd2a6a5548e07e0af66e16d3b634b
L-main-threeshift-200c-01,GA,2,4000,0124623e347cd2a6a5548e07e0af66e16d3b634b
L-main-threeshift-200c-01,GA,3,4000,0124623e347cd2a6a5548e07e0af66e16d3b634b
L-main-threeshift-200c-01,GA,4,4000,0124623e347cd2a6a5548e07e0af66e16d3b634b
L-main-threeshift-200c-01,GA,5,4000,0124623e347cd2a6a5548e07e0af66e16d3b634b
L-main-threeshift-200c-01,GA,6,4000,0124623e347cd2a6a5548e07e0af66e16d3b634b
L-main-threeshift-200c-01,GA,7,4000,0124623e347cd2a6a5548e07e0af66e16d3b634b
L-main-threeshift-200c-01,GA,8,4000,0124623e347cd2a6a5548e07e0af66e16d3b634b
L-main-threeshift-200c-01,GA,9,4000,0124623e347cd2a6a5548e07e0af66e16d3b634b
L-main-threeshift-200c-01,GA,10,4000,0124623e347cd2a6a5548e07e0af66e16d3b634b
L-main-threeshift-200c-01,PSO,1,4000,0124623e347cd2a6a5548e07e0af66e16d3b634b
L-main-threeshift-200c-01,PSO,2,4000,0124623e347cd2a6a5548e07e0af66e16d3b634b
L-main-threeshift-200c-01,PSO,3,4000,0124623e347cd2a6a5548e07e0af66e16d3b634b
L-main-threeshift-200c-01,PSO,4,4000,0124623e347cd2a6a5548e07e0af66e16d3b634b
L-main-threeshift-200c-01,PSO,5,4000,0124623e347cd2a6a5548e07e0af66e16d3b634b
L-main-threeshift-200c-01,PSO,6,4000,0124623e347cd2a6a5548e07e0af66e16d3b634b
L-main-threeshift-200c-01,PSO,7,4000,0124623e347cd2a6a5548e07e0af66e16d3b634b
L-main-threeshift-200c-01,PSO,8,4000,0124623e347cd2a6a5548e07e0af66e16d3b634b
L-main-threeshift-200c-01,PSO,9,4000,0124623e347cd2a6a5548e07e0af66e16d3b634b
L-main-threeshift-200c-01,PSO,10,4000,0124623e347cd2a6a5548e07e0af66e16d3b634b
L-main-threeshift-200c-01,VNS,1,4000,0124623e347cd2a6a5548e07e0af66e16d3b634b
L-main-threeshift-200c-01,VNS,2,4000,0124623e347cd2a6a5548e07e0af66e16d3b634b
L-main-threeshift-200c-01,VNS,3,4000,0124623e347cd2a6a5548e07e0af66e16d3b634b
L-main-threeshift-200c-01,VNS,4,4000,0124623e347cd2a6a5548e07e0af66e16d3b634b
L-main-threeshift-200c-01,VNS,5,4000,0124623e347cd2a6a5548e07e0af66e16d3b634b
L-main-threeshift-200c-01,VNS,6,4000,0124623e347cd2a6a5548e07e0af66e16d3b634b
L-main-threeshift-200c-01,VNS,7,4000,0124623e347cd2a6a5548e07e0af66e16d3b634b
L-main-threeshift-200c-01,VNS,8,4000,0124623e347cd2a6a5548e07e0af66e16d3b634b
L-main-threeshift-200c-01,VNS,9,4000,0124623e347cd2a6a5548e07e0af66e16d3b634b
L-main-threeshift-200c-01,VNS,10,4000,0124623e347cd2a6a5548e07e0af66e16d3b634b
L-main-threeshift-200c-01,ACO,1,4000,0124623e347cd2a6a5548e07e0af66e16d3b634b
L-main-threeshift-200c-01,ACO,2,4000,0124623e347cd2a6a5548e07e0af66e16d3b634b
L-main-threeshift-200c-01,ACO,3,4000,0124623e347cd2a6a5548e07e0af66e16d3b634b
L-main-threeshift-200c-01,ACO,4,4000,0124623e347cd2a6a5548e07e0af66e16d3b634b
L-main-threeshift-200c-01,ACO,5,4000,0124623e347cd2a6a5548e07e0af66e16d3b634b
L-main-threeshift-200c-01,ACO,6,4000,0124623e347cd2a6a5548e07e0af66e16d3b634b
L-main-threeshift-200c-01,ACO,7,4000,0124623e347cd2a6a5548e07e0af66e16d3b634b
L-main-threeshift-200c-01,ACO,8,4000,0124623e347cd2a6a5548e07e0af66e16d3b634b
L-main-threeshift-200c-01,ACO,9,4000,0124623e347cd2a6a5548e07e0af66e16d3b634b
L-main-threeshift-200c-01,ACO,10,4000,0124623e347cd2a6a5548e07e0af66e16d3b634b
L-main-threeshift-200c-01,GA-VNS,1,4000,0124623e347cd2a6a5548e07e0af66e16d3b634b
L-main-threeshift-200c-01,GA-VNS,2,4000,0124623e347cd2a6a5548e07e0af66e16d3b634b
L-main-threeshift-200c-01,GA-VNS,3,4000,0124623e347cd2a6a5548e07e0af66e16d3b634b
L-main-threeshift-200c-01,GA-VNS,4,4000,0124623e347cd2a6a5548e07e0af66e16d3b634b
L-main-threeshift-200c-01,GA-VNS,5,4000,0124623e347cd2a6a5548e07e0af66e16d3b634b
L-main-threeshift-200c-01,GA-VNS,6,4000,0124623e347cd2a6a5548e07e0af66e16d3b634b
L-main-threeshift-200c-01,GA-VNS,7,4000,0124623e347cd2a6a5548e07e0af66e16d3b634b
L-main-threeshift-200c-01,GA-VNS,8,4000,0124623e347cd2a6a5548e07e0af66e16d3b634b
L-main-threeshift-200c-01,GA-VNS,9,4000,0124623e347cd2a6a5548e07e0af66e16d3b634b
L-main-threeshift-200c-01,GA-VNS,10,4000,0124623e347cd2a6a5548e07e0af66e16d3b634b
L-main-threeshift-200c-01,LNS,1,4000,0124623e347cd2a6a5548e07e0af66e16d3b634b
L-main-threeshift-200c-01,LNS,2,4000,0124623e347cd2a6a5548e07e0af66e16d3b634b
L-main-threeshift-200c-01,LNS,3,4000,0124623e347cd2a6a5548e07e0af66e16d3b634b
L-main-threeshift-200c-01,LNS,4,4000,0124623e347cd2a6a5548e07e0af66e16d3b634b
L-main-threeshift-200c-01,LNS,5,4000,0124623e347cd2a6a5548e07e0af66e16d3b634b
L-main-threeshift-200c-01,LNS,6,4000,0124623e347cd2a6a5548e07e0af66e16d3b634b
L-main-threeshift-200c-01,LNS,7,4000,0124623e347cd2a6a5548e07e0af66e16d3b634b
L-main-threeshift-200c-01,LNS,8,4000,0124623e347cd2a6a5548e07e0af66e16d3b634b
L-main-threeshift-200c-01,LNS,9,4000,0124623e347cd2a6a5548e07e0af66e16d3b634b
L-main-threeshift-200c-01,LNS,10,4000,0124623e347cd2a6a5548e07e0af66e16d3b634b
L-main-threeshift-200c-01,GWO,1,4000,0124623e347cd2a6a5548e07e0af66e16d3b634b
L-main-threeshift-200c-01,GWO,2,4000,0124623e347cd2a6a5548e07e0af66e16d3b634b
L-main-threeshift-200c-01,GWO,3,4000,0124623e347cd2a6a5548e07e0af66e16d3b634b
L-main-threeshift-200c-01,GWO,4,4000,0124623e347cd2a6a5548e07e0af66e16d3b634b
L-main-threeshift-200c-01,GWO,5,4000,0124623e347cd2a6a5548e07e0af66e16d3b634b
L-main-threeshift-200c-01,GWO,6,4000,0124623e347cd2a6a5548e07e0af66e16d3b634b
L-main-threeshift-200c-01,GWO,7,4000,0124623e347cd2a6a5548e07e0af66e16d3b634b
L-main-threeshift-200c-01,GWO,8,4000,0124623e347cd2a6a5548e07e0af66e16d3b634b
L-main-threeshift-200c-01,GWO,9,4000,0124623e347cd2a6a5548e07e0af66e16d3b634b
L-main-threeshift-200c-01,GWO,10,4000,0124623e347cd2a6a5548e07e0af66e16d3b634b
L-main-threeshift-200c-01,IWD,1,4000,0124623e347cd2a6a5548e07e0af66e16d3b634b
L-main-threeshift-200c-01,IWD,2,4000,0124623e347cd2a6a5548e07e0af66e16d3b634b
L-main-threeshift-200c-01,IWD,3,4000,0124623e347cd2a6a5548e07e0af66e16d3b634b
L-main-threeshift-200c-01,IWD,4,4000,0124623e347cd2a6a5548e07e0af66e16d3b634b
L-main-threeshift-200c-01,IWD,5,4000,0124623e347cd2a6a5548e07e0af66e16d3b634b
L-main-threeshift-200c-01,IWD,6,4000,0124623e347cd2a6a5548e07e0af66e16d3b634b
L-main-threeshift-200c-01,IWD,7,4000,0124623e347cd2a6a5548e07e0af66e16d3b634b
L-main-threeshift-200c-01,IWD,8,4000,0124623e347cd2a6a5548e07e0af66e16d3b634b
L-main-threeshift-200c-01,IWD,9,4000,0124623e347cd2a6a5548e07e0af66e16d3b634b
L-main-threeshift-200c-01,IWD,10,4000,0124623e347cd2a6a5548e07e0af66e16d3b634b
