candidate_id,role,x,y,score,coverage_score,balance_score,distance_score,separation_score,feasibility_score,selected
D_BASE_00,depot,-16372.36,11221.03,1.0,1.0,1.0,1.0,1.0,1.0,True
D_CAND_0045,depot,35626.61708284784,5298.1677708609695,0.5536772418925504,0.5,0.9923786053304127,0.21833036223978894,1.0,0.01,True
D_CAND_0030,depot,21606.97584334592,-21608.880268037276,0.5513364323384442,0.5,0.9797827674333699,0.22156296192040698,1.0,0.01,False
D_CAND_0079,depot,31241.507449921566,21614.06313143815,0.5493595788706916,0.5,0.9982201533406352,0.19521816214213128,1.0,0.01,False
D_CAND_0072,depot,31209.988078992432,23587.7836190951,0.5457465057808183,0.5,0.9880430814165754,0.1909429417066976,1.0,0.01,False
D_CAND_0098,depot,29962.502924191096,8948.610690559948,0.5449472406347252,0.5,0.958424607520993,0.2133643550179079,1.0,0.02,False
D_CAND_0019,depot,27279.582595713513,-12125.906828723499,0.5449011987555428,0.5,0.9555951077035414,0.22400968731862964,1.0,0.0,False
D_CAND_0028,depot,31849.54132890329,7808.530164400503,0.5408045257120164,0.5,0.9398046732384082,0.21541342960965756,1.0,0.02,False
D_CAND_0114,depot,10253.837417474828,-20309.370501514382,0.5396948336208262,0.5,0.9531763417305585,0.19760299275274618,1.0,0.02,False
D_CAND_0120,depot,25338.232443723595,-27735.18262556846,0.5379004843556436,0.5,0.9321832785688208,0.21941865885375395,1.0,0.0,False
D_CAND_0084,depot,40771.01720002805,-17135.32620165953,0.5378656171831218,0.5,0.9276195691858342,0.21984289954665276,1.0,0.01,False
D_CAND_0093,depot,41683.201205222256,3334.9811726944313,0.5377998900680819,0.5,0.9343738590726542,0.21682570119967318,1.0,0.0,False
D_CAND_0018,depot,26025.510193328177,-29015.577889249438,0.5375998049591144,0.5,0.9321832785688208,0.2182159412676371,1.0,0.0,False
D_CAND_0038,depot,38265.131193459805,-21357.792088068352,0.5372464507958963,0.5,0.9241967871485943,0.22078901603499093,1.0,0.01,False
D_CAND_0039,depot,30542.468674970813,-30466.45017499695,0.5364563522979007,0.5,0.9252008032128514,0.21662460597875158,1.0,0.01,False
D_CAND_0047,depot,47783.953192813555,9254.525170043396,0.5356560611509638,0.5,0.9333698430083972,0.20925440159545752,1.0,0.0,False
D_CAND_0110,depot,45920.36695423094,-5541.729794829667,0.534624335183998,0.5,0.9244249726177437,0.2140723681182483,1.0,0.0,False
D_CAND_0032,depot,45284.267624332235,-16213.685926289467,0.5312503387984163,0.5,0.9066265060240963,0.21437484916956917,1.0,0.01,False
D_CAND_0017,depot,46112.74793125265,-16929.63671424474,0.5308703583211373,0.5,0.9066265060240963,0.21285492726045271,1.0,0.01,False
D_CAND_0033,depot,48865.78291054287,14408.542137652965,0.5306134360149077,0.5,0.9187203358890106,0.20373340817062036,1.0,0.0,False
D_CAND_0011,depot,49108.456000000006,-2122.3,0.5290670688616721,0.5,0.9060332238043082,0.21023505164238032,1.0,0.0,False
D_CAND_0041,depot,39660.68119623073,-25284.950043121447,0.5273433225004823,0.5,0.8890105878057686,0.21636270219616063,1.0,0.01,False
D_CAND_0086,depot,26222.072428497522,28705.911641872943,0.5269572765503255,0.5,0.9267524644030668,0.17307664179823554,1.0,0.02,False
D_CAND_0117,depot,44194.165422332546,-19914.970893182337,0.5248831133762104,0.5,0.8807959109163929,0.2147365425884488,1.0,0.01,False
D_CAND_0109,depot,-11982.424724066543,-19225.02806153756,0.5248232704971386,0.5,0.958789704271632,0.13250337771692242,1.0,0.02,False
D_CAND_0055,depot,10923.779796414776,18256.223772070756,0.5235396112724935,0.5,0.9319550930996714,0.1502033519903023,1.0,0.03,False
D_CAND_0065,depot,9969.161622358364,17337.796045288935,0.522864819584754,0.5,0.9319550930996714,0.14750418523934436,1.0,0.03,False
D_CAND_0052,depot,15836.988870561823,-10230.96190971988,0.5223057481115129,0.5,0.8755020080321285,0.20172098441392314,1.0,0.03,False
D_CAND_0108,depot,47904.50132183554,17652.38007229417,0.5205301034693814,0.5,0.8771449434100036,0.20097547046752212,1.0,0.01,False
D_CAND_0056,depot,-15374.508615816369,-18570.206456345044,0.5188479657261684,0.5,0.9434100036509675,0.12398185925370622,1.0,0.02,False
D_CAND_0048,depot,49874.46638495261,-24065.734113924213,0.516814999828558,0.5,0.8532311062431545,0.20202889307107771,1.0,0.03,False
D_CAND_0049,depot,-2490.642020418088,-11869.253295009315,0.5163239571824297,0.5,0.9080412559328221,0.14525457279689688,1.0,0.03,False
D_CAND_0085,depot,57834.1947997688,16048.735598267825,0.51397988809054,0.5,0.8509492515516612,0.18897030081049843,1.0,0.04,False
D_CAND_0097,depot,28293.82843336225,-38725.33488000679,0.5111416756697241,0.5,0.8342917123037605,0.20627499037513622,1.0,0.01,False
D_CAND_0027,depot,56259.95296621406,8987.774879350527,0.5110174000259872,0.5,0.843236582694414,0.19683301740953477,1.0,0.01,False
D_CAND_0067,depot,825.5549710785415,-28253.159879516286,0.5107404065924538,0.5,0.8592552026286966,0.17970642374111845,1.0,0.01,False
D_CAND_0130,depot,-22589.036943078394,-7384.839446137784,0.5105679745467137,0.5,0.9522179627601315,0.08205393542672319,1.0,0.02,False
D_CAND_0094,depot,-112.69148385008698,-28430.36036776045,0.5101018690215481,0.5,0.8592552026286966,0.1771522734574957,1.0,0.01,False
D_CAND_0099,depot,-21147.01085784406,-5201.508499895141,0.5096057095509063,0.5,0.959109163928441,0.07531367427518444,1.0,0.01,False
D_CAND_0106,depot,-4801.789487375938,18390.769138520285,0.5083139482988872,0.5,0.9653158086893026,0.06793998450624612,1.0,0.0,False
D_CAND_0088,depot,21594.89978065114,32462.505758663054,0.5066020831390361,0.5,0.8676524278933917,0.15475590466275277,1.0,0.01,False
D_CAND_0051,depot,-3692.975725468188,-9294.068265002286,0.504454955067731,0.5,0.8747261774370207,0.1350936428339032,1.0,0.02,False
D_CAND_0014,depot,38352.87074077927,-39857.38193648258,0.5033373733800529,0.5,0.8080960204454181,0.1972534730747935,1.0,0.02,False
D_CAND_0029,depot,14403.600365344351,-2666.384103914484,0.5031855592132863,0.5,0.8186838262139466,0.19005841063919846,1.0,0.01,False
D_CAND_0083,depot,52768.55593739228,28708.904747637083,0.5009303671458528,0.5,0.809465133260314,0.1782563353230976,1.0,0.04,False
D_CAND_0002,depot,55952.3875,-20115.8515,0.5008161268263553,0.5,0.8023001095290252,0.1929643977763962,1.0,0.02,False
D_CAND_0125,depot,33002.17604361868,33124.23228053956,0.5008095423428236,0.5,0.8316903979554582,0.17154777141583633,1.0,0.0,False
D_CAND_0115,depot,46918.807456984476,26757.596366224305,0.5002661374698847,0.5,0.809465133260314,0.18759941661922477,1.0,0.01,False
D_CAND_0026,depot,35317.99191467765,-41503.27906580903,0.49526983501447674,0.5,0.7751916757940854,0.19788766426382162,1.0,0.02,False
D_CAND_0078,depot,9057.301584790202,12818.834186884738,0.49495531389866043,0.5,0.816903979554582,0.15091727604005997,1.0,0.03,False
D_CAND_0023,depot,2475.3497813497115,15484.665734743423,0.494923424153465,0.5,0.8587075575027383,0.11298613911112192,1.0,0.02,False
