algorithm,bundle,seed,eval_budget,best_obj,actual_evals,candidate_scores,repair_delta_count,operator_base_id,control_mode,violation_count,feasible,solution_signature_hash,operator_counts,destroy_counts,repair_counts,q_ratio_counts,worker_python_executable,worker_python_version,worker_numpy_version,elapsed_seconds,runtime_target_seconds,model_label,checkpoint_update,eval_mode,bundle_role,selection_mode,meta_q_ratio,meta_threshold_ratio,meta_exploration_ratio
block_meta_checkpoint,models/data_bundle/generated_instances/E-UK100_03__u0_seed3_24h_20251113,1,600,3543.3267420374336,600,600,599692,winner_kernel_v1,block_ppo,0,1,9801c29436e804e6bcc14f36465641b74780ce027195e7cc973bf0e1fb004abe,{},"{""alpha_ucb"":19}","{""alpha_ucb"":19}","{""0.400000"":19}",C:\Users\zlxshu\.venvs\resetp-solver-py313\Scripts\python.exe,"3.13.12 (main, Mar  3 2026, 15:00:12) [MSC v.1944 64 bit (AMD64)]",2.3.5,126.66633590002311,0.0,checkpoint_0010,10,cheap,held_out,block_meta_masked,,,
block_meta_checkpoint,models/data_bundle/generated_instances/E-UK100_03__u0_seed3_24h_20251113,1,600,3543.1861595306236,600,600,601478,winner_kernel_v1,block_ppo,0,1,211b99d262c559e1151ab1020071857031068fd922238b56d0f644f4f051d62a,{},"{""alpha_ucb"":19}","{""alpha_ucb"":19}","{""0.400000"":19}",C:\Users\zlxshu\.venvs\resetp-solver-py313\Scripts\python.exe,"3.13.12 (main, Mar  3 2026, 15:00:12) [MSC v.1944 64 bit (AMD64)]",2.3.5,126.42028119997121,0.0,checkpoint_0020,20,cheap,held_out,block_meta_masked,,,
block_meta_checkpoint,models/data_bundle/generated_instances/E-UK100_03__u0_seed3_24h_20251113,1,600,3543.1861595306236,600,600,585673,winner_kernel_v1,block_ppo,0,1,0f8c3c746d6bea9cf965bee165963be9ce7508c8ebe6ee91eaaaab3701358305,{},"{""alpha_ucb"":19}","{""alpha_ucb"":19}","{""0.400000"":19}",C:\Users\zlxshu\.venvs\resetp-solver-py313\Scripts\python.exe,"3.13.12 (main, Mar  3 2026, 15:00:12) [MSC v.1944 64 bit (AMD64)]",2.3.5,121.53701869997894,0.0,checkpoint_0030,30,cheap,held_out,block_meta_masked,,,
block_meta_checkpoint,models/data_bundle/generated_instances/E-UK100_03__u0_seed3_24h_20251113,1,600,3682.1039976252396,600,600,667358,winner_kernel_v1,block_ppo,0,1,0758a4e62d788bdbb977c77ad3325f9778fe15fea3fcdee891afbc914367d4be,{},"{""alpha_ucb"":19}","{""alpha_ucb"":19}","{""0.400000"":19}",C:\Users\zlxshu\.venvs\resetp-solver-py313\Scripts\python.exe,"3.13.12 (main, Mar  3 2026, 15:00:12) [MSC v.1944 64 bit (AMD64)]",2.3.5,106.71070379996672,0.0,checkpoint_0040,40,cheap,held_out,block_meta_masked,,,
block_meta_checkpoint,models/data_bundle/generated_instances/E-UK100_03__u0_seed3_24h_20251113,1,600,3884.3543897901855,600,600,714587,winner_kernel_v1,block_ppo,0,1,6eb81061bd4a9b5e7684818c66952458e126433d43abb8083ac341ebcfb9ce05,{},"{""alpha_ucb"":19}","{""alpha_ucb"":19}","{""0.230000"":1,""0.400000"":18}",C:\Users\zlxshu\.venvs\resetp-solver-py313\Scripts\python.exe,"3.13.12 (main, Mar  3 2026, 15:00:12) [MSC v.1944 64 bit (AMD64)]",2.3.5,118.52577489998657,0.0,checkpoint_0050,50,cheap,held_out,block_meta_masked,,,
block_meta_checkpoint,models/data_bundle/generated_instances/E-UK100_03__u0_seed3_24h_20251113,1,600,3625.0264365403873,600,600,669702,winner_kernel_v1,block_ppo,0,1,21f7929d08addc4901592b5c0ccf40eb482e305cbc71e45953a5152bd8fce41c,{},"{""alpha_ucb"":19}","{""alpha_ucb"":19}","{""0.400000"":19}",C:\Users\zlxshu\.venvs\resetp-solver-py313\Scripts\python.exe,"3.13.12 (main, Mar  3 2026, 15:00:12) [MSC v.1944 64 bit (AMD64)]",2.3.5,143.4392041999963,0.0,checkpoint_0060,60,cheap,held_out,block_meta_masked,,,
block_meta_checkpoint,models/data_bundle/generated_instances/E-UK100_03__u0_seed3_24h_20251113,1,600,3841.4351289611923,600,600,311917,winner_kernel_v1,block_ppo,0,1,de7ed1be581a55cd5367f85a4cb049e325e3dc43db645e20d4e590211c20c8e8,{},"{""alpha_ucb"":19}","{""alpha_ucb"":19}","{""0.230000"":18,""0.400000"":1}",C:\Users\zlxshu\.venvs\resetp-solver-py313\Scripts\python.exe,"3.13.12 (main, Mar  3 2026, 15:00:12) [MSC v.1944 64 bit (AMD64)]",2.3.5,59.18344640004216,0.0,checkpoint_0070,70,cheap,held_out,block_meta_masked,,,
block_meta_checkpoint,models/data_bundle/generated_instances/E-UK100_03__u0_seed3_24h_20251113,1,600,3841.4351289611923,600,600,311917,winner_kernel_v1,block_ppo,0,1,de7ed1be581a55cd5367f85a4cb049e325e3dc43db645e20d4e590211c20c8e8,{},"{""alpha_ucb"":19}","{""alpha_ucb"":19}","{""0.230000"":18,""0.400000"":1}",C:\Users\zlxshu\.venvs\resetp-solver-py313\Scripts\python.exe,"3.13.12 (main, Mar  3 2026, 15:00:12) [MSC v.1944 64 bit (AMD64)]",2.3.5,59.507944499957375,0.0,checkpoint_0080,80,cheap,held_out,block_meta_masked,,,
block_meta_checkpoint,models/data_bundle/generated_instances/E-UK100_03__u0_seed3_24h_20251113,1,600,3625.0264365403873,600,600,669702,winner_kernel_v1,block_ppo,0,1,21f7929d08addc4901592b5c0ccf40eb482e305cbc71e45953a5152bd8fce41c,{},"{""alpha_ucb"":19}","{""alpha_ucb"":19}","{""0.400000"":19}",C:\Users\zlxshu\.venvs\resetp-solver-py313\Scripts\python.exe,"3.13.12 (main, Mar  3 2026, 15:00:12) [MSC v.1944 64 bit (AMD64)]",2.3.5,142.78438520000782,0.0,checkpoint_0090,90,cheap,held_out,block_meta_masked,,,
block_meta_checkpoint,models/data_bundle/generated_instances/E-UK100_03__u0_seed3_24h_20251113,1,600,3625.0264365403873,600,600,669702,winner_kernel_v1,block_ppo,0,1,21f7929d08addc4901592b5c0ccf40eb482e305cbc71e45953a5152bd8fce41c,{},"{""alpha_ucb"":19}","{""alpha_ucb"":19}","{""0.400000"":19}",C:\Users\zlxshu\.venvs\resetp-solver-py313\Scripts\python.exe,"3.13.12 (main, Mar  3 2026, 15:00:12) [MSC v.1944 64 bit (AMD64)]",2.3.5,143.51500469999155,0.0,checkpoint_0100,100,cheap,held_out,block_meta_masked,,,
block_meta_checkpoint,models/data_bundle/generated_instances/E-UK100_03__u0_seed3_24h_20251113,1,600,3625.0264365403873,600,600,669702,winner_kernel_v1,block_ppo,0,1,21f7929d08addc4901592b5c0ccf40eb482e305cbc71e45953a5152bd8fce41c,{},"{""alpha_ucb"":19}","{""alpha_ucb"":19}","{""0.400000"":19}",C:\Users\zlxshu\.venvs\resetp-solver-py313\Scripts\python.exe,"3.13.12 (main, Mar  3 2026, 15:00:12) [MSC v.1944 64 bit (AMD64)]",2.3.5,142.3772248000023,0.0,checkpoint_0110,110,cheap,held_out,block_meta_masked,,,
block_meta_checkpoint,models/data_bundle/generated_instances/E-UK100_03__u0_seed3_24h_20251113,1,600,3625.0264365403873,600,600,669702,winner_kernel_v1,block_ppo,0,1,21f7929d08addc4901592b5c0ccf40eb482e305cbc71e45953a5152bd8fce41c,{},"{""alpha_ucb"":19}","{""alpha_ucb"":19}","{""0.400000"":19}",C:\Users\zlxshu\.venvs\resetp-solver-py313\Scripts\python.exe,"3.13.12 (main, Mar  3 2026, 15:00:12) [MSC v.1944 64 bit (AMD64)]",2.3.5,142.52153530000942,0.0,checkpoint_0120,120,cheap,held_out,block_meta_masked,,,
block_meta_checkpoint,models/data_bundle/generated_instances/E-UK100_03__u0_seed3_24h_20251113,1,600,3625.0264365403873,600,600,669702,winner_kernel_v1,block_ppo,0,1,21f7929d08addc4901592b5c0ccf40eb482e305cbc71e45953a5152bd8fce41c,{},"{""alpha_ucb"":19}","{""alpha_ucb"":19}","{""0.400000"":19}",C:\Users\zlxshu\.venvs\resetp-solver-py313\Scripts\python.exe,"3.13.12 (main, Mar  3 2026, 15:00:12) [MSC v.1944 64 bit (AMD64)]",2.3.5,144.53389249998145,0.0,checkpoint_0130,130,cheap,held_out,block_meta_masked,,,
block_meta_checkpoint,models/data_bundle/generated_instances/E-UK100_03__u0_seed3_24h_20251113,1,600,3625.0264365403873,600,600,669702,winner_kernel_v1,block_ppo,0,1,21f7929d08addc4901592b5c0ccf40eb482e305cbc71e45953a5152bd8fce41c,{},"{""alpha_ucb"":19}","{""alpha_ucb"":19}","{""0.400000"":19}",C:\Users\zlxshu\.venvs\resetp-solver-py313\Scripts\python.exe,"3.13.12 (main, Mar  3 2026, 15:00:12) [MSC v.1944 64 bit (AMD64)]",2.3.5,143.67455390002578,0.0,checkpoint_0140,140,cheap,held_out,block_meta_masked,,,
block_meta_checkpoint,models/data_bundle/generated_instances/E-UK100_03__u0_seed3_24h_20251113,1,600,3652.8995522216073,600,600,458076,winner_kernel_v1,block_ppo,0,1,231f5577d30f6b42f6066d46fcb7f4cb52198beabf59907df1c20659df19b76f,{},"{""alpha_ucb"":19}","{""alpha_ucb"":19}","{""0.300000"":18,""0.400000"":1}",C:\Users\zlxshu\.venvs\resetp-solver-py313\Scripts\python.exe,"3.13.12 (main, Mar  3 2026, 15:00:12) [MSC v.1944 64 bit (AMD64)]",2.3.5,100.04093920002924,0.0,checkpoint_0150,150,cheap,held_out,block_meta_masked,,,
block_meta_checkpoint,models/data_bundle/generated_instances/E-UK100_03__u0_seed3_24h_20251113,1,600,3631.832998621149,600,600,349081,winner_kernel_v1,block_ppo,0,1,cb9a3bd7a551a207b5b1662f8a5e82970c01c081b75d3a40f48b8fc10806218b,{},"{""alpha_ucb"":19}","{""alpha_ucb"":19}","{""0.300000"":19}",C:\Users\zlxshu\.venvs\resetp-solver-py313\Scripts\python.exe,"3.13.12 (main, Mar  3 2026, 15:00:12) [MSC v.1944 64 bit (AMD64)]",2.3.5,97.45115360000636,0.0,checkpoint_0160,160,cheap,held_out,block_meta_masked,,,
block_meta_checkpoint,models/data_bundle/generated_instances/E-UK100_03__u0_seed3_24h_20251113,1,600,3631.832998621149,600,600,349081,winner_kernel_v1,block_ppo,0,1,cb9a3bd7a551a207b5b1662f8a5e82970c01c081b75d3a40f48b8fc10806218b,{},"{""alpha_ucb"":19}","{""alpha_ucb"":19}","{""0.300000"":19}",C:\Users\zlxshu\.venvs\resetp-solver-py313\Scripts\python.exe,"3.13.12 (main, Mar  3 2026, 15:00:12) [MSC v.1944 64 bit (AMD64)]",2.3.5,98.02277309994679,0.0,checkpoint_0170,170,cheap,held_out,block_meta_masked,,,
block_meta_checkpoint,models/data_bundle/generated_instances/E-UK100_03__u0_seed3_24h_20251113,1,600,3631.832998621149,600,600,349081,winner_kernel_v1,block_ppo,0,1,cb9a3bd7a551a207b5b1662f8a5e82970c01c081b75d3a40f48b8fc10806218b,{},"{""alpha_ucb"":19}","{""alpha_ucb"":19}","{""0.300000"":19}",C:\Users\zlxshu\.venvs\resetp-solver-py313\Scripts\python.exe,"3.13.12 (main, Mar  3 2026, 15:00:12) [MSC v.1944 64 bit (AMD64)]",2.3.5,96.94035219994839,0.0,checkpoint_0180,180,cheap,held_out,block_meta_masked,,,
block_meta_checkpoint,models/data_bundle/generated_instances/E-UK100_03__u0_seed3_24h_20251113,1,600,3631.832998621149,600,600,349081,winner_kernel_v1,block_ppo,0,1,cb9a3bd7a551a207b5b1662f8a5e82970c01c081b75d3a40f48b8fc10806218b,{},"{""alpha_ucb"":19}","{""alpha_ucb"":19}","{""0.300000"":19}",C:\Users\zlxshu\.venvs\resetp-solver-py313\Scripts\python.exe,"3.13.12 (main, Mar  3 2026, 15:00:12) [MSC v.1944 64 bit (AMD64)]",2.3.5,97.33292570000049,0.0,checkpoint_0190,190,cheap,held_out,block_meta_masked,,,
block_meta_checkpoint,models/data_bundle/generated_instances/E-UK100_03__u0_seed3_24h_20251113,1,600,3688.8846096590055,600,600,336655,winner_kernel_v1,block_ppo,0,1,1316a071563a8adc715eabfaf0e0f4afecd403603828b1f959d3276987adce68,{},"{""alpha_ucb"":19}","{""alpha_ucb"":19}","{""0.300000"":19}",C:\Users\zlxshu\.venvs\resetp-solver-py313\Scripts\python.exe,"3.13.12 (main, Mar  3 2026, 15:00:12) [MSC v.1944 64 bit (AMD64)]",2.3.5,94.10091480001574,0.0,checkpoint_0200,200,cheap,held_out,block_meta_masked,,,
block_meta_checkpoint,models/data_bundle/generated_instances/E-UK100_03__u0_seed3_24h_20251113,1,600,3688.8846096590055,600,600,336655,winner_kernel_v1,block_ppo,0,1,1316a071563a8adc715eabfaf0e0f4afecd403603828b1f959d3276987adce68,{},"{""alpha_ucb"":19}","{""alpha_ucb"":19}","{""0.300000"":19}",C:\Users\zlxshu\.venvs\resetp-solver-py313\Scripts\python.exe,"3.13.12 (main, Mar  3 2026, 15:00:12) [MSC v.1944 64 bit (AMD64)]",2.3.5,93.66722810000647,0.0,checkpoint_0210,210,cheap,held_out,block_meta_masked,,,
block_meta_checkpoint,models/data_bundle/generated_instances/E-UK100_03__u0_seed3_24h_20251113,1,600,3688.8846096590055,600,600,336655,winner_kernel_v1,block_ppo,0,1,1316a071563a8adc715eabfaf0e0f4afecd403603828b1f959d3276987adce68,{},"{""alpha_ucb"":19}","{""alpha_ucb"":19}","{""0.300000"":19}",C:\Users\zlxshu\.venvs\resetp-solver-py313\Scripts\python.exe,"3.13.12 (main, Mar  3 2026, 15:00:12) [MSC v.1944 64 bit (AMD64)]",2.3.5,93.84032720001414,0.0,checkpoint_0220,220,cheap,held_out,block_meta_masked,,,
block_meta_checkpoint,models/data_bundle/generated_instances/E-UK100_03__u0_seed3_24h_20251113,1,600,3688.8846096590055,600,600,336655,winner_kernel_v1,block_ppo,0,1,1316a071563a8adc715eabfaf0e0f4afecd403603828b1f959d3276987adce68,{},"{""alpha_ucb"":19}","{""alpha_ucb"":19}","{""0.300000"":19}",C:\Users\zlxshu\.venvs\resetp-solver-py313\Scripts\python.exe,"3.13.12 (main, Mar  3 2026, 15:00:12) [MSC v.1944 64 bit (AMD64)]",2.3.5,94.59575539996149,0.0,checkpoint_0230,230,cheap,held_out,block_meta_masked,,,
block_meta_checkpoint,models/data_bundle/generated_instances/E-UK100_03__u0_seed3_24h_20251113,1,600,3631.832998621149,600,600,349081,winner_kernel_v1,block_ppo,0,1,cb9a3bd7a551a207b5b1662f8a5e82970c01c081b75d3a40f48b8fc10806218b,{},"{""alpha_ucb"":19}","{""alpha_ucb"":19}","{""0.300000"":19}",C:\Users\zlxshu\.venvs\resetp-solver-py313\Scripts\python.exe,"3.13.12 (main, Mar  3 2026, 15:00:12) [MSC v.1944 64 bit (AMD64)]",2.3.5,98.97921279998263,0.0,checkpoint_0240,240,cheap,held_out,block_meta_masked,,,
block_meta_checkpoint,models/data_bundle/generated_instances/E-UK100_03__u0_seed3_24h_20251113,1,600,3631.832998621149,600,600,349081,winner_kernel_v1,block_ppo,0,1,cb9a3bd7a551a207b5b1662f8a5e82970c01c081b75d3a40f48b8fc10806218b,{},"{""alpha_ucb"":19}","{""alpha_ucb"":19}","{""0.300000"":19}",C:\Users\zlxshu\.venvs\resetp-solver-py313\Scripts\python.exe,"3.13.12 (main, Mar  3 2026, 15:00:12) [MSC v.1944 64 bit (AMD64)]",2.3.5,101.53538969997317,0.0,checkpoint_0250,250,cheap,held_out,block_meta_masked,,,
block_meta_checkpoint,models/data_bundle/generated_instances/E-UK100_03__u0_seed3_24h_20251113,1,600,4166.189791349486,600,600,30315,winner_kernel_v1,block_ppo,0,1,718fbfce2225e80c7192f8c375ff9293afbd946bff48479de4a4039c903b511f,{},"{""alpha_ucb"":19}","{""alpha_ucb"":19}","{""0.160000"":18,""0.300000"":1}",C:\Users\zlxshu\.venvs\resetp-solver-py313\Scripts\python.exe,"3.13.12 (main, Mar  3 2026, 15:00:12) [MSC v.1944 64 bit (AMD64)]",2.3.5,26.037588300008792,0.0,checkpoint_0260,260,cheap,held_out,block_meta_masked,,,
block_meta_checkpoint,models/data_bundle/generated_instances/E-UK100_03__u0_seed3_24h_20251113,1,600,3697.0525171183713,600,600,158090,winner_kernel_v1,block_ppo,0,1,8d0e64607ee3eeb8dd76c25c8daac0d7ab4b70f83e0b82b2dff3d439c87cd868,{},"{""alpha_ucb"":19}","{""alpha_ucb"":19}","{""0.160000"":19}",C:\Users\zlxshu\.venvs\resetp-solver-py313\Scripts\python.exe,"3.13.12 (main, Mar  3 2026, 15:00:12) [MSC v.1944 64 bit (AMD64)]",2.3.5,40.778974000015296,0.0,checkpoint_0270,270,cheap,held_out,block_meta_masked,,,
block_meta_checkpoint,models/data_bundle/generated_instances/E-UK100_03__u0_seed3_24h_20251113,1,600,4166.189791349486,600,600,30315,winner_kernel_v1,block_ppo,0,1,718fbfce2225e80c7192f8c375ff9293afbd946bff48479de4a4039c903b511f,{},"{""alpha_ucb"":19}","{""alpha_ucb"":19}","{""0.160000"":18,""0.300000"":1}",C:\Users\zlxshu\.venvs\resetp-solver-py313\Scripts\python.exe,"3.13.12 (main, Mar  3 2026, 15:00:12) [MSC v.1944 64 bit (AMD64)]",2.3.5,26.1712242999929,0.0,checkpoint_0280,280,cheap,held_out,block_meta_masked,,,
block_meta_checkpoint,models/data_bundle/generated_instances/E-UK100_03__u0_seed3_24h_20251113,1,600,4166.110421299415,600,600,28741,winner_kernel_v1,block_ppo,0,1,04fc745b67842966083630432b4e4c020db5f2163f5e08bc7b8209731cca016c,{},"{""alpha_ucb"":19}","{""alpha_ucb"":19}","{""0.160000"":18,""0.300000"":1}",C:\Users\zlxshu\.venvs\resetp-solver-py313\Scripts\python.exe,"3.13.12 (main, Mar  3 2026, 15:00:12) [MSC v.1944 64 bit (AMD64)]",2.3.5,25.647802199993748,0.0,checkpoint_0290,290,cheap,held_out,block_meta_masked,,,
block_meta_checkpoint,models/data_bundle/generated_instances/E-UK100_03__u0_seed3_24h_20251113,1,600,4166.110421299415,600,600,28741,winner_kernel_v1,block_ppo,0,1,04fc745b67842966083630432b4e4c020db5f2163f5e08bc7b8209731cca016c,{},"{""alpha_ucb"":19}","{""alpha_ucb"":19}","{""0.160000"":18,""0.300000"":1}",C:\Users\zlxshu\.venvs\resetp-solver-py313\Scripts\python.exe,"3.13.12 (main, Mar  3 2026, 15:00:12) [MSC v.1944 64 bit (AMD64)]",2.3.5,25.772780400002375,0.0,checkpoint_0300,300,cheap,held_out,block_meta_masked,,,
block_meta_checkpoint,models/data_bundle/generated_instances/E-UK100_03__u0_seed3_24h_20251113,1,600,4166.110421299415,600,600,28741,winner_kernel_v1,block_ppo,0,1,04fc745b67842966083630432b4e4c020db5f2163f5e08bc7b8209731cca016c,{},"{""alpha_ucb"":19}","{""alpha_ucb"":19}","{""0.160000"":18,""0.300000"":1}",C:\Users\zlxshu\.venvs\resetp-solver-py313\Scripts\python.exe,"3.13.12 (main, Mar  3 2026, 15:00:12) [MSC v.1944 64 bit (AMD64)]",2.3.5,25.543889099964872,0.0,checkpoint_0310,310,cheap,held_out,block_meta_masked,,,
block_meta_checkpoint,models/data_bundle/generated_instances/E-UK100_03__u0_seed3_24h_20251113,1,600,4166.189791349486,600,600,38776,winner_kernel_v1,block_ppo,0,1,718fbfce2225e80c7192f8c375ff9293afbd946bff48479de4a4039c903b511f,{},"{""alpha_ucb"":19}","{""alpha_ucb"":19}","{""0.160000"":18,""0.300000"":1}",C:\Users\zlxshu\.venvs\resetp-solver-py313\Scripts\python.exe,"3.13.12 (main, Mar  3 2026, 15:00:12) [MSC v.1944 64 bit (AMD64)]",2.3.5,28.91806589998305,0.0,checkpoint_0320,320,cheap,held_out,block_meta_masked,,,
block_meta_checkpoint,models/data_bundle/generated_instances/E-UK100_03__u0_seed3_24h_20251113,1,600,4156.442565824069,600,600,74573,winner_kernel_v1,block_ppo,0,1,ccee4bfdf3a0216632b321b6084c2821a0b9b1b3a4396484735e4eb2c67b5366,{},"{""alpha_ucb"":19}","{""alpha_ucb"":19}","{""0.300000"":19}",C:\Users\zlxshu\.venvs\resetp-solver-py313\Scripts\python.exe,"3.13.12 (main, Mar  3 2026, 15:00:12) [MSC v.1944 64 bit (AMD64)]",2.3.5,40.467355700035114,0.0,checkpoint_0330,330,cheap,held_out,block_meta_masked,,,
block_meta_checkpoint,models/data_bundle/generated_instances/E-UK100_03__u0_seed3_24h_20251113,1,600,4156.442565824069,600,600,74573,winner_kernel_v1,block_ppo,0,1,ccee4bfdf3a0216632b321b6084c2821a0b9b1b3a4396484735e4eb2c67b5366,{},"{""alpha_ucb"":19}","{""alpha_ucb"":19}","{""0.300000"":19}",C:\Users\zlxshu\.venvs\resetp-solver-py313\Scripts\python.exe,"3.13.12 (main, Mar  3 2026, 15:00:12) [MSC v.1944 64 bit (AMD64)]",2.3.5,40.56858490000013,0.0,checkpoint_0340,340,cheap,held_out,block_meta_masked,,,
block_meta_checkpoint,models/data_bundle/generated_instances/E-UK100_03__u0_seed3_24h_20251113,1,600,3630.1618243056146,600,600,267669,winner_kernel_v1,block_ppo,0,1,f4615e1585ccfbe4193c3994b3e3dcc14d95fc683124d1dc252bef3e7ef13b3f,{},"{""alpha_ucb"":19}","{""alpha_ucb"":19}","{""0.160000"":18,""0.230000"":1}",C:\Users\zlxshu\.venvs\resetp-solver-py313\Scripts\python.exe,"3.13.12 (main, Mar  3 2026, 15:00:12) [MSC v.1944 64 bit (AMD64)]",2.3.5,62.830974099982996,0.0,checkpoint_0350,350,cheap,held_out,block_meta_masked,,,
block_meta_checkpoint,models/data_bundle/generated_instances/E-UK100_03__u0_seed3_24h_20251113,1,600,3877.952818221845,600,600,173366,winner_kernel_v1,block_ppo,0,1,325cc76fd00a0ac22a18d1fbd5946c08d7a5879bf42b5f068cb3c5a39d4f066c,{},"{""alpha_ucb"":19}","{""alpha_ucb"":19}","{""0.230000"":19}",C:\Users\zlxshu\.venvs\resetp-solver-py313\Scripts\python.exe,"3.13.12 (main, Mar  3 2026, 15:00:12) [MSC v.1944 64 bit (AMD64)]",2.3.5,38.625912600022275,0.0,checkpoint_0360,360,cheap,held_out,block_meta_masked,,,
block_meta_checkpoint,models/data_bundle/generated_instances/E-UK100_03__u0_seed3_24h_20251113,1,600,3877.952818221845,600,600,173366,winner_kernel_v1,block_ppo,0,1,325cc76fd00a0ac22a18d1fbd5946c08d7a5879bf42b5f068cb3c5a39d4f066c,{},"{""alpha_ucb"":19}","{""alpha_ucb"":19}","{""0.230000"":19}",C:\Users\zlxshu\.venvs\resetp-solver-py313\Scripts\python.exe,"3.13.12 (main, Mar  3 2026, 15:00:12) [MSC v.1944 64 bit (AMD64)]",2.3.5,38.26779680000618,0.0,checkpoint_0370,370,cheap,held_out,block_meta_masked,,,
block_meta_checkpoint,models/data_bundle/generated_instances/E-UK100_03__u0_seed3_24h_20251113,1,600,3831.200267138553,600,600,189890,winner_kernel_v1,block_ppo,0,1,3dd60d9375ec057941ed73fec7b7b28dee227cf24a6286993b76e32dca3d861c,{},"{""alpha_ucb"":19}","{""alpha_ucb"":19}","{""0.230000"":19}",C:\Users\zlxshu\.venvs\resetp-solver-py313\Scripts\python.exe,"3.13.12 (main, Mar  3 2026, 15:00:12) [MSC v.1944 64 bit (AMD64)]",2.3.5,35.48429860000033,0.0,checkpoint_0380,380,cheap,held_out,block_meta_masked,,,
block_meta_checkpoint,models/data_bundle/generated_instances/E-UK100_03__u0_seed3_24h_20251113,1,600,3831.200267138553,600,600,189890,winner_kernel_v1,block_ppo,0,1,3dd60d9375ec057941ed73fec7b7b28dee227cf24a6286993b76e32dca3d861c,{},"{""alpha_ucb"":19}","{""alpha_ucb"":19}","{""0.230000"":19}",C:\Users\zlxshu\.venvs\resetp-solver-py313\Scripts\python.exe,"3.13.12 (main, Mar  3 2026, 15:00:12) [MSC v.1944 64 bit (AMD64)]",2.3.5,35.3107949999976,0.0,checkpoint_0390,390,cheap,held_out,block_meta_masked,,,
block_meta_checkpoint,models/data_bundle/generated_instances/E-UK100_03__u0_seed3_24h_20251113,1,600,3832.815424523229,600,600,169994,winner_kernel_v1,block_ppo,0,1,33983dd23dfd2796bfa02587ddc19db7d74362f0a4238d454db66e815a8e132c,{},"{""alpha_ucb"":19}","{""alpha_ucb"":19}","{""0.230000"":19}",C:\Users\zlxshu\.venvs\resetp-solver-py313\Scripts\python.exe,"3.13.12 (main, Mar  3 2026, 15:00:12) [MSC v.1944 64 bit (AMD64)]",2.3.5,34.640113800007384,0.0,checkpoint_0400,400,cheap,held_out,block_meta_masked,,,
block_meta_checkpoint,models/data_bundle/generated_instances/E-UK100_03__u0_seed3_24h_20251113,1,600,3832.815424523229,600,600,169994,winner_kernel_v1,block_ppo,0,1,33983dd23dfd2796bfa02587ddc19db7d74362f0a4238d454db66e815a8e132c,{},"{""alpha_ucb"":19}","{""alpha_ucb"":19}","{""0.230000"":19}",C:\Users\zlxshu\.venvs\resetp-solver-py313\Scripts\python.exe,"3.13.12 (main, Mar  3 2026, 15:00:12) [MSC v.1944 64 bit (AMD64)]",2.3.5,34.80980670003919,0.0,checkpoint_0410,410,cheap,held_out,block_meta_masked,,,
block_meta_checkpoint,models/data_bundle/generated_instances/E-UK100_03__u0_seed3_24h_20251113,1,600,3877.952818221845,600,600,173366,winner_kernel_v1,block_ppo,0,1,325cc76fd00a0ac22a18d1fbd5946c08d7a5879bf42b5f068cb3c5a39d4f066c,{},"{""alpha_ucb"":19}","{""alpha_ucb"":19}","{""0.230000"":19}",C:\Users\zlxshu\.venvs\resetp-solver-py313\Scripts\python.exe,"3.13.12 (main, Mar  3 2026, 15:00:12) [MSC v.1944 64 bit (AMD64)]",2.3.5,39.31937879999168,0.0,checkpoint_0420,420,cheap,held_out,block_meta_masked,,,
block_meta_checkpoint,models/data_bundle/generated_instances/E-UK100_03__u0_seed3_24h_20251113,1,600,3831.200267138553,600,600,189890,winner_kernel_v1,block_ppo,0,1,3dd60d9375ec057941ed73fec7b7b28dee227cf24a6286993b76e32dca3d861c,{},"{""alpha_ucb"":19}","{""alpha_ucb"":19}","{""0.230000"":19}",C:\Users\zlxshu\.venvs\resetp-solver-py313\Scripts\python.exe,"3.13.12 (main, Mar  3 2026, 15:00:12) [MSC v.1944 64 bit (AMD64)]",2.3.5,35.29173240001546,0.0,checkpoint_0430,430,cheap,held_out,block_meta_masked,,,
block_meta_checkpoint,models/data_bundle/generated_instances/E-UK100_03__u0_seed3_24h_20251113,1,600,3831.200267138553,600,600,189890,winner_kernel_v1,block_ppo,0,1,3dd60d9375ec057941ed73fec7b7b28dee227cf24a6286993b76e32dca3d861c,{},"{""alpha_ucb"":19}","{""alpha_ucb"":19}","{""0.230000"":19}",C:\Users\zlxshu\.venvs\resetp-solver-py313\Scripts\python.exe,"3.13.12 (main, Mar  3 2026, 15:00:12) [MSC v.1944 64 bit (AMD64)]",2.3.5,34.918601000041235,0.0,checkpoint_0440,440,cheap,held_out,block_meta_masked,,,
block_meta_checkpoint,models/data_bundle/generated_instances/E-UK100_03__u0_seed3_24h_20251113,1,600,3877.952818221845,600,600,173366,winner_kernel_v1,block_ppo,0,1,325cc76fd00a0ac22a18d1fbd5946c08d7a5879bf42b5f068cb3c5a39d4f066c,{},"{""alpha_ucb"":19}","{""alpha_ucb"":19}","{""0.230000"":19}",C:\Users\zlxshu\.venvs\resetp-solver-py313\Scripts\python.exe,"3.13.12 (main, Mar  3 2026, 15:00:12) [MSC v.1944 64 bit (AMD64)]",2.3.5,38.76455859997077,0.0,checkpoint_0450,450,cheap,held_out,block_meta_masked,,,
block_meta_checkpoint,models/data_bundle/generated_instances/E-UK100_03__u0_seed3_24h_20251113,1,600,3877.952818221845,600,600,173366,winner_kernel_v1,block_ppo,0,1,325cc76fd00a0ac22a18d1fbd5946c08d7a5879bf42b5f068cb3c5a39d4f066c,{},"{""alpha_ucb"":19}","{""alpha_ucb"":19}","{""0.230000"":19}",C:\Users\zlxshu\.venvs\resetp-solver-py313\Scripts\python.exe,"3.13.12 (main, Mar  3 2026, 15:00:12) [MSC v.1944 64 bit (AMD64)]",2.3.5,38.91995589999715,0.0,checkpoint_0460,460,cheap,held_out,block_meta_masked,,,
block_meta_checkpoint,models/data_bundle/generated_instances/E-UK100_03__u0_seed3_24h_20251113,1,600,3859.636780422779,600,600,289240,winner_kernel_v1,block_ppo,0,1,6551b673000abf153a541ab2ac00a89172d9c9ce6e8adc66747387a09f34c510,{},"{""alpha_ucb"":19}","{""alpha_ucb"":19}","{""0.230000"":1,""0.300000"":18}",C:\Users\zlxshu\.venvs\resetp-solver-py313\Scripts\python.exe,"3.13.12 (main, Mar  3 2026, 15:00:12) [MSC v.1944 64 bit (AMD64)]",2.3.5,51.26031260000309,0.0,checkpoint_0470,470,cheap,held_out,block_meta_masked,,,
block_meta_checkpoint,models/data_bundle/generated_instances/E-UK100_03__u0_seed3_24h_20251113,1,600,3891.8865238329076,600,600,337871,winner_kernel_v1,block_ppo,0,1,ad138d467ffa1ca91f322f4bf33e4e9fc8a33951c8443f8eeccd2ce4fa73e67e,{},"{""alpha_ucb"":19}","{""alpha_ucb"":19}","{""0.230000"":1,""0.300000"":18}",C:\Users\zlxshu\.venvs\resetp-solver-py313\Scripts\python.exe,"3.13.12 (main, Mar  3 2026, 15:00:12) [MSC v.1944 64 bit (AMD64)]",2.3.5,54.1710282000131,0.0,checkpoint_0480,480,cheap,held_out,block_meta_masked,,,
block_meta_checkpoint,models/data_bundle/generated_instances/E-UK100_03__u0_seed3_24h_20251113,1,600,3891.8865238329076,600,600,337871,winner_kernel_v1,block_ppo,0,1,ad138d467ffa1ca91f322f4bf33e4e9fc8a33951c8443f8eeccd2ce4fa73e67e,{},"{""alpha_ucb"":19}","{""alpha_ucb"":19}","{""0.230000"":1,""0.300000"":18}",C:\Users\zlxshu\.venvs\resetp-solver-py313\Scripts\python.exe,"3.13.12 (main, Mar  3 2026, 15:00:12) [MSC v.1944 64 bit (AMD64)]",2.3.5,53.62227550003445,0.0,checkpoint_0490,490,cheap,held_out,block_meta_masked,,,
block_meta_checkpoint,models/data_bundle/generated_instances/E-UK100_03__u0_seed3_24h_20251113,1,600,3859.636780422779,600,600,289240,winner_kernel_v1,block_ppo,0,1,6551b673000abf153a541ab2ac00a89172d9c9ce6e8adc66747387a09f34c510,{},"{""alpha_ucb"":19}","{""alpha_ucb"":19}","{""0.230000"":1,""0.300000"":18}",C:\Users\zlxshu\.venvs\resetp-solver-py313\Scripts\python.exe,"3.13.12 (main, Mar  3 2026, 15:00:12) [MSC v.1944 64 bit (AMD64)]",2.3.5,50.23389879998285,0.0,checkpoint_0500,500,cheap,held_out,block_meta_masked,,,
block_meta_checkpoint,models/data_bundle/generated_instances/E-UK100_03__u0_seed3_24h_20251113,1,600,3859.636780422779,600,600,289240,winner_kernel_v1,block_ppo,0,1,6551b673000abf153a541ab2ac00a89172d9c9ce6e8adc66747387a09f34c510,{},"{""alpha_ucb"":19}","{""alpha_ucb"":19}","{""0.230000"":1,""0.300000"":18}",C:\Users\zlxshu\.venvs\resetp-solver-py313\Scripts\python.exe,"3.13.12 (main, Mar  3 2026, 15:00:12) [MSC v.1944 64 bit (AMD64)]",2.3.5,50.193035599950235,0.0,checkpoint_0510,510,cheap,held_out,block_meta_masked,,,
block_meta_checkpoint,models/data_bundle/generated_instances/E-UK100_03__u0_seed3_24h_20251113,1,600,3859.636780422779,600,600,289240,winner_kernel_v1,block_ppo,0,1,6551b673000abf153a541ab2ac00a89172d9c9ce6e8adc66747387a09f34c510,{},"{""alpha_ucb"":19}","{""alpha_ucb"":19}","{""0.230000"":1,""0.300000"":18}",C:\Users\zlxshu\.venvs\resetp-solver-py313\Scripts\python.exe,"3.13.12 (main, Mar  3 2026, 15:00:12) [MSC v.1944 64 bit (AMD64)]",2.3.5,50.76291970000602,0.0,checkpoint_0520,520,cheap,held_out,block_meta_masked,,,
block_meta_checkpoint,models/data_bundle/generated_instances/E-UK100_03__u0_seed3_24h_20251113,1,600,3859.636780422779,600,600,289240,winner_kernel_v1,block_ppo,0,1,6551b673000abf153a541ab2ac00a89172d9c9ce6e8adc66747387a09f34c510,{},"{""alpha_ucb"":19}","{""alpha_ucb"":19}","{""0.230000"":1,""0.300000"":18}",C:\Users\zlxshu\.venvs\resetp-solver-py313\Scripts\python.exe,"3.13.12 (main, Mar  3 2026, 15:00:12) [MSC v.1944 64 bit (AMD64)]",2.3.5,49.913388399989344,0.0,checkpoint_0530,530,cheap,held_out,block_meta_masked,,,
block_meta_checkpoint,models/data_bundle/generated_instances/E-UK100_03__u0_seed3_24h_20251113,1,600,4156.442565824069,600,600,74573,winner_kernel_v1,block_ppo,0,1,ccee4bfdf3a0216632b321b6084c2821a0b9b1b3a4396484735e4eb2c67b5366,{},"{""alpha_ucb"":19}","{""alpha_ucb"":19}","{""0.300000"":19}",C:\Users\zlxshu\.venvs\resetp-solver-py313\Scripts\python.exe,"3.13.12 (main, Mar  3 2026, 15:00:12) [MSC v.1944 64 bit (AMD64)]",2.3.5,40.64035820000572,0.0,checkpoint_0540,540,cheap,held_out,block_meta_masked,,,
block_meta_checkpoint,models/data_bundle/generated_instances/E-UK100_03__u0_seed3_24h_20251113,1,600,3687.141777381639,600,600,252083,winner_kernel_v1,block_ppo,0,1,8bdf4c0b64345593cebe3449d0fdd3ea269bbb566089be73059f1f936a475e64,{},"{""alpha_ucb"":19}","{""alpha_ucb"":19}","{""0.300000"":19}",C:\Users\zlxshu\.venvs\resetp-solver-py313\Scripts\python.exe,"3.13.12 (main, Mar  3 2026, 15:00:12) [MSC v.1944 64 bit (AMD64)]",2.3.5,64.01582839997718,0.0,checkpoint_0550,550,cheap,held_out,block_meta_masked,,,
block_meta_checkpoint,models/data_bundle/generated_instances/E-UK100_03__u0_seed3_24h_20251113,1,600,4156.442565824069,600,600,74573,winner_kernel_v1,block_ppo,0,1,ccee4bfdf3a0216632b321b6084c2821a0b9b1b3a4396484735e4eb2c67b5366,{},"{""alpha_ucb"":19}","{""alpha_ucb"":19}","{""0.300000"":19}",C:\Users\zlxshu\.venvs\resetp-solver-py313\Scripts\python.exe,"3.13.12 (main, Mar  3 2026, 15:00:12) [MSC v.1944 64 bit (AMD64)]",2.3.5,40.48304019996431,0.0,checkpoint_0560,560,cheap,held_out,block_meta_masked,,,
block_meta_checkpoint,models/data_bundle/generated_instances/E-UK100_03__u0_seed3_24h_20251113,1,600,3891.529458547278,600,600,385421,winner_kernel_v1,block_ppo,0,1,1d0c4e97e1be68bec4819ca8ee16eaae248a165f4eb8134644dd007b6ecc1f94,{},"{""alpha_ucb"":19}","{""alpha_ucb"":19}","{""0.300000"":18,""0.400000"":1}",C:\Users\zlxshu\.venvs\resetp-solver-py313\Scripts\python.exe,"3.13.12 (main, Mar  3 2026, 15:00:12) [MSC v.1944 64 bit (AMD64)]",2.3.5,62.42530669999542,0.0,checkpoint_0570,570,cheap,held_out,block_meta_masked,,,
block_meta_checkpoint,models/data_bundle/generated_instances/E-UK100_03__u0_seed3_24h_20251113,1,600,3891.529458547278,600,600,385421,winner_kernel_v1,block_ppo,0,1,1d0c4e97e1be68bec4819ca8ee16eaae248a165f4eb8134644dd007b6ecc1f94,{},"{""alpha_ucb"":19}","{""alpha_ucb"":19}","{""0.300000"":18,""0.400000"":1}",C:\Users\zlxshu\.venvs\resetp-solver-py313\Scripts\python.exe,"3.13.12 (main, Mar  3 2026, 15:00:12) [MSC v.1944 64 bit (AMD64)]",2.3.5,61.576367100002244,0.0,checkpoint_0580,580,cheap,held_out,block_meta_masked,,,
block_meta_checkpoint,models/data_bundle/generated_instances/E-UK100_03__u0_seed3_24h_20251113,1,600,4156.442565824069,600,600,74573,winner_kernel_v1,block_ppo,0,1,ccee4bfdf3a0216632b321b6084c2821a0b9b1b3a4396484735e4eb2c67b5366,{},"{""alpha_ucb"":19}","{""alpha_ucb"":19}","{""0.300000"":19}",C:\Users\zlxshu\.venvs\resetp-solver-py313\Scripts\python.exe,"3.13.12 (main, Mar  3 2026, 15:00:12) [MSC v.1944 64 bit (AMD64)]",2.3.5,40.42698490002658,0.0,checkpoint_0590,590,cheap,held_out,block_meta_masked,,,
