E_cv_direct,E_ev_indirect,E_total,active_flags,actual_evals,algorithm,battery_kwh,best_cost,carbon_destroy_attempts,carbon_destroy_best_improvements,carbon_repair_attempts,carbon_repair_best_improvements,category,charging_action_count,checkpoint_path,checkpoint_readable,commit_hash,comparison_mode,cost_carbon,cv_physical_vehicle_count,cv_route_count,elapsed_seconds,ev_physical_vehicle_count,ev_route_count,eval_budget_backstop,evals_per_second,feasible,gate_status,instance,low_carbon_charging_share,max_trips_per_physical_vehicle,numpy,operator_counts,python,replicate,route_count,runtime_cap_seconds,scenario,scenario_label,seed,size,status,timings,violation_count,winner_all_cv,winner_all_ev,winner_ev_route_share
2121.723888144482,0.44746238285149326,2122.1713505273333,{},1678,LNS,80.0,3960.9142264324673,0,0,0,0,multidepot,1,/Volumes/移动硬盘（512G）/ReSETP/baselines/e2_alns/carbon_aware_operator_probe_smoke_data/checkpoints/wc80/e2-multidepot-100c-01__LNS__seed1.json,True,6fbf6103e6f73b39ee12d52abd9aad3b9fc62051,wallclock,106.83010578554597,7,14,60.73399795900332,1,1,16000,27.62867679372407,True,OK,e2-multidepot-100c-01,1.0,2,2.3.5,{},/opt/anaconda3/bin/python3.13,1,15,60.0,wc80,Goeke80 same wall-clock,1,100,OK,{},0,False,False,0.06666666666666667
2121.723888144482,0.44746238285149326,2122.1713505273333,{},580,alns_e2_carbon,80.0,3960.9142264324673,144,0,144,0,multidepot,1,/Volumes/移动硬盘（512G）/ReSETP/baselines/e2_alns/carbon_aware_operator_probe_smoke_data/checkpoints/wc80/e2-multidepot-100c-01__alns_e2_carbon__seed1.json,True,6fbf6103e6f73b39ee12d52abd9aad3b9fc62051,wallclock,106.83010578554597,7,14,62.527424708998296,1,1,16000,9.275929765208009,True,OK,e2-multidepot-100c-01,1.0,2,2.3.5,"{""destroy"": {""carbon_related_removal"": [0, 0, 0, 72], ""random_customer_removal"": [0, 0, 0, 73], ""route_segment_removal"": [0, 0, 0, 72], ""shaw_related_removal"": [0, 0, 0, 72], ""vehicle_type_swap"": [0, 0, 0, 72], ""whole_route_removal"": [0, 0, 0, 72], ""worst_carbon_removal"": [0, 0, 0, 72], ""worst_customer_removal"": [0, 0, 0, 72]}, ""repair"": {""greedy_insert_repair"": [0, 0, 0, 145], ""low_carbon_charging_repair"": [0, 0, 0, 144], ""regret2_insert_repair"": [0, 0, 0, 144], ""regret3_insert_repair"": [0, 0, 0, 144]}, ""scan"": {""infeasible"": 3, ""rebuild_accepts"": 0, ""rebuild_attempts"": 2, ""restart_accepts"": 0, ""restart_attempts"": 1}, ""timing"": {""acceptance"": {""count"": 577.0, ""seconds"": 0.00015948989312164485}, ""checkpoint_model_cost"": {""count"": 1.0, ""seconds"": 0.00024275000032503158}, ""destroy:carbon_related_removal"": {""count"": 72.0, ""seconds"": 0.042585499977576546}, ""destroy:random_customer_removal"": {""count"": 73.0, ""seconds"": 0.013762874965323135}, ""destroy:route_segment_removal"": {""count"": 72.0, ""seconds"": 0.01293421104492154}, ""destroy:shaw_related_removal"": {""count"": 72.0, ""seconds"": 0.39499303605407476}, ""destroy:vehicle_type_swap"": {""count"": 72.0, ""seconds"": 0.24969629307452124}, ""destroy:whole_route_removal"": {""count"": 72.0, ""seconds"": 0.011331837013131008}, ""destroy:worst_carbon_removal"": {""count"": 72.0, ""seconds"": 0.0373147420323221}, ""destroy:worst_customer_removal"": {""count"": 72.0, ""seconds"": 0.014505917846690863}, ""final_check"": {""count"": 1.0, ""seconds"": 0.0003193339944118634}, ""full_candidate_score"": {""count"": 577.0, ""seconds"": 0.3460065347026102}, ""history_model_cost"": {""count"": 1.0, ""seconds"": 0.00030987500213086605}, ""initial_reference_score"": {""count"": 1.0, ""seconds"": 0.0005992079968564212}, ""repair:greedy_insert_repair"": {""count"": 145.0, ""seconds"": 5.485319708051975}, ""repair:low_carbon_charging_repair"": {""count"": 144.0, ""seconds"": 42.14037650296814}, ""repair:regret2_insert_repair"": {""count"": 144.0, ""seconds"": 5.982715668069432}, ""repair:regret3_insert_repair"": {""count"": 144.0, ""seconds"": 5.612426081876038}, ""repair_full_check"": {""count"": 876.0, ""seconds"": 0.3215367010998307}, ""repair_solution_score"": {""count"": 194.0, ""seconds"": 0.048826792030013166}, ""route_model_cost"": {""count"": 66559.0, ""seconds"": 1.6012643222493352}, ""scan_build"": {""count"": 3.0, ""seconds"": 0.003079832997173071}, ""scan_score"": {""count"": 3.0, ""seconds"": 0.001575625006807968}}}",/opt/anaconda3/bin/python3.13,1,15,60.0,wc80,Goeke80 same wall-clock,1,100,OK,"{""acceptance"": {""count"": 577.0, ""seconds"": 0.00015948989312164485}, ""checkpoint_model_cost"": {""count"": 1.0, ""seconds"": 0.00024275000032503158}, ""destroy:carbon_related_removal"": {""count"": 72.0, ""seconds"": 0.042585499977576546}, ""destroy:random_customer_removal"": {""count"": 73.0, ""seconds"": 0.013762874965323135}, ""destroy:route_segment_removal"": {""count"": 72.0, ""seconds"": 0.01293421104492154}, ""destroy:shaw_related_removal"": {""count"": 72.0, ""seconds"": 0.39499303605407476}, ""destroy:vehicle_type_swap"": {""count"": 72.0, ""seconds"": 0.24969629307452124}, ""destroy:whole_route_removal"": {""count"": 72.0, ""seconds"": 0.011331837013131008}, ""destroy:worst_carbon_removal"": {""count"": 72.0, ""seconds"": 0.0373147420323221}, ""destroy:worst_customer_removal"": {""count"": 72.0, ""seconds"": 0.014505917846690863}, ""final_check"": {""count"": 1.0, ""seconds"": 0.0003193339944118634}, ""full_candidate_score"": {""count"": 577.0, ""seconds"": 0.3460065347026102}, ""history_model_cost"": {""count"": 1.0, ""seconds"": 0.00030987500213086605}, ""initial_reference_score"": {""count"": 1.0, ""seconds"": 0.0005992079968564212}, ""repair:greedy_insert_repair"": {""count"": 145.0, ""seconds"": 5.485319708051975}, ""repair:low_carbon_charging_repair"": {""count"": 144.0, ""seconds"": 42.14037650296814}, ""repair:regret2_insert_repair"": {""count"": 144.0, ""seconds"": 5.982715668069432}, ""repair:regret3_insert_repair"": {""count"": 144.0, ""seconds"": 5.612426081876038}, ""repair_full_check"": {""count"": 876.0, ""seconds"": 0.3215367010998307}, ""repair_solution_score"": {""count"": 194.0, ""seconds"": 0.048826792030013166}, ""route_model_cost"": {""count"": 66559.0, ""seconds"": 1.6012643222493352}, ""scan_build"": {""count"": 3.0, ""seconds"": 0.003079832997173071}, ""scan_score"": {""count"": 3.0, ""seconds"": 0.001575625006807968}}",0,False,False,0.06666666666666667
2121.723888144482,0.44746238285149326,2122.1713505273333,{},1541,alns_e2_carbon_ablation,80.0,3960.9142264324673,382,0,383,0,multidepot,1,/Volumes/移动硬盘（512G）/ReSETP/baselines/e2_alns/carbon_aware_operator_probe_smoke_data/checkpoints/wc80/e2-multidepot-100c-01__alns_e2_carbon_ablation__seed1.json,True,6fbf6103e6f73b39ee12d52abd9aad3b9fc62051,wallclock,106.83010578554597,7,14,62.19537025000318,1,1,16000,24.776763829939917,True,OK,e2-multidepot-100c-01,1.0,2,2.3.5,"{""destroy"": {""carbon_related_removal"": [0, 0, 0, 190], ""random_customer_removal"": [0, 0, 0, 192], ""route_segment_removal"": [0, 0, 0, 192], ""shaw_related_removal"": [0, 0, 0, 192], ""vehicle_type_swap"": [0, 0, 0, 192], ""whole_route_removal"": [0, 0, 0, 192], ""worst_carbon_removal"": [0, 0, 0, 192], ""worst_customer_removal"": [0, 0, 0, 192]}, ""repair"": {""greedy_insert_repair"": [0, 0, 0, 384], ""low_carbon_charging_repair"": [0, 0, 0, 383], ""regret2_insert_repair"": [0, 0, 0, 384], ""regret3_insert_repair"": [0, 0, 0, 383]}, ""scan"": {""infeasible"": 7, ""rebuild_accepts"": 0, ""rebuild_attempts"": 6, ""restart_accepts"": 0, ""restart_attempts"": 1}, ""timing"": {""acceptance"": {""count"": 1534.0, ""seconds"": 0.00044280526344664395}, ""checkpoint_model_cost"": {""count"": 1.0, ""seconds"": 0.0002497079985914752}, ""destroy:carbon_related_removal"": {""count"": 190.0, ""seconds"": 1.0282894580013817}, ""destroy:random_customer_removal"": {""count"": 192.0, ""seconds"": 0.03645604495250154}, ""destroy:route_segment_removal"": {""count"": 192.0, ""seconds"": 0.03508013796817977}, ""destroy:shaw_related_removal"": {""count"": 192.0, ""seconds"": 1.0519831989950035}, ""destroy:vehicle_type_swap"": {""count"": 192.0, ""seconds"": 0.7036200019792886}, ""destroy:whole_route_removal"": {""count"": 192.0, ""seconds"": 0.0315088770003058}, ""destroy:worst_carbon_removal"": {""count"": 192.0, ""seconds"": 0.03944054289604537}, ""destroy:worst_customer_removal"": {""count"": 192.0, ""seconds"": 0.03847075186786242}, ""final_check"": {""count"": 1.0, ""seconds"": 0.0003403330047149211}, ""full_candidate_score"": {""count"": 1534.0, ""seconds"": 0.9205318224121584}, ""history_model_cost"": {""count"": 1.0, ""seconds"": 0.0003252500027883798}, ""initial_reference_score"": {""count"": 1.0, ""seconds"": 0.0006121250044088811}, ""repair:greedy_insert_repair"": {""count"": 384.0, ""seconds"": 14.404378013845417}, ""repair:low_carbon_charging_repair"": {""count"": 383.0, ""seconds"": 13.392362205995596}, ""repair:regret2_insert_repair"": {""count"": 384.0, ""seconds"": 15.179181795057957}, ""repair:regret3_insert_repair"": {""count"": 383.0, ""seconds"": 13.979619582081796}, ""repair_full_check"": {""count"": 3068.0, ""seconds"": 1.109872457003803}, ""repair_solution_score"": {""count"": 527.0, ""seconds"": 0.13692703418200836}, ""route_model_cost"": {""count"": 151198.0, ""seconds"": 3.721193522622343}, ""scan_build"": {""count"": 7.0, ""seconds"": 0.007911542037618347}, ""scan_score"": {""count"": 7.0, ""seconds"": 0.0037260399985825643}}}",/opt/anaconda3/bin/python3.13,1,15,60.0,wc80,Goeke80 same wall-clock,1,100,OK,"{""acceptance"": {""count"": 1534.0, ""seconds"": 0.00044280526344664395}, ""checkpoint_model_cost"": {""count"": 1.0, ""seconds"": 0.0002497079985914752}, ""destroy:carbon_related_removal"": {""count"": 190.0, ""seconds"": 1.0282894580013817}, ""destroy:random_customer_removal"": {""count"": 192.0, ""seconds"": 0.03645604495250154}, ""destroy:route_segment_removal"": {""count"": 192.0, ""seconds"": 0.03508013796817977}, ""destroy:shaw_related_removal"": {""count"": 192.0, ""seconds"": 1.0519831989950035}, ""destroy:vehicle_type_swap"": {""count"": 192.0, ""seconds"": 0.7036200019792886}, ""destroy:whole_route_removal"": {""count"": 192.0, ""seconds"": 0.0315088770003058}, ""destroy:worst_carbon_removal"": {""count"": 192.0, ""seconds"": 0.03944054289604537}, ""destroy:worst_customer_removal"": {""count"": 192.0, ""seconds"": 0.03847075186786242}, ""final_check"": {""count"": 1.0, ""seconds"": 0.0003403330047149211}, ""full_candidate_score"": {""count"": 1534.0, ""seconds"": 0.9205318224121584}, ""history_model_cost"": {""count"": 1.0, ""seconds"": 0.0003252500027883798}, ""initial_reference_score"": {""count"": 1.0, ""seconds"": 0.0006121250044088811}, ""repair:greedy_insert_repair"": {""count"": 384.0, ""seconds"": 14.404378013845417}, ""repair:low_carbon_charging_repair"": {""count"": 383.0, ""seconds"": 13.392362205995596}, ""repair:regret2_insert_repair"": {""count"": 384.0, ""seconds"": 15.179181795057957}, ""repair:regret3_insert_repair"": {""count"": 383.0, ""seconds"": 13.979619582081796}, ""repair_full_check"": {""count"": 3068.0, ""seconds"": 1.109872457003803}, ""repair_solution_score"": {""count"": 527.0, ""seconds"": 0.13692703418200836}, ""route_model_cost"": {""count"": 151198.0, ""seconds"": 3.721193522622343}, ""scan_build"": {""count"": 7.0, ""seconds"": 0.007911542037618347}, ""scan_score"": {""count"": 7.0, ""seconds"": 0.0037260399985825643}}",0,False,False,0.06666666666666667
2121.723888144482,0.44746238285149326,2122.1713505273333,"{""SETP_ALNS_CRUSH_ADAPTIVE_Q"": ""1"", ""SETP_ALNS_CRUSH_LOCAL_SEARCH"": ""0"", ""SETP_ALNS_CRUSH_REPAIR_STRUCTURE_CACHE"": ""1"", ""SETP_ALNS_CRUSH_ROUTE_COST_CACHE"": ""1"", ""SETP_ALNS_CRUSH_ROUTE_ELIMINATION"": ""0"", ""SETP_ALNS_CRUSH_SA_ACCEPTANCE"": ""1"", ""SETP_ALNS_CRUSH_SA_MODE"": ""lns_cooling"", ""SETP_ALNS_CRUSH_SCAN_REBUILD"": ""1"", ""SETP_ALNS_CRUSH_SCAN_RESTART"": ""1"", ""SETP_ALNS_CRUSH_TIMING_LEDGER"": ""1"", ""SETP_ALNS_CRUSH_TRUE_ACCEPTANCE"": ""0"", ""SETP_ALNS_CRUSH_TRUE_REPAIR"": ""1""}",1795,alns_e2_throughput,80.0,3960.9142264324673,0,0,0,0,multidepot,1,/Volumes/移动硬盘（512G）/ReSETP/baselines/e2_alns/carbon_aware_operator_probe_smoke_data/checkpoints/wc80/e2-multidepot-100c-01__alns_e2_throughput__seed1.json,True,6fbf6103e6f73b39ee12d52abd9aad3b9fc62051,wallclock,106.83010578554597,7,14,62.14625399999204,1,1,16000,28.883478640566654,True,OK,e2-multidepot-100c-01,1.0,2,2.3.5,"{""destroy"": {""random_customer_removal"": [0, 0, 0, 300], ""route_segment_removal"": [0, 0, 0, 297], ""shaw_related_removal"": [0, 0, 0, 297], ""vehicle_type_swap"": [0, 0, 0, 297], ""whole_route_removal"": [0, 0, 0, 297], ""worst_customer_removal"": [0, 0, 0, 299]}, ""repair"": {""greedy_insert_repair"": [0, 0, 0, 596], ""regret2_insert_repair"": [0, 0, 0, 596], ""regret3_insert_repair"": [0, 0, 0, 595]}, ""scan"": {""infeasible"": 8, ""rebuild_accepts"": 0, ""rebuild_attempts"": 7, ""restart_accepts"": 0, ""restart_attempts"": 1}, ""timing"": {""acceptance"": {""count"": 1787.0, ""seconds"": 0.0005852965550730005}, ""checkpoint_model_cost"": {""count"": 1.0, ""seconds"": 0.00024854199727997184}, ""destroy:random_customer_removal"": {""count"": 300.0, ""seconds"": 0.056188255912275054}, ""destroy:route_segment_removal"": {""count"": 297.0, ""seconds"": 0.052481004953733645}, ""destroy:shaw_related_removal"": {""count"": 297.0, ""seconds"": 1.6042739890544908}, ""destroy:vehicle_type_swap"": {""count"": 297.0, ""seconds"": 1.0238267019885825}, ""destroy:whole_route_removal"": {""count"": 297.0, ""seconds"": 0.04848962700634729}, ""destroy:worst_customer_removal"": {""count"": 299.0, ""seconds"": 0.05907416404807009}, ""final_check"": {""count"": 1.0, ""seconds"": 0.0003179580089636147}, ""full_candidate_score"": {""count"": 1787.0, ""seconds"": 1.0412208629859379}, ""history_model_cost"": {""count"": 1.0, ""seconds"": 0.0003312089975224808}, ""initial_reference_score"": {""count"": 1.0, ""seconds"": 0.0006657080084551126}, ""repair:greedy_insert_repair"": {""count"": 596.0, ""seconds"": 18.68736340777832}, ""repair:regret2_insert_repair"": {""count"": 596.0, ""seconds"": 19.09245548628678}, ""repair:regret3_insert_repair"": {""count"": 595.0, ""seconds"": 19.18864497204777}, ""repair_full_check"": {""count"": 3574.0, ""seconds"": 1.2450751119904453}, ""repair_solution_score"": {""count"": 797.0, ""seconds"": 0.2002248100907309}, ""route_model_cost"": {""count"": 164310.0, ""seconds"": 3.9370286845078226}, ""scan_build"": {""count"": 8.0, ""seconds"": 0.008786624995991588}, ""scan_score"": {""count"": 8.0, ""seconds"": 0.004330042007495649}}}",/opt/anaconda3/bin/python3.13,1,15,60.0,wc80,Goeke80 same wall-clock,1,100,OK,"{""acceptance"": {""count"": 1787.0, ""seconds"": 0.0005852965550730005}, ""checkpoint_model_cost"": {""count"": 1.0, ""seconds"": 0.00024854199727997184}, ""destroy:random_customer_removal"": {""count"": 300.0, ""seconds"": 0.056188255912275054}, ""destroy:route_segment_removal"": {""count"": 297.0, ""seconds"": 0.052481004953733645}, ""destroy:shaw_related_removal"": {""count"": 297.0, ""seconds"": 1.6042739890544908}, ""destroy:vehicle_type_swap"": {""count"": 297.0, ""seconds"": 1.0238267019885825}, ""destroy:whole_route_removal"": {""count"": 297.0, ""seconds"": 0.04848962700634729}, ""destroy:worst_customer_removal"": {""count"": 299.0, ""seconds"": 0.05907416404807009}, ""final_check"": {""count"": 1.0, ""seconds"": 0.0003179580089636147}, ""full_candidate_score"": {""count"": 1787.0, ""seconds"": 1.0412208629859379}, ""history_model_cost"": {""count"": 1.0, ""seconds"": 0.0003312089975224808}, ""initial_reference_score"": {""count"": 1.0, ""seconds"": 0.0006657080084551126}, ""repair:greedy_insert_repair"": {""count"": 596.0, ""seconds"": 18.68736340777832}, ""repair:regret2_insert_repair"": {""count"": 596.0, ""seconds"": 19.09245548628678}, ""repair:regret3_insert_repair"": {""count"": 595.0, ""seconds"": 19.18864497204777}, ""repair_full_check"": {""count"": 3574.0, ""seconds"": 1.2450751119904453}, ""repair_solution_score"": {""count"": 797.0, ""seconds"": 0.2002248100907309}, ""route_model_cost"": {""count"": 164310.0, ""seconds"": 3.9370286845078226}, ""scan_build"": {""count"": 8.0, ""seconds"": 0.008786624995991588}, ""scan_score"": {""count"": 8.0, ""seconds"": 0.004330042007495649}}",0,False,False,0.06666666666666667
3446.7898789636292,0.05112645765663378,3446.841005421286,{},719,LNS,80.0,6633.4344963179965,0,0,0,0,threeshift,1,/Volumes/移动硬盘（512G）/ReSETP/baselines/e2_alns/carbon_aware_operator_probe_smoke_data/checkpoints/wc80/e2-threeshift-200c-01__LNS__seed1.json,True,6fbf6103e6f73b39ee12d52abd9aad3b9fc62051,wallclock,173.51397621290755,14,26,63.79492216701328,1,1,16000,11.27048949315556,True,OK,e2-threeshift-200c-01,1.0,2,2.3.5,{},/opt/anaconda3/bin/python3.13,1,27,60.0,wc80,Goeke80 same wall-clock,1,200,OK,{},0,False,False,0.037037037037037035
3446.7898789636292,0.05112645765663378,3446.841005421286,{},109,alns_e2_carbon,80.0,6633.4344963179965,24,0,27,0,threeshift,1,/Volumes/移动硬盘（512G）/ReSETP/baselines/e2_alns/carbon_aware_operator_probe_smoke_data/checkpoints/wc80/e2-threeshift-200c-01__alns_e2_carbon__seed1.json,True,6fbf6103e6f73b39ee12d52abd9aad3b9fc62051,wallclock,173.51397621290755,14,26,65.53075641699252,1,1,16000,1.6633410929426666,True,OK,e2-threeshift-200c-01,1.0,2,2.3.5,"{""destroy"": {""carbon_related_removal"": [0, 0, 0, 12], ""random_customer_removal"": [0, 0, 0, 16], ""route_segment_removal"": [0, 0, 0, 12], ""shaw_related_removal"": [0, 0, 0, 16], ""vehicle_type_swap"": [0, 0, 0, 12], ""whole_route_removal"": [0, 0, 0, 12], ""worst_carbon_removal"": [0, 0, 0, 12], ""worst_customer_removal"": [0, 0, 0, 16]}, ""repair"": {""greedy_insert_repair"": [0, 0, 0, 27], ""low_carbon_charging_repair"": [0, 0, 0, 27], ""regret2_insert_repair"": [0, 0, 0, 27], ""regret3_insert_repair"": [0, 0, 0, 27]}, ""scan"": {""infeasible"": 1, ""rebuild_accepts"": 0, ""rebuild_attempts"": 0, ""restart_accepts"": 0, ""restart_attempts"": 1}, ""timing"": {""acceptance"": {""count"": 108.0, ""seconds"": 3.253693284932524e-05}, ""checkpoint_model_cost"": {""count"": 1.0, ""seconds"": 0.0005782910011475906}, ""destroy:carbon_related_removal"": {""count"": 12.0, ""seconds"": 0.01542562700342387}, ""destroy:random_customer_removal"": {""count"": 16.0, ""seconds"": 0.005932585001573898}, ""destroy:route_segment_removal"": {""count"": 12.0, ""seconds"": 0.005055083951447159}, ""destroy:shaw_related_removal"": {""count"": 16.0, ""seconds"": 0.5145688360207714}, ""destroy:vehicle_type_swap"": {""count"": 12.0, ""seconds"": 0.14410341701295692}, ""destroy:whole_route_removal"": {""count"": 12.0, ""seconds"": 0.004912623975542374}, ""destroy:worst_carbon_removal"": {""count"": 12.0, ""seconds"": 0.0133536269859178}, ""destroy:worst_customer_removal"": {""count"": 16.0, ""seconds"": 0.006978498000535183}, ""final_check"": {""count"": 1.0, ""seconds"": 0.0006557500018971041}, ""full_candidate_score"": {""count"": 108.0, ""seconds"": 0.13225125406461302}, ""history_model_cost"": {""count"": 1.0, ""seconds"": 0.0005577080009970814}, ""initial_reference_score"": {""count"": 1.0, ""seconds"": 0.0011412089952500537}, ""repair:greedy_insert_repair"": {""count"": 27.0, ""seconds"": 4.207961751992116}, ""repair:low_carbon_charging_repair"": {""count"": 27.0, ""seconds"": 44.849116830009734}, ""repair:regret2_insert_repair"": {""count"": 27.0, ""seconds"": 5.416485830966849}, ""repair:regret3_insert_repair"": {""count"": 27.0, ""seconds"": 5.082448747023591}, ""repair_full_check"": {""count"": 170.0, ""seconds"": 0.15385307699034456}, ""repair_solution_score"": {""count"": 48.0, ""seconds"": 0.023445794940926135}, ""route_model_cost"": {""count"": 27006.0, ""seconds"": 0.7269749063125346}, ""scan_build"": {""count"": 1.0, ""seconds"": 0.0028109580016462132}, ""scan_score"": {""count"": 1.0, ""seconds"": 0.0014899579982738942}}}",/opt/anaconda3/bin/python3.13,1,27,60.0,wc80,Goeke80 same wall-clock,1,200,OK,"{""acceptance"": {""count"": 108.0, ""seconds"": 3.253693284932524e-05}, ""checkpoint_model_cost"": {""count"": 1.0, ""seconds"": 0.0005782910011475906}, ""destroy:carbon_related_removal"": {""count"": 12.0, ""seconds"": 0.01542562700342387}, ""destroy:random_customer_removal"": {""count"": 16.0, ""seconds"": 0.005932585001573898}, ""destroy:route_segment_removal"": {""count"": 12.0, ""seconds"": 0.005055083951447159}, ""destroy:shaw_related_removal"": {""count"": 16.0, ""seconds"": 0.5145688360207714}, ""destroy:vehicle_type_swap"": {""count"": 12.0, ""seconds"": 0.14410341701295692}, ""destroy:whole_route_removal"": {""count"": 12.0, ""seconds"": 0.004912623975542374}, ""destroy:worst_carbon_removal"": {""count"": 12.0, ""seconds"": 0.0133536269859178}, ""destroy:worst_customer_removal"": {""count"": 16.0, ""seconds"": 0.006978498000535183}, ""final_check"": {""count"": 1.0, ""seconds"": 0.0006557500018971041}, ""full_candidate_score"": {""count"": 108.0, ""seconds"": 0.13225125406461302}, ""history_model_cost"": {""count"": 1.0, ""seconds"": 0.0005577080009970814}, ""initial_reference_score"": {""count"": 1.0, ""seconds"": 0.0011412089952500537}, ""repair:greedy_insert_repair"": {""count"": 27.0, ""seconds"": 4.207961751992116}, ""repair:low_carbon_charging_repair"": {""count"": 27.0, ""seconds"": 44.849116830009734}, ""repair:regret2_insert_repair"": {""count"": 27.0, ""seconds"": 5.416485830966849}, ""repair:regret3_insert_repair"": {""count"": 27.0, ""seconds"": 5.082448747023591}, ""repair_full_check"": {""count"": 170.0, ""seconds"": 0.15385307699034456}, ""repair_solution_score"": {""count"": 48.0, ""seconds"": 0.023445794940926135}, ""route_model_cost"": {""count"": 27006.0, ""seconds"": 0.7269749063125346}, ""scan_build"": {""count"": 1.0, ""seconds"": 0.0028109580016462132}, ""scan_score"": {""count"": 1.0, ""seconds"": 0.0014899579982738942}}",0,False,False,0.037037037037037035
3446.7898789636292,0.05112645765663378,3446.841005421286,{},329,alns_e2_carbon_ablation,80.0,6633.4344963179965,80,0,81,0,threeshift,1,/Volumes/移动硬盘（512G）/ReSETP/baselines/e2_alns/carbon_aware_operator_probe_smoke_data/checkpoints/wc80/e2-threeshift-200c-01__alns_e2_carbon_ablation__seed1.json,True,6fbf6103e6f73b39ee12d52abd9aad3b9fc62051,wallclock,173.51397621290755,14,26,65.22807812500105,1,1,16000,5.043840159900384,True,OK,e2-threeshift-200c-01,1.0,2,2.3.5,"{""destroy"": {""carbon_related_removal"": [0, 0, 0, 40], ""random_customer_removal"": [0, 0, 0, 44], ""route_segment_removal"": [0, 0, 0, 40], ""shaw_related_removal"": [0, 0, 0, 40], ""vehicle_type_swap"": [0, 0, 0, 40], ""whole_route_removal"": [0, 0, 0, 40], ""worst_carbon_removal"": [0, 0, 0, 40], ""worst_customer_removal"": [0, 0, 0, 43]}, ""repair"": {""greedy_insert_repair"": [0, 0, 0, 82], ""low_carbon_charging_repair"": [0, 0, 0, 81], ""regret2_insert_repair"": [0, 0, 0, 82], ""regret3_insert_repair"": [0, 0, 0, 82]}, ""scan"": {""infeasible"": 2, ""rebuild_accepts"": 0, ""rebuild_attempts"": 1, ""restart_accepts"": 0, ""restart_attempts"": 1}, ""timing"": {""acceptance"": {""count"": 327.0, ""seconds"": 9.749297169037163e-05}, ""checkpoint_model_cost"": {""count"": 1.0, ""seconds"": 0.0004782920004799962}, ""destroy:carbon_related_removal"": {""count"": 40.0, ""seconds"": 1.2701288359821774}, ""destroy:random_customer_removal"": {""count"": 44.0, ""seconds"": 0.015807668009074405}, ""destroy:route_segment_removal"": {""count"": 40.0, ""seconds"": 0.017620659986278042}, ""destroy:shaw_related_removal"": {""count"": 40.0, ""seconds"": 1.280442791088717}, ""destroy:vehicle_type_swap"": {""count"": 40.0, ""seconds"": 0.5013992090243846}, ""destroy:whole_route_removal"": {""count"": 40.0, ""seconds"": 0.01624908395751845}, ""destroy:worst_carbon_removal"": {""count"": 40.0, ""seconds"": 0.017357411998091266}, ""destroy:worst_customer_removal"": {""count"": 43.0, ""seconds"": 0.018147043942008168}, ""final_check"": {""count"": 1.0, ""seconds"": 0.0006198340124683455}, ""full_candidate_score"": {""count"": 327.0, ""seconds"": 0.3718585799651919}, ""history_model_cost"": {""count"": 1.0, ""seconds"": 0.000654957999358885}, ""initial_reference_score"": {""count"": 1.0, ""seconds"": 0.0011511250049807131}, ""repair:greedy_insert_repair"": {""count"": 82.0, ""seconds"": 13.528621207995457}, ""repair:low_carbon_charging_repair"": {""count"": 81.0, ""seconds"": 14.665098418015987}, ""repair:regret2_insert_repair"": {""count"": 82.0, ""seconds"": 14.239327875970048}, ""repair:regret3_insert_repair"": {""count"": 82.0, ""seconds"": 14.714073211027426}, ""repair_full_check"": {""count"": 654.0, ""seconds"": 0.5451318161358358}, ""repair_solution_score"": {""count"": 173.0, ""seconds"": 0.08245759201236069}, ""route_model_cost"": {""count"": 66840.0, ""seconds"": 1.8174918546137633}, ""scan_build"": {""count"": 2.0, ""seconds"": 0.005928291997406632}, ""scan_score"": {""count"": 2.0, ""seconds"": 0.0028982919902773574}}}",/opt/anaconda3/bin/python3.13,1,27,60.0,wc80,Goeke80 same wall-clock,1,200,OK,"{""acceptance"": {""count"": 327.0, ""seconds"": 9.749297169037163e-05}, ""checkpoint_model_cost"": {""count"": 1.0, ""seconds"": 0.0004782920004799962}, ""destroy:carbon_related_removal"": {""count"": 40.0, ""seconds"": 1.2701288359821774}, ""destroy:random_customer_removal"": {""count"": 44.0, ""seconds"": 0.015807668009074405}, ""destroy:route_segment_removal"": {""count"": 40.0, ""seconds"": 0.017620659986278042}, ""destroy:shaw_related_removal"": {""count"": 40.0, ""seconds"": 1.280442791088717}, ""destroy:vehicle_type_swap"": {""count"": 40.0, ""seconds"": 0.5013992090243846}, ""destroy:whole_route_removal"": {""count"": 40.0, ""seconds"": 0.01624908395751845}, ""destroy:worst_carbon_removal"": {""count"": 40.0, ""seconds"": 0.017357411998091266}, ""destroy:worst_customer_removal"": {""count"": 43.0, ""seconds"": 0.018147043942008168}, ""final_check"": {""count"": 1.0, ""seconds"": 0.0006198340124683455}, ""full_candidate_score"": {""count"": 327.0, ""seconds"": 0.3718585799651919}, ""history_model_cost"": {""count"": 1.0, ""seconds"": 0.000654957999358885}, ""initial_reference_score"": {""count"": 1.0, ""seconds"": 0.0011511250049807131}, ""repair:greedy_insert_repair"": {""count"": 82.0, ""seconds"": 13.528621207995457}, ""repair:low_carbon_charging_repair"": {""count"": 81.0, ""seconds"": 14.665098418015987}, ""repair:regret2_insert_repair"": {""count"": 82.0, ""seconds"": 14.239327875970048}, ""repair:regret3_insert_repair"": {""count"": 82.0, ""seconds"": 14.714073211027426}, ""repair_full_check"": {""count"": 654.0, ""seconds"": 0.5451318161358358}, ""repair_solution_score"": {""count"": 173.0, ""seconds"": 0.08245759201236069}, ""route_model_cost"": {""count"": 66840.0, ""seconds"": 1.8174918546137633}, ""scan_build"": {""count"": 2.0, ""seconds"": 0.005928291997406632}, ""scan_score"": {""count"": 2.0, ""seconds"": 0.0028982919902773574}}",0,False,False,0.037037037037037035
3446.7898789636292,0.05112645765663378,3446.841005421286,"{""SETP_ALNS_CRUSH_ADAPTIVE_Q"": ""1"", ""SETP_ALNS_CRUSH_LOCAL_SEARCH"": ""0"", ""SETP_ALNS_CRUSH_REPAIR_STRUCTURE_CACHE"": ""1"", ""SETP_ALNS_CRUSH_ROUTE_COST_CACHE"": ""1"", ""SETP_ALNS_CRUSH_ROUTE_ELIMINATION"": ""0"", ""SETP_ALNS_CRUSH_SA_ACCEPTANCE"": ""1"", ""SETP_ALNS_CRUSH_SA_MODE"": ""lns_cooling"", ""SETP_ALNS_CRUSH_SCAN_REBUILD"": ""1"", ""SETP_ALNS_CRUSH_SCAN_RESTART"": ""1"", ""SETP_ALNS_CRUSH_TIMING_LEDGER"": ""1"", ""SETP_ALNS_CRUSH_TRUE_ACCEPTANCE"": ""0"", ""SETP_ALNS_CRUSH_TRUE_REPAIR"": ""1""}",419,alns_e2_throughput,80.0,6633.4344963179965,0,0,0,0,threeshift,1,/Volumes/移动硬盘（512G）/ReSETP/baselines/e2_alns/carbon_aware_operator_probe_smoke_data/checkpoints/wc80/e2-threeshift-200c-01__alns_e2_throughput__seed1.json,True,6fbf6103e6f73b39ee12d52abd9aad3b9fc62051,wallclock,173.51397621290755,14,26,65.28355241700774,1,1,16000,6.418155637787286,True,OK,e2-threeshift-200c-01,1.0,2,2.3.5,"{""destroy"": {""random_customer_removal"": [0, 0, 0, 72], ""route_segment_removal"": [0, 0, 0, 69], ""shaw_related_removal"": [0, 0, 0, 69], ""vehicle_type_swap"": [0, 0, 0, 69], ""whole_route_removal"": [0, 0, 0, 69], ""worst_customer_removal"": [0, 0, 0, 69]}, ""repair"": {""greedy_insert_repair"": [0, 0, 0, 139], ""regret2_insert_repair"": [0, 0, 0, 139], ""regret3_insert_repair"": [0, 0, 0, 139]}, ""scan"": {""infeasible"": 2, ""rebuild_accepts"": 0, ""rebuild_attempts"": 1, ""restart_accepts"": 0, ""restart_attempts"": 1}, ""timing"": {""acceptance"": {""count"": 417.0, ""seconds"": 0.00011943695426452905}, ""checkpoint_model_cost"": {""count"": 1.0, ""seconds"": 0.000489499987452291}, ""destroy:random_customer_removal"": {""count"": 72.0, ""seconds"": 0.025261288959882222}, ""destroy:route_segment_removal"": {""count"": 69.0, ""seconds"": 0.030212500030756928}, ""destroy:shaw_related_removal"": {""count"": 69.0, ""seconds"": 2.205189955115202}, ""destroy:vehicle_type_swap"": {""count"": 69.0, ""seconds"": 0.8710130479303189}, ""destroy:whole_route_removal"": {""count"": 69.0, ""seconds"": 0.027883415124961175}, ""destroy:worst_customer_removal"": {""count"": 69.0, ""seconds"": 0.029018165994784795}, ""final_check"": {""count"": 1.0, ""seconds"": 0.0006370000046445057}, ""full_candidate_score"": {""count"": 417.0, ""seconds"": 0.4767446738842409}, ""history_model_cost"": {""count"": 1.0, ""seconds"": 0.0007428329990943894}, ""initial_reference_score"": {""count"": 1.0, ""seconds"": 0.0011614160030148923}, ""repair:greedy_insert_repair"": {""count"": 139.0, ""seconds"": 16.644482701973175}, ""repair:regret2_insert_repair"": {""count"": 139.0, ""seconds"": 20.16662495712808}, ""repair:regret3_insert_repair"": {""count"": 139.0, ""seconds"": 20.039866835053544}, ""repair_full_check"": {""count"": 834.0, ""seconds"": 0.6701484559016535}, ""repair_solution_score"": {""count"": 297.0, ""seconds"": 0.1447977470670594}, ""route_model_cost"": {""count"": 70129.0, ""seconds"": 1.9103777346608695}, ""scan_build"": {""count"": 2.0, ""seconds"": 0.005701000016415492}, ""scan_score"": {""count"": 2.0, ""seconds"": 0.0029342500056372955}}}",/opt/anaconda3/bin/python3.13,1,27,60.0,wc80,Goeke80 same wall-clock,1,200,OK,"{""acceptance"": {""count"": 417.0, ""seconds"": 0.00011943695426452905}, ""checkpoint_model_cost"": {""count"": 1.0, ""seconds"": 0.000489499987452291}, ""destroy:random_customer_removal"": {""count"": 72.0, ""seconds"": 0.025261288959882222}, ""destroy:route_segment_removal"": {""count"": 69.0, ""seconds"": 0.030212500030756928}, ""destroy:shaw_related_removal"": {""count"": 69.0, ""seconds"": 2.205189955115202}, ""destroy:vehicle_type_swap"": {""count"": 69.0, ""seconds"": 0.8710130479303189}, ""destroy:whole_route_removal"": {""count"": 69.0, ""seconds"": 0.027883415124961175}, ""destroy:worst_customer_removal"": {""count"": 69.0, ""seconds"": 0.029018165994784795}, ""final_check"": {""count"": 1.0, ""seconds"": 0.0006370000046445057}, ""full_candidate_score"": {""count"": 417.0, ""seconds"": 0.4767446738842409}, ""history_model_cost"": {""count"": 1.0, ""seconds"": 0.0007428329990943894}, ""initial_reference_score"": {""count"": 1.0, ""seconds"": 0.0011614160030148923}, ""repair:greedy_insert_repair"": {""count"": 139.0, ""seconds"": 16.644482701973175}, ""repair:regret2_insert_repair"": {""count"": 139.0, ""seconds"": 20.16662495712808}, ""repair:regret3_insert_repair"": {""count"": 139.0, ""seconds"": 20.039866835053544}, ""repair_full_check"": {""count"": 834.0, ""seconds"": 0.6701484559016535}, ""repair_solution_score"": {""count"": 297.0, ""seconds"": 0.1447977470670594}, ""route_model_cost"": {""count"": 70129.0, ""seconds"": 1.9103777346608695}, ""scan_build"": {""count"": 2.0, ""seconds"": 0.005701000016415492}, ""scan_score"": {""count"": 2.0, ""seconds"": 0.0029342500056372955}}",0,False,False,0.037037037037037035
245.44285561816784,0.8108527441302421,246.25370836229808,{},16000,LNS,80.0,573.7936728978657,0,0,0,0,vanilla,1,/Volumes/移动硬盘（512G）/ReSETP/baselines/e2_alns/carbon_aware_operator_probe_smoke_data/checkpoints/wc80/e2-vanilla-10c-01__LNS__seed1.json,True,6fbf6103e6f73b39ee12d52abd9aad3b9fc62051,wallclock,12.396411678958087,1,2,32.96292683298816,1,1,16000,485.3937904563666,True,OK,e2-vanilla-10c-01,1.0,2,2.3.5,{},/opt/anaconda3/bin/python3.13,1,3,60.0,wc80,Goeke80 same wall-clock,1,10,OK,{},0,False,False,0.3333333333333333
132.01803120993202,5.023165585672093,137.04119679560412,{},16000,alns_e2_carbon,80.0,408.6283967549251,7984,4,7984,4,vanilla,2,/Volumes/移动硬盘（512G）/ReSETP/baselines/e2_alns/carbon_aware_operator_probe_smoke_data/checkpoints/wc80/e2-vanilla-10c-01__alns_e2_carbon__seed1.json,True,6fbf6103e6f73b39ee12d52abd9aad3b9fc62051,wallclock,6.898653846690712,1,1,21.959292999992613,1,1,16000,728.6209077863018,True,OK,e2-vanilla-10c-01,0.35022716960106587,1,2.3.5,"{""destroy"": {""carbon_related_removal"": [4, 18, 21, 6889], ""random_customer_removal"": [0, 0, 0, 1052], ""route_segment_removal"": [0, 0, 0, 1052], ""shaw_related_removal"": [0, 0, 0, 1052], ""vehicle_type_swap"": [0, 0, 0, 1052], ""whole_route_removal"": [2, 0, 0, 2115], ""worst_carbon_removal"": [0, 0, 0, 1052], ""worst_customer_removal"": [1, 0, 0, 1627]}, ""repair"": {""greedy_insert_repair"": [0, 0, 0, 2104], ""low_carbon_charging_repair"": [4, 18, 21, 7941], ""regret2_insert_repair"": [0, 0, 0, 2104], ""regret3_insert_repair"": [3, 0, 0, 3742]}, ""scan"": {""infeasible"": 63, ""rebuild_accepts"": 0, ""rebuild_attempts"": 62, ""restart_accepts"": 0, ""restart_attempts"": 1}, ""timing"": {""acceptance"": {""count"": 15937.0, ""seconds"": 0.02585666124650743}, ""checkpoint_model_cost"": {""count"": 8.0, ""seconds"": 0.0004025009839097038}, ""destroy:carbon_related_removal"": {""count"": 6932.0, ""seconds"": 0.6284601110965014}, ""destroy:random_customer_removal"": {""count"": 1052.0, ""seconds"": 0.04657305410364643}, ""destroy:route_segment_removal"": {""count"": 1052.0, ""seconds"": 0.031119708030018955}, ""destroy:shaw_related_removal"": {""count"": 1052.0, ""seconds"": 0.07337950101646129}, ""destroy:vehicle_type_swap"": {""count"": 1052.0, ""seconds"": 0.25838491997274105}, ""destroy:whole_route_removal"": {""count"": 2117.0, ""seconds"": 0.0447340638784226}, ""destroy:worst_carbon_removal"": {""count"": 1052.0, ""seconds"": 0.0860764870303683}, ""destroy:worst_customer_removal"": {""count"": 1628.0, ""seconds"": 0.049546991212992}, ""final_check"": {""count"": 1.0, ""seconds"": 8.82500025909394e-05}, ""full_candidate_score"": {""count"": 15937.0, ""seconds"": 2.185479402425699}, ""history_model_cost"": {""count"": 8.0, ""seconds"": 0.000439791998360306}, ""initial_reference_score"": {""count"": 1.0, ""seconds"": 0.00015716599591542035}, ""local_search"": {""count"": 2956.0, ""seconds"": 0.00416380277602002}, ""repair:greedy_insert_repair"": {""count"": 2104.0, ""seconds"": 1.1228525138430996}, ""repair:low_carbon_charging_repair"": {""count"": 7984.0, ""seconds"": 13.3844437366497}, ""repair:regret2_insert_repair"": {""count"": 2104.0, ""seconds"": 1.1281869478116278}, ""repair:regret3_insert_repair"": {""count"": 3745.0, ""seconds"": 2.471673808686319}, ""repair_full_check"": {""count"": 9249.0, ""seconds"": 0.8942048330791295}, ""repair_solution_score"": {""count"": 1052.0, ""seconds"": 0.036000090825837106}, ""route_model_cost"": {""count"": 1037.0, ""seconds"": 0.020556748320814222}, ""scan_build"": {""count"": 63.0, ""seconds"": 0.005281332982121967}, ""scan_score"": {""count"": 63.0, ""seconds"": 0.005008960026316345}}}",/opt/anaconda3/bin/python3.13,1,2,60.0,wc80,Goeke80 same wall-clock,1,10,OK,"{""acceptance"": {""count"": 15937.0, ""seconds"": 0.02585666124650743}, ""checkpoint_model_cost"": {""count"": 8.0, ""seconds"": 0.0004025009839097038}, ""destroy:carbon_related_removal"": {""count"": 6932.0, ""seconds"": 0.6284601110965014}, ""destroy:random_customer_removal"": {""count"": 1052.0, ""seconds"": 0.04657305410364643}, ""destroy:route_segment_removal"": {""count"": 1052.0, ""seconds"": 0.031119708030018955}, ""destroy:shaw_related_removal"": {""count"": 1052.0, ""seconds"": 0.07337950101646129}, ""destroy:vehicle_type_swap"": {""count"": 1052.0, ""seconds"": 0.25838491997274105}, ""destroy:whole_route_removal"": {""count"": 2117.0, ""seconds"": 0.0447340638784226}, ""destroy:worst_carbon_removal"": {""count"": 1052.0, ""seconds"": 0.0860764870303683}, ""destroy:worst_customer_removal"": {""count"": 1628.0, ""seconds"": 0.049546991212992}, ""final_check"": {""count"": 1.0, ""seconds"": 8.82500025909394e-05}, ""full_candidate_score"": {""count"": 15937.0, ""seconds"": 2.185479402425699}, ""history_model_cost"": {""count"": 8.0, ""seconds"": 0.000439791998360306}, ""initial_reference_score"": {""count"": 1.0, ""seconds"": 0.00015716599591542035}, ""local_search"": {""count"": 2956.0, ""seconds"": 0.00416380277602002}, ""repair:greedy_insert_repair"": {""count"": 2104.0, ""seconds"": 1.1228525138430996}, ""repair:low_carbon_charging_repair"": {""count"": 7984.0, ""seconds"": 13.3844437366497}, ""repair:regret2_insert_repair"": {""count"": 2104.0, ""seconds"": 1.1281869478116278}, ""repair:regret3_insert_repair"": {""count"": 3745.0, ""seconds"": 2.471673808686319}, ""repair_full_check"": {""count"": 9249.0, ""seconds"": 0.8942048330791295}, ""repair_solution_score"": {""count"": 1052.0, ""seconds"": 0.036000090825837106}, ""route_model_cost"": {""count"": 1037.0, ""seconds"": 0.020556748320814222}, ""scan_build"": {""count"": 63.0, ""seconds"": 0.005281332982121967}, ""scan_score"": {""count"": 63.0, ""seconds"": 0.005008960026316345}}",0,False,False,0.5
132.01803120993202,5.023165585672093,137.04119679560412,{},16000,alns_e2_carbon_ablation,80.0,408.6283967549251,4577,0,3696,0,vanilla,2,/Volumes/移动硬盘（512G）/ReSETP/baselines/e2_alns/carbon_aware_operator_probe_smoke_data/checkpoints/wc80/e2-vanilla-10c-01__alns_e2_carbon_ablation__seed1.json,True,6fbf6103e6f73b39ee12d52abd9aad3b9fc62051,wallclock,6.898653846690712,1,1,12.424824582994916,1,1,16000,1287.7445386149118,True,OK,e2-vanilla-10c-01,0.35022716960106587,1,2.3.5,"{""destroy"": {""carbon_related_removal"": [0, 9, 9, 3466], ""random_customer_removal"": [3, 11, 10, 5011], ""route_segment_removal"": [0, 0, 0, 1096], ""shaw_related_removal"": [0, 0, 0, 1096], ""vehicle_type_swap"": [0, 0, 0, 1096], ""whole_route_removal"": [1, 0, 0, 1682], ""worst_carbon_removal"": [0, 0, 0, 1093], ""worst_customer_removal"": [0, 1, 0, 1352]}, ""repair"": {""greedy_insert_repair"": [0, 4, 4, 3326], ""low_carbon_charging_repair"": [0, 6, 5, 3685], ""regret2_insert_repair"": [3, 11, 10, 6105], ""regret3_insert_repair"": [1, 0, 0, 2776]}, ""scan"": {""infeasible"": 64, ""rebuild_accepts"": 0, ""rebuild_attempts"": 63, ""restart_accepts"": 0, ""restart_attempts"": 1}, ""timing"": {""acceptance"": {""count"": 15936.0, ""seconds"": 0.009735898667713627}, ""checkpoint_model_cost"": {""count"": 5.0, ""seconds"": 0.0002514999796403572}, ""destroy:carbon_related_removal"": {""count"": 3484.0, ""seconds"": 0.24192734446842223}, ""destroy:random_customer_removal"": {""count"": 5035.0, ""seconds"": 0.18443386412400287}, ""destroy:route_segment_removal"": {""count"": 1096.0, ""seconds"": 0.031650174321839586}, ""destroy:shaw_related_removal"": {""count"": 1096.0, ""seconds"": 0.07085064801503904}, ""destroy:vehicle_type_swap"": {""count"": 1096.0, ""seconds"": 0.2601255882473197}, ""destroy:whole_route_removal"": {""count"": 1683.0, ""seconds"": 0.033626367163378745}, ""destroy:worst_carbon_removal"": {""count"": 1093.0, ""seconds"": 0.03312549812835641}, ""destroy:worst_customer_removal"": {""count"": 1353.0, ""seconds"": 0.037761084124213085}, ""final_check"": {""count"": 1.0, ""seconds"": 8.704200445208699e-05}, ""full_candidate_score"": {""count"": 15936.0, ""seconds"": 2.175553693145048}, ""history_model_cost"": {""count"": 5.0, ""seconds"": 0.000272540986770764}, ""initial_reference_score"": {""count"": 1.0, ""seconds"": 0.00015320901002269238}, ""local_search"": {""count"": 917.0, ""seconds"": 0.0014011217572260648}, ""repair:greedy_insert_repair"": {""count"": 3334.0, ""seconds"": 1.8139809229178354}, ""repair:low_carbon_charging_repair"": {""count"": 3696.0, ""seconds"": 2.010189279069891}, ""repair:regret2_insert_repair"": {""count"": 6129.0, ""seconds"": 3.6070306106994394}, ""repair:regret3_insert_repair"": {""count"": 2777.0, ""seconds"": 1.7162996244005626}, ""repair_full_check"": {""count"": 17111.0, ""seconds"": 1.6128649956808658}, ""repair_solution_score"": {""count"": 1096.0, ""seconds"": 0.03686595818726346}, ""route_model_cost"": {""count"": 1377.0, ""seconds"": 0.028639879368711263}, ""scan_build"": {""count"": 64.0, ""seconds"": 0.005441167973913252}, ""scan_score"": {""count"": 64.0, ""seconds"": 0.004884038964519277}}}",/opt/anaconda3/bin/python3.13,1,2,60.0,wc80,Goeke80 same wall-clock,1,10,OK,"{""acceptance"": {""count"": 15936.0, ""seconds"": 0.009735898667713627}, ""checkpoint_model_cost"": {""count"": 5.0, ""seconds"": 0.0002514999796403572}, ""destroy:carbon_related_removal"": {""count"": 3484.0, ""seconds"": 0.24192734446842223}, ""destroy:random_customer_removal"": {""count"": 5035.0, ""seconds"": 0.18443386412400287}, ""destroy:route_segment_removal"": {""count"": 1096.0, ""seconds"": 0.031650174321839586}, ""destroy:shaw_related_removal"": {""count"": 1096.0, ""seconds"": 0.07085064801503904}, ""destroy:vehicle_type_swap"": {""count"": 1096.0, ""seconds"": 0.2601255882473197}, ""destroy:whole_route_removal"": {""count"": 1683.0, ""seconds"": 0.033626367163378745}, ""destroy:worst_carbon_removal"": {""count"": 1093.0, ""seconds"": 0.03312549812835641}, ""destroy:worst_customer_removal"": {""count"": 1353.0, ""seconds"": 0.037761084124213085}, ""final_check"": {""count"": 1.0, ""seconds"": 8.704200445208699e-05}, ""full_candidate_score"": {""count"": 15936.0, ""seconds"": 2.175553693145048}, ""history_model_cost"": {""count"": 5.0, ""seconds"": 0.000272540986770764}, ""initial_reference_score"": {""count"": 1.0, ""seconds"": 0.00015320901002269238}, ""local_search"": {""count"": 917.0, ""seconds"": 0.0014011217572260648}, ""repair:greedy_insert_repair"": {""count"": 3334.0, ""seconds"": 1.8139809229178354}, ""repair:low_carbon_charging_repair"": {""count"": 3696.0, ""seconds"": 2.010189279069891}, ""repair:regret2_insert_repair"": {""count"": 6129.0, ""seconds"": 3.6070306106994394}, ""repair:regret3_insert_repair"": {""count"": 2777.0, ""seconds"": 1.7162996244005626}, ""repair_full_check"": {""count"": 17111.0, ""seconds"": 1.6128649956808658}, ""repair_solution_score"": {""count"": 1096.0, ""seconds"": 0.03686595818726346}, ""route_model_cost"": {""count"": 1377.0, ""seconds"": 0.028639879368711263}, ""scan_build"": {""count"": 64.0, ""seconds"": 0.005441167973913252}, ""scan_score"": {""count"": 64.0, ""seconds"": 0.004884038964519277}}",0,False,False,0.5
132.01803120993202,5.023165585672093,137.04119679560412,"{""SETP_ALNS_CRUSH_ADAPTIVE_Q"": ""1"", ""SETP_ALNS_CRUSH_LOCAL_SEARCH"": ""0"", ""SETP_ALNS_CRUSH_REPAIR_STRUCTURE_CACHE"": ""1"", ""SETP_ALNS_CRUSH_ROUTE_COST_CACHE"": ""1"", ""SETP_ALNS_CRUSH_ROUTE_ELIMINATION"": ""0"", ""SETP_ALNS_CRUSH_SA_ACCEPTANCE"": ""1"", ""SETP_ALNS_CRUSH_SA_MODE"": ""lns_cooling"", ""SETP_ALNS_CRUSH_SCAN_REBUILD"": ""1"", ""SETP_ALNS_CRUSH_SCAN_RESTART"": ""1"", ""SETP_ALNS_CRUSH_TIMING_LEDGER"": ""1"", ""SETP_ALNS_CRUSH_TRUE_ACCEPTANCE"": ""0"", ""SETP_ALNS_CRUSH_TRUE_REPAIR"": ""1""}",16000,alns_e2_throughput,80.0,408.6283967549251,0,0,0,0,vanilla,2,/Volumes/移动硬盘（512G）/ReSETP/baselines/e2_alns/carbon_aware_operator_probe_smoke_data/checkpoints/wc80/e2-vanilla-10c-01__alns_e2_throughput__seed1.json,True,6fbf6103e6f73b39ee12d52abd9aad3b9fc62051,wallclock,6.898653846690712,1,1,15.717903208002099,1,1,16000,1017.9474824513669,True,OK,e2-vanilla-10c-01,0.35022716960106587,1,2.3.5,"{""destroy"": {""random_customer_removal"": [0, 0, 0, 1389], ""route_segment_removal"": [0, 0, 0, 1389], ""shaw_related_removal"": [3, 14, 12, 7391], ""vehicle_type_swap"": [0, 0, 0, 1389], ""whole_route_removal"": [1, 0, 0, 2173], ""worst_customer_removal"": [1, 0, 0, 2174]}, ""repair"": {""greedy_insert_repair"": [1, 0, 0, 3563], ""regret2_insert_repair"": [3, 14, 12, 8780], ""regret3_insert_repair"": [1, 0, 0, 3562]}, ""scan"": {""infeasible"": 64, ""rebuild_accepts"": 0, ""rebuild_attempts"": 63, ""restart_accepts"": 0, ""restart_attempts"": 1}, ""timing"": {""acceptance"": {""count"": 15936.0, ""seconds"": 0.014848665843601339}, ""checkpoint_model_cost"": {""count"": 6.0, ""seconds"": 0.0003068329970119521}, ""destroy:random_customer_removal"": {""count"": 1389.0, ""seconds"": 0.07082168625493068}, ""destroy:route_segment_removal"": {""count"": 1389.0, ""seconds"": 0.046696167963091284}, ""destroy:shaw_related_removal"": {""count"": 7420.0, ""seconds"": 0.6367752329097129}, ""destroy:vehicle_type_swap"": {""count"": 1389.0, ""seconds"": 0.3730534290516516}, ""destroy:whole_route_removal"": {""count"": 2174.0, ""seconds"": 0.052424179622903466}, ""destroy:worst_customer_removal"": {""count"": 2175.0, ""seconds"": 0.15699622906686272}, ""final_check"": {""count"": 1.0, ""seconds"": 0.00015100000018719584}, ""full_candidate_score"": {""count"": 15936.0, ""seconds"": 2.624206819862593}, ""history_model_cost"": {""count"": 6.0, ""seconds"": 0.0003360010014148429}, ""initial_reference_score"": {""count"": 1.0, ""seconds"": 0.0001640410046093166}, ""local_search"": {""count"": 809.0, ""seconds"": 0.0016286103054881096}, ""repair:greedy_insert_repair"": {""count"": 3564.0, ""seconds"": 2.3058739678090205}, ""repair:regret2_insert_repair"": {""count"": 8809.0, ""seconds"": 6.174769898978411}, ""repair:regret3_insert_repair"": {""count"": 3563.0, ""seconds"": 2.6054299526149407}, ""repair_full_check"": {""count"": 17087.0, ""seconds"": 1.9292123659251956}, ""repair_solution_score"": {""count"": 1389.0, ""seconds"": 0.052507109052385204}, ""route_model_cost"": {""count"": 935.0, ""seconds"": 0.024979791705845855}, ""scan_build"": {""count"": 64.0, ""seconds"": 0.006294334045378491}, ""scan_score"": {""count"": 64.0, ""seconds"": 0.005625291931210086}}}",/opt/anaconda3/bin/python3.13,1,2,60.0,wc80,Goeke80 same wall-clock,1,10,OK,"{""acceptance"": {""count"": 15936.0, ""seconds"": 0.014848665843601339}, ""checkpoint_model_cost"": {""count"": 6.0, ""seconds"": 0.0003068329970119521}, ""destroy:random_customer_removal"": {""count"": 1389.0, ""seconds"": 0.07082168625493068}, ""destroy:route_segment_removal"": {""count"": 1389.0, ""seconds"": 0.046696167963091284}, ""destroy:shaw_related_removal"": {""count"": 7420.0, ""seconds"": 0.6367752329097129}, ""destroy:vehicle_type_swap"": {""count"": 1389.0, ""seconds"": 0.3730534290516516}, ""destroy:whole_route_removal"": {""count"": 2174.0, ""seconds"": 0.052424179622903466}, ""destroy:worst_customer_removal"": {""count"": 2175.0, ""seconds"": 0.15699622906686272}, ""final_check"": {""count"": 1.0, ""seconds"": 0.00015100000018719584}, ""full_candidate_score"": {""count"": 15936.0, ""seconds"": 2.624206819862593}, ""history_model_cost"": {""count"": 6.0, ""seconds"": 0.0003360010014148429}, ""initial_reference_score"": {""count"": 1.0, ""seconds"": 0.0001640410046093166}, ""local_search"": {""count"": 809.0, ""seconds"": 0.0016286103054881096}, ""repair:greedy_insert_repair"": {""count"": 3564.0, ""seconds"": 2.3058739678090205}, ""repair:regret2_insert_repair"": {""count"": 8809.0, ""seconds"": 6.174769898978411}, ""repair:regret3_insert_repair"": {""count"": 3563.0, ""seconds"": 2.6054299526149407}, ""repair_full_check"": {""count"": 17087.0, ""seconds"": 1.9292123659251956}, ""repair_solution_score"": {""count"": 1389.0, ""seconds"": 0.052507109052385204}, ""route_model_cost"": {""count"": 935.0, ""seconds"": 0.024979791705845855}, ""scan_build"": {""count"": 64.0, ""seconds"": 0.006294334045378491}, ""scan_score"": {""count"": 64.0, ""seconds"": 0.005625291931210086}}",0,False,False,0.5
