instance_id,depot_id,route_index,load_kg,excess_over_ev_payload_kg,smallest_customer_kg,max_single_receiver_residual_kg,total_receiver_residual_kg,single_customer_move_possible,excess_fits_if_divisible
cn-cy-100c-01-V2-LOCATIONS,D_chengdu,0,1597.0,597.0,139.0,68.0,204.0,False,False
cn-cy-100c-01-V2-LOCATIONS,D_chengdu,1,1667.0,667.0,139.0,138.0,274.0,False,False
cn-cy-100c-01-V2-LOCATIONS,D_chengdu,2,1667.0,667.0,139.0,138.0,274.0,False,False
cn-cy-100c-01-V2-LOCATIONS,D_chengdu,3,1667.0,667.0,139.0,138.0,274.0,False,False
cn-cy-100c-01-V2-LOCATIONS,D_chengdu,4,1735.0,735.0,347.0,138.0,342.0,False,False
cn-cy-100c-01-V2-LOCATIONS,D_chengdu,5,1735.0,735.0,347.0,138.0,342.0,False,False
cn-cy-100c-01-V2-LOCATIONS,D_chongqing,0,1668.0,668.0,139.0,138.0,478.0,False,False
cn-cy-100c-01-V2-LOCATIONS,D_chongqing,1,1597.0,597.0,139.0,68.0,407.0,False,False
cn-cy-100c-01-V2-LOCATIONS,D_chongqing,2,1735.0,735.0,139.0,138.0,545.0,False,False
cn-cy-100c-01-V2-LOCATIONS,D_chongqing,3,1667.0,667.0,139.0,138.0,477.0,False,False
cn-cy-100c-01-V2-LOCATIONS,D_chongqing,4,1667.0,667.0,139.0,138.0,477.0,False,False
cn-cy-100c-01-V2-LOCATIONS,D_chongqing,5,1667.0,667.0,208.0,138.0,477.0,False,False
cn-cy-100c-01-V2-LOCATIONS,D_chongqing,6,1667.0,667.0,139.0,138.0,477.0,False,False
cn-cy-100c-01-V2-LOCATIONS,D_chongqing,7,1667.0,667.0,139.0,138.0,477.0,False,False
cn-cy-100c-02-V2-LOCATIONS,D_chengdu,0,1668.0,668.0,278.0,67.0,201.0,False,False
cn-cy-100c-02-V2-LOCATIONS,D_chengdu,1,1668.0,668.0,139.0,67.0,201.0,False,False
cn-cy-100c-02-V2-LOCATIONS,D_chengdu,2,1735.0,735.0,139.0,67.0,268.0,False,False
cn-cy-100c-02-V2-LOCATIONS,D_chengdu,3,1735.0,735.0,208.0,67.0,268.0,False,False
cn-cy-100c-02-V2-LOCATIONS,D_chengdu,4,1668.0,668.0,278.0,67.0,201.0,False,False
cn-cy-100c-02-V2-LOCATIONS,D_chengdu,5,1735.0,735.0,208.0,67.0,268.0,False,False
cn-cy-100c-02-V2-LOCATIONS,D_chengdu,6,1668.0,668.0,278.0,67.0,201.0,False,False
cn-cy-100c-02-V2-LOCATIONS,D_chongqing,0,1667.0,667.0,139.0,278.0,483.0,True,False
cn-cy-100c-02-V2-LOCATIONS,D_chongqing,1,1735.0,735.0,139.0,278.0,551.0,True,False
cn-cy-100c-02-V2-LOCATIONS,D_chongqing,2,1667.0,667.0,139.0,278.0,483.0,True,False
cn-cy-100c-02-V2-LOCATIONS,D_chongqing,3,1735.0,735.0,139.0,278.0,551.0,True,False
cn-cy-100c-02-V2-LOCATIONS,D_chongqing,4,1457.0,457.0,139.0,69.0,273.0,False,False
cn-cy-100c-02-V2-LOCATIONS,D_chongqing,5,1735.0,735.0,208.0,278.0,551.0,True,False
cn-cy-100c-02-V2-LOCATIONS,D_chongqing,6,1667.0,667.0,139.0,278.0,483.0,True,False
cn-cy-100c-02-V2-LOCATIONS,D_chongqing,7,1735.0,735.0,139.0,278.0,551.0,True,False
cn-cy-100c-02-V2-LOCATIONS,D_chongqing,8,1666.0,666.0,139.0,278.0,482.0,True,False
cn-cy-100c-03-V2-LOCATIONS,D_chengdu,0,1735.0,735.0,139.0,68.0,338.0,False,False
cn-cy-100c-03-V2-LOCATIONS,D_chengdu,1,1667.0,667.0,139.0,68.0,270.0,False,False
cn-cy-100c-03-V2-LOCATIONS,D_chengdu,2,1667.0,667.0,139.0,68.0,270.0,False,False
cn-cy-100c-03-V2-LOCATIONS,D_chengdu,3,1668.0,668.0,139.0,68.0,271.0,False,False
cn-cy-100c-03-V2-LOCATIONS,D_chengdu,4,1667.0,667.0,208.0,68.0,270.0,False,False
cn-cy-100c-03-V2-LOCATIONS,D_chengdu,5,1668.0,668.0,139.0,68.0,271.0,False,False
cn-cy-100c-03-V2-LOCATIONS,D_chongqing,0,1667.0,667.0,139.0,207.0,685.0,True,True
cn-cy-100c-03-V2-LOCATIONS,D_chongqing,1,1597.0,597.0,139.0,207.0,615.0,True,True
cn-cy-100c-03-V2-LOCATIONS,D_chongqing,2,1668.0,668.0,139.0,207.0,686.0,True,True
cn-cy-100c-03-V2-LOCATIONS,D_chongqing,3,1666.0,666.0,208.0,207.0,684.0,False,True
cn-cy-100c-03-V2-LOCATIONS,D_chongqing,4,1528.0,528.0,139.0,138.0,546.0,False,True
cn-cy-100c-03-V2-LOCATIONS,D_chongqing,5,1735.0,735.0,139.0,207.0,753.0,True,True
cn-cy-100c-03-V2-LOCATIONS,D_chongqing,6,1667.0,667.0,139.0,207.0,685.0,True,True
cn-cy-100c-03-V2-LOCATIONS,D_chongqing,7,1667.0,667.0,139.0,207.0,685.0,True,True
cn-cy-100c-03-V2-LOCATIONS,D_chongqing,8,1667.0,667.0,139.0,207.0,685.0,True,True
cn-cy-10c-01-V2-LOCATIONS,D_chongqing,0,1388.0,388.0,139.0,0.0,0,False,False
cn-cy-10c-02-V2-LOCATIONS,D_chongqing,0,1598.0,598.0,139.0,554.0,554.0,True,False
cn-cy-10c-02-V2-LOCATIONS,D_chongqing,1,1181.0,181.0,139.0,137.0,137.0,False,False
cn-cy-10c-03-V2-LOCATIONS,D_chongqing,0,1111.0,111.0,139.0,137.0,137.0,False,True
cn-cy-10c-03-V2-LOCATIONS,D_chongqing,1,1598.0,598.0,139.0,624.0,624.0,True,True
cn-cy-150c-01-V2-LOCATIONS,D_chengdu,0,1598.0,598.0,139.0,68.0,406.0,False,False
cn-cy-150c-01-V2-LOCATIONS,D_chengdu,1,1668.0,668.0,139.0,137.0,476.0,False,False
cn-cy-150c-01-V2-LOCATIONS,D_chengdu,2,1667.0,667.0,208.0,137.0,475.0,False,False
cn-cy-150c-01-V2-LOCATIONS,D_chengdu,3,1667.0,667.0,139.0,137.0,475.0,False,False
cn-cy-150c-01-V2-LOCATIONS,D_chengdu,4,1735.0,735.0,139.0,137.0,543.0,False,False
cn-cy-150c-01-V2-LOCATIONS,D_chengdu,5,1735.0,735.0,139.0,137.0,543.0,False,False
cn-cy-150c-01-V2-LOCATIONS,D_chengdu,6,1667.0,667.0,208.0,137.0,475.0,False,False
cn-cy-150c-01-V2-LOCATIONS,D_chengdu,7,1668.0,668.0,139.0,137.0,476.0,False,False
cn-cy-150c-01-V2-LOCATIONS,D_chengdu,8,1667.0,667.0,139.0,137.0,475.0,False,False
cn-cy-150c-01-V2-LOCATIONS,D_chongqing,0,1598.0,598.0,139.0,69.0,748.0,False,True
cn-cy-150c-01-V2-LOCATIONS,D_chongqing,1,1735.0,735.0,139.0,137.0,885.0,False,True
cn-cy-150c-01-V2-LOCATIONS,D_chongqing,2,1668.0,668.0,139.0,137.0,818.0,False,True
cn-cy-150c-01-V2-LOCATIONS,D_chongqing,3,1667.0,667.0,139.0,137.0,817.0,False,True
cn-cy-150c-01-V2-LOCATIONS,D_chongqing,4,1667.0,667.0,139.0,137.0,817.0,False,True
cn-cy-150c-01-V2-LOCATIONS,D_chongqing,5,1667.0,667.0,139.0,137.0,817.0,False,True
cn-cy-150c-01-V2-LOCATIONS,D_chongqing,6,1666.0,666.0,139.0,137.0,816.0,False,True
cn-cy-150c-01-V2-LOCATIONS,D_chongqing,7,1667.0,667.0,139.0,137.0,817.0,False,True
cn-cy-150c-01-V2-LOCATIONS,D_chongqing,8,1667.0,667.0,139.0,137.0,817.0,False,True
cn-cy-150c-01-V2-LOCATIONS,D_chongqing,9,1735.0,735.0,139.0,137.0,885.0,False,True
cn-cy-150c-01-V2-LOCATIONS,D_chongqing,10,1667.0,667.0,208.0,137.0,817.0,False,True
cn-cy-150c-01-V2-LOCATIONS,D_chongqing,11,1666.0,666.0,208.0,137.0,816.0,False,True
cn-cy-150c-01-V2-LOCATIONS,D_chongqing,12,1667.0,667.0,139.0,137.0,817.0,False,True
cn-cy-150c-01-V2-LOCATIONS,D_chongqing,13,1668.0,668.0,139.0,137.0,818.0,False,True
cn-cy-150c-02-V2-LOCATIONS,D_chengdu,0,1598.0,598.0,278.0,208.0,825.0,False,True
cn-cy-150c-02-V2-LOCATIONS,D_chengdu,1,1527.0,527.0,208.0,138.0,754.0,False,True
cn-cy-150c-02-V2-LOCATIONS,D_chengdu,2,1667.0,667.0,208.0,208.0,894.0,True,True
cn-cy-150c-02-V2-LOCATIONS,D_chengdu,3,1735.0,735.0,208.0,208.0,962.0,True,True
cn-cy-150c-02-V2-LOCATIONS,D_chengdu,4,1598.0,598.0,139.0,208.0,825.0,True,True
cn-cy-150c-02-V2-LOCATIONS,D_chengdu,5,1666.0,666.0,139.0,208.0,893.0,True,True
cn-cy-150c-02-V2-LOCATIONS,D_chengdu,6,1597.0,597.0,139.0,208.0,824.0,True,True
cn-cy-150c-02-V2-LOCATIONS,D_chengdu,7,1667.0,667.0,139.0,208.0,894.0,True,True
cn-cy-150c-02-V2-LOCATIONS,D_chengdu,8,1667.0,667.0,139.0,208.0,894.0,True,True
cn-cy-150c-02-V2-LOCATIONS,D_chengdu,10,1666.0,666.0,208.0,208.0,893.0,True,True
cn-cy-150c-02-V2-LOCATIONS,D_chongqing,0,1667.0,667.0,139.0,138.0,821.0,False,True
cn-cy-150c-02-V2-LOCATIONS,D_chongqing,1,1667.0,667.0,208.0,138.0,821.0,False,True
cn-cy-150c-02-V2-LOCATIONS,D_chongqing,2,1667.0,667.0,139.0,138.0,821.0,False,True
cn-cy-150c-02-V2-LOCATIONS,D_chongqing,3,1667.0,667.0,139.0,138.0,821.0,False,True
cn-cy-150c-02-V2-LOCATIONS,D_chongqing,4,1667.0,667.0,278.0,138.0,821.0,False,True
cn-cy-150c-02-V2-LOCATIONS,D_chongqing,5,1666.0,666.0,208.0,138.0,820.0,False,True
cn-cy-150c-02-V2-LOCATIONS,D_chongqing,6,1667.0,667.0,278.0,138.0,821.0,False,True
cn-cy-150c-02-V2-LOCATIONS,D_chongqing,7,1666.0,666.0,139.0,138.0,820.0,False,True
cn-cy-150c-02-V2-LOCATIONS,D_chongqing,8,1667.0,667.0,139.0,138.0,821.0,False,True
cn-cy-150c-02-V2-LOCATIONS,D_chongqing,9,1666.0,666.0,208.0,138.0,820.0,False,True
cn-cy-150c-02-V2-LOCATIONS,D_chongqing,10,1735.0,735.0,208.0,138.0,889.0,False,True
cn-cy-150c-02-V2-LOCATIONS,D_chongqing,11,1597.0,597.0,139.0,69.0,751.0,False,True
cn-cy-150c-02-V2-LOCATIONS,D_chongqing,12,1667.0,667.0,278.0,138.0,821.0,False,True
cn-cy-150c-02-V2-LOCATIONS,D_chongqing,13,1735.0,735.0,139.0,138.0,889.0,False,True
cn-cy-150c-03-V2-LOCATIONS,D_chengdu,0,1668.0,668.0,139.0,67.0,268.0,False,False
cn-cy-150c-03-V2-LOCATIONS,D_chengdu,1,1735.0,735.0,139.0,67.0,335.0,False,False
cn-cy-150c-03-V2-LOCATIONS,D_chengdu,2,1735.0,735.0,347.0,67.0,335.0,False,False
cn-cy-150c-03-V2-LOCATIONS,D_chengdu,3,1668.0,668.0,139.0,67.0,268.0,False,False
cn-cy-150c-03-V2-LOCATIONS,D_chengdu,4,1735.0,735.0,347.0,67.0,335.0,False,False
cn-cy-150c-03-V2-LOCATIONS,D_chengdu,5,1735.0,735.0,208.0,67.0,335.0,False,False
cn-cy-150c-03-V2-LOCATIONS,D_chengdu,6,1668.0,668.0,139.0,67.0,268.0,False,False
cn-cy-150c-03-V2-LOCATIONS,D_chengdu,7,1668.0,668.0,139.0,67.0,268.0,False,False
cn-cy-150c-03-V2-LOCATIONS,D_chengdu,8,1735.0,735.0,139.0,67.0,335.0,False,False
cn-cy-150c-03-V2-LOCATIONS,D_chengdu,9,1668.0,668.0,139.0,67.0,268.0,False,False
cn-cy-150c-03-V2-LOCATIONS,D_chongqing,0,1667.0,667.0,278.0,68.0,470.0,False,False
cn-cy-150c-03-V2-LOCATIONS,D_chongqing,1,1668.0,668.0,139.0,68.0,471.0,False,False
cn-cy-150c-03-V2-LOCATIONS,D_chongqing,2,1667.0,667.0,139.0,68.0,470.0,False,False
cn-cy-150c-03-V2-LOCATIONS,D_chongqing,3,1735.0,735.0,139.0,68.0,538.0,False,False
cn-cy-150c-03-V2-LOCATIONS,D_chongqing,4,1735.0,735.0,139.0,68.0,538.0,False,False
cn-cy-150c-03-V2-LOCATIONS,D_chongqing,5,1735.0,735.0,208.0,68.0,538.0,False,False
cn-cy-150c-03-V2-LOCATIONS,D_chongqing,6,1668.0,668.0,139.0,68.0,471.0,False,False
cn-cy-150c-03-V2-LOCATIONS,D_chongqing,7,1735.0,735.0,139.0,68.0,538.0,False,False
cn-cy-150c-03-V2-LOCATIONS,D_chongqing,8,1668.0,668.0,139.0,68.0,471.0,False,False
cn-cy-150c-03-V2-LOCATIONS,D_chongqing,9,1735.0,735.0,208.0,68.0,538.0,False,False
cn-cy-150c-03-V2-LOCATIONS,D_chongqing,10,1668.0,668.0,278.0,68.0,471.0,False,False
cn-cy-150c-03-V2-LOCATIONS,D_chongqing,11,1668.0,668.0,139.0,68.0,471.0,False,False
cn-cy-150c-03-V2-LOCATIONS,D_chongqing,12,1668.0,668.0,139.0,68.0,471.0,False,False
cn-cy-150c-03-V2-LOCATIONS,D_chongqing,13,1735.0,735.0,139.0,68.0,538.0,False,False
cn-cy-15c-01-V2-LOCATIONS,D_chongqing,0,1180.0,180.0,208.0,138.0,138.0,False,False
cn-cy-15c-01-V2-LOCATIONS,D_chongqing,1,1597.0,597.0,139.0,555.0,555.0,True,False
cn-cy-15c-02-V2-LOCATIONS,D_chongqing,0,1111.0,111.0,139.0,68.0,68.0,False,False
cn-cy-15c-02-V2-LOCATIONS,D_chongqing,1,1667.0,667.0,139.0,624.0,624.0,True,False
cn-cy-15c-03-V2-LOCATIONS,D_chongqing,0,1111.0,111.0,139.0,207.0,207.0,True,True
cn-cy-15c-03-V2-LOCATIONS,D_chongqing,2,1528.0,528.0,139.0,624.0,624.0,True,True
cn-cy-200c-01-V2-LOCATIONS,D_chengdu,0,1666.0,666.0,139.0,207.0,1023.0,True,True
cn-cy-200c-01-V2-LOCATIONS,D_chengdu,1,1667.0,667.0,139.0,207.0,1024.0,True,True
cn-cy-200c-01-V2-LOCATIONS,D_chengdu,2,1667.0,667.0,139.0,207.0,1024.0,True,True
cn-cy-200c-01-V2-LOCATIONS,D_chengdu,3,1668.0,668.0,139.0,207.0,1025.0,True,True
cn-cy-200c-01-V2-LOCATIONS,D_chengdu,4,1667.0,667.0,139.0,207.0,1024.0,True,True
cn-cy-200c-01-V2-LOCATIONS,D_chengdu,5,1667.0,667.0,139.0,207.0,1024.0,True,True
cn-cy-200c-01-V2-LOCATIONS,D_chengdu,6,1668.0,668.0,139.0,207.0,1025.0,True,True
cn-cy-200c-01-V2-LOCATIONS,D_chengdu,7,1667.0,667.0,139.0,207.0,1024.0,True,True
cn-cy-200c-01-V2-LOCATIONS,D_chengdu,8,1666.0,666.0,139.0,207.0,1023.0,True,True
cn-cy-200c-01-V2-LOCATIONS,D_chengdu,9,1667.0,667.0,139.0,207.0,1024.0,True,True
cn-cy-200c-01-V2-LOCATIONS,D_chengdu,10,1528.0,528.0,139.0,137.0,885.0,False,True
cn-cy-200c-01-V2-LOCATIONS,D_chengdu,11,1667.0,667.0,139.0,207.0,1024.0,True,True
cn-cy-200c-01-V2-LOCATIONS,D_chengdu,12,1598.0,598.0,139.0,207.0,955.0,True,True
cn-cy-200c-01-V2-LOCATIONS,D_chongqing,0,1666.0,666.0,139.0,137.0,1154.0,False,True
cn-cy-200c-01-V2-LOCATIONS,D_chongqing,1,1667.0,667.0,139.0,137.0,1155.0,False,True
cn-cy-200c-01-V2-LOCATIONS,D_chongqing,2,1668.0,668.0,139.0,137.0,1156.0,False,True
cn-cy-200c-01-V2-LOCATIONS,D_chongqing,3,1668.0,668.0,278.0,137.0,1156.0,False,True
cn-cy-200c-01-V2-LOCATIONS,D_chongqing,4,1668.0,668.0,139.0,137.0,1156.0,False,True
cn-cy-200c-01-V2-LOCATIONS,D_chongqing,5,1667.0,667.0,139.0,137.0,1155.0,False,True
cn-cy-200c-01-V2-LOCATIONS,D_chongqing,6,1666.0,666.0,208.0,137.0,1154.0,False,True
cn-cy-200c-01-V2-LOCATIONS,D_chongqing,7,1598.0,598.0,278.0,69.0,1086.0,False,True
cn-cy-200c-01-V2-LOCATIONS,D_chongqing,8,1667.0,667.0,139.0,137.0,1155.0,False,True
cn-cy-200c-01-V2-LOCATIONS,D_chongqing,9,1667.0,667.0,139.0,137.0,1155.0,False,True
cn-cy-200c-01-V2-LOCATIONS,D_chongqing,10,1667.0,667.0,139.0,137.0,1155.0,False,True
cn-cy-200c-01-V2-LOCATIONS,D_chongqing,11,1668.0,668.0,139.0,137.0,1156.0,False,True
cn-cy-200c-01-V2-LOCATIONS,D_chongqing,12,1735.0,735.0,139.0,137.0,1223.0,False,True
cn-cy-200c-01-V2-LOCATIONS,D_chongqing,13,1666.0,666.0,139.0,137.0,1154.0,False,True
cn-cy-200c-01-V2-LOCATIONS,D_chongqing,14,1668.0,668.0,139.0,137.0,1156.0,False,True
cn-cy-200c-01-V2-LOCATIONS,D_chongqing,15,1668.0,668.0,139.0,137.0,1156.0,False,True
cn-cy-200c-01-V2-LOCATIONS,D_chongqing,16,1666.0,666.0,139.0,137.0,1154.0,False,True
cn-cy-200c-01-V2-LOCATIONS,D_chongqing,17,1667.0,667.0,208.0,137.0,1155.0,False,True
cn-cy-200c-01-V2-LOCATIONS,D_chongqing,18,1735.0,735.0,139.0,137.0,1223.0,False,True
cn-cy-200c-02-V2-LOCATIONS,D_chengdu,0,1598.0,598.0,139.0,137.0,817.0,False,True
cn-cy-200c-02-V2-LOCATIONS,D_chengdu,1,1667.0,667.0,139.0,137.0,886.0,False,True
cn-cy-200c-02-V2-LOCATIONS,D_chengdu,2,1667.0,667.0,139.0,137.0,886.0,False,True
cn-cy-200c-02-V2-LOCATIONS,D_chengdu,3,1668.0,668.0,278.0,137.0,887.0,False,True
cn-cy-200c-02-V2-LOCATIONS,D_chengdu,4,1667.0,667.0,139.0,137.0,886.0,False,True
cn-cy-200c-02-V2-LOCATIONS,D_chengdu,5,1598.0,598.0,139.0,137.0,817.0,False,True
cn-cy-200c-02-V2-LOCATIONS,D_chengdu,6,1735.0,735.0,208.0,137.0,954.0,False,True
cn-cy-200c-02-V2-LOCATIONS,D_chengdu,7,1667.0,667.0,139.0,137.0,886.0,False,True
cn-cy-200c-02-V2-LOCATIONS,D_chengdu,8,1667.0,667.0,139.0,137.0,886.0,False,True
cn-cy-200c-02-V2-LOCATIONS,D_chengdu,9,1667.0,667.0,208.0,137.0,886.0,False,True
cn-cy-200c-02-V2-LOCATIONS,D_chengdu,10,1666.0,666.0,139.0,137.0,885.0,False,True
cn-cy-200c-02-V2-LOCATIONS,D_chengdu,11,1667.0,667.0,139.0,137.0,886.0,False,True
cn-cy-200c-02-V2-LOCATIONS,D_chengdu,12,1667.0,667.0,139.0,137.0,886.0,False,True
cn-cy-200c-02-V2-LOCATIONS,D_chongqing,0,1667.0,667.0,139.0,138.0,1229.0,False,True
cn-cy-200c-02-V2-LOCATIONS,D_chongqing,1,1667.0,667.0,139.0,138.0,1229.0,False,True
cn-cy-200c-02-V2-LOCATIONS,D_chongqing,2,1667.0,667.0,139.0,138.0,1229.0,False,True
cn-cy-200c-02-V2-LOCATIONS,D_chongqing,3,1667.0,667.0,139.0,138.0,1229.0,False,True
cn-cy-200c-02-V2-LOCATIONS,D_chongqing,4,1667.0,667.0,139.0,138.0,1229.0,False,True
cn-cy-200c-02-V2-LOCATIONS,D_chongqing,5,1666.0,666.0,208.0,138.0,1228.0,False,True
cn-cy-200c-02-V2-LOCATIONS,D_chongqing,6,1667.0,667.0,208.0,138.0,1229.0,False,True
cn-cy-200c-02-V2-LOCATIONS,D_chongqing,7,1667.0,667.0,139.0,138.0,1229.0,False,True
cn-cy-200c-02-V2-LOCATIONS,D_chongqing,8,1667.0,667.0,139.0,138.0,1229.0,False,True
cn-cy-200c-02-V2-LOCATIONS,D_chongqing,9,1666.0,666.0,208.0,138.0,1228.0,False,True
cn-cy-200c-02-V2-LOCATIONS,D_chongqing,10,1597.0,597.0,208.0,138.0,1159.0,False,True
cn-cy-200c-02-V2-LOCATIONS,D_chongqing,11,1667.0,667.0,139.0,138.0,1229.0,False,True
cn-cy-200c-02-V2-LOCATIONS,D_chongqing,12,1667.0,667.0,139.0,138.0,1229.0,False,True
cn-cy-200c-02-V2-LOCATIONS,D_chongqing,13,1735.0,735.0,139.0,138.0,1297.0,False,True
cn-cy-200c-02-V2-LOCATIONS,D_chongqing,14,1735.0,735.0,139.0,138.0,1297.0,False,True
cn-cy-200c-02-V2-LOCATIONS,D_chongqing,15,1668.0,668.0,139.0,138.0,1230.0,False,True
cn-cy-200c-02-V2-LOCATIONS,D_chongqing,16,1667.0,667.0,139.0,138.0,1229.0,False,True
cn-cy-200c-02-V2-LOCATIONS,D_chongqing,17,1667.0,667.0,139.0,138.0,1229.0,False,True
cn-cy-200c-02-V2-LOCATIONS,D_chongqing,18,1597.0,597.0,139.0,138.0,1159.0,False,True
cn-cy-200c-03-V2-LOCATIONS,D_chengdu,0,1735.0,735.0,139.0,137.0,749.0,False,True
cn-cy-200c-03-V2-LOCATIONS,D_chengdu,1,1667.0,667.0,139.0,137.0,681.0,False,True
cn-cy-200c-03-V2-LOCATIONS,D_chengdu,2,1667.0,667.0,208.0,137.0,681.0,False,True
cn-cy-200c-03-V2-LOCATIONS,D_chengdu,3,1735.0,735.0,139.0,137.0,749.0,False,True
cn-cy-200c-03-V2-LOCATIONS,D_chengdu,4,1668.0,668.0,139.0,137.0,682.0,False,True
cn-cy-200c-03-V2-LOCATIONS,D_chengdu,5,1735.0,735.0,139.0,137.0,749.0,False,True
cn-cy-200c-03-V2-LOCATIONS,D_chengdu,6,1598.0,598.0,139.0,69.0,612.0,False,True
cn-cy-200c-03-V2-LOCATIONS,D_chengdu,7,1667.0,667.0,139.0,137.0,681.0,False,True
cn-cy-200c-03-V2-LOCATIONS,D_chengdu,8,1667.0,667.0,139.0,137.0,681.0,False,True
cn-cy-200c-03-V2-LOCATIONS,D_chengdu,9,1667.0,667.0,139.0,137.0,681.0,False,True
cn-cy-200c-03-V2-LOCATIONS,D_chengdu,10,1667.0,667.0,139.0,137.0,681.0,False,True
cn-cy-200c-03-V2-LOCATIONS,D_chengdu,11,1667.0,667.0,139.0,137.0,681.0,False,True
cn-cy-200c-03-V2-LOCATIONS,D_chengdu,12,1666.0,666.0,139.0,137.0,680.0,False,True
cn-cy-200c-03-V2-LOCATIONS,D_chongqing,0,1668.0,668.0,139.0,137.0,1428.0,False,True
cn-cy-200c-03-V2-LOCATIONS,D_chongqing,1,1668.0,668.0,139.0,137.0,1428.0,False,True
cn-cy-200c-03-V2-LOCATIONS,D_chongqing,2,1598.0,598.0,278.0,137.0,1358.0,False,True
cn-cy-200c-03-V2-LOCATIONS,D_chongqing,3,1598.0,598.0,278.0,137.0,1358.0,False,True
cn-cy-200c-03-V2-LOCATIONS,D_chongqing,4,1598.0,598.0,139.0,137.0,1358.0,False,True
cn-cy-200c-03-V2-LOCATIONS,D_chongqing,5,1667.0,667.0,139.0,137.0,1427.0,False,True
cn-cy-200c-03-V2-LOCATIONS,D_chongqing,6,1667.0,667.0,208.0,137.0,1427.0,False,True
cn-cy-200c-03-V2-LOCATIONS,D_chongqing,7,1668.0,668.0,278.0,137.0,1428.0,False,True
cn-cy-200c-03-V2-LOCATIONS,D_chongqing,8,1667.0,667.0,139.0,137.0,1427.0,False,True
cn-cy-200c-03-V2-LOCATIONS,D_chongqing,9,1598.0,598.0,278.0,137.0,1358.0,False,True
cn-cy-200c-03-V2-LOCATIONS,D_chongqing,10,1667.0,667.0,139.0,137.0,1427.0,False,True
cn-cy-200c-03-V2-LOCATIONS,D_chongqing,11,1667.0,667.0,139.0,137.0,1427.0,False,True
cn-cy-200c-03-V2-LOCATIONS,D_chongqing,12,1735.0,735.0,208.0,137.0,1495.0,False,True
cn-cy-200c-03-V2-LOCATIONS,D_chongqing,13,1667.0,667.0,139.0,137.0,1427.0,False,True
cn-cy-200c-03-V2-LOCATIONS,D_chongqing,14,1667.0,667.0,139.0,137.0,1427.0,False,True
cn-cy-200c-03-V2-LOCATIONS,D_chongqing,15,1668.0,668.0,139.0,137.0,1428.0,False,True
cn-cy-200c-03-V2-LOCATIONS,D_chongqing,16,1667.0,667.0,139.0,137.0,1427.0,False,True
cn-cy-200c-03-V2-LOCATIONS,D_chongqing,17,1667.0,667.0,139.0,137.0,1427.0,False,True
cn-cy-200c-03-V2-LOCATIONS,D_chongqing,18,1735.0,735.0,139.0,137.0,1495.0,False,True
cn-cy-200c-03-V2-LOCATIONS,D_chongqing,19,1668.0,668.0,139.0,137.0,1428.0,False,True
cn-cy-20c-01-V2-LOCATIONS,D_chongqing,0,1459.0,459.0,139.0,208.0,415.0,True,False
cn-cy-20c-01-V2-LOCATIONS,D_chongqing,1,1527.0,527.0,208.0,276.0,483.0,True,False
cn-cy-20c-01-V2-LOCATIONS,D_chongqing,2,1528.0,528.0,347.0,276.0,484.0,False,False
cn-cy-20c-02-V2-LOCATIONS,D_chongqing,0,1250.0,250.0,139.0,346.0,552.0,True,True
cn-cy-20c-02-V2-LOCATIONS,D_chongqing,1,1389.0,389.0,139.0,485.0,691.0,True,True
cn-cy-20c-02-V2-LOCATIONS,D_chongqing,2,1529.0,529.0,139.0,485.0,831.0,True,True
cn-cy-20c-03-V2-LOCATIONS,D_chongqing,0,1597.0,597.0,139.0,346.0,622.0,True,True
cn-cy-20c-03-V2-LOCATIONS,D_chongqing,1,1389.0,389.0,139.0,276.0,414.0,True,True
cn-cy-20c-03-V2-LOCATIONS,D_chongqing,2,1459.0,459.0,278.0,346.0,484.0,True,True
cn-cy-25c-01-V2-LOCATIONS,D_chongqing,0,1528.0,528.0,139.0,0.0,0.0,False,False
cn-cy-25c-01-V2-LOCATIONS,D_chongqing,1,1735.0,735.0,208.0,207.0,207.0,False,False
cn-cy-25c-01-V2-LOCATIONS,D_chongqing,2,1735.0,735.0,139.0,207.0,207.0,True,False
cn-cy-25c-02-V2-LOCATIONS,D_chongqing,0,1668.0,668.0,139.0,67.0,67.0,False,False
cn-cy-25c-02-V2-LOCATIONS,D_chongqing,1,1668.0,668.0,139.0,67.0,67.0,False,False
cn-cy-25c-02-V2-LOCATIONS,D_chongqing,2,1735.0,735.0,347.0,67.0,134.0,False,False
cn-cy-25c-02-V2-LOCATIONS,D_chongqing,3,1735.0,735.0,208.0,67.0,134.0,False,False
cn-cy-25c-03-V2-LOCATIONS,D_chongqing,0,1735.0,735.0,208.0,67.0,67.0,False,False
cn-cy-25c-03-V2-LOCATIONS,D_chongqing,1,1668.0,668.0,139.0,0.0,0.0,False,False
cn-cy-25c-03-V2-LOCATIONS,D_chongqing,2,1735.0,735.0,139.0,67.0,67.0,False,False
cn-cy-50c-01-V2-LOCATIONS,D_chengdu,0,1668.0,668.0,139.0,138.0,276.0,False,False
cn-cy-50c-01-V2-LOCATIONS,D_chengdu,1,1597.0,597.0,139.0,138.0,205.0,False,False
cn-cy-50c-01-V2-LOCATIONS,D_chengdu,2,1597.0,597.0,208.0,138.0,205.0,False,False
cn-cy-50c-01-V2-LOCATIONS,D_chongqing,0,1666.0,666.0,139.0,207.0,412.0,True,False
cn-cy-50c-01-V2-LOCATIONS,D_chongqing,1,1528.0,528.0,208.0,137.0,274.0,False,False
cn-cy-50c-01-V2-LOCATIONS,D_chongqing,2,1598.0,598.0,139.0,207.0,344.0,True,False
cn-cy-50c-01-V2-LOCATIONS,D_chongqing,3,1667.0,667.0,139.0,207.0,413.0,True,False
cn-cy-50c-02-V2-LOCATIONS,D_chengdu,0,1667.0,667.0,139.0,416.0,623.0,True,False
cn-cy-50c-02-V2-LOCATIONS,D_chengdu,1,1319.0,319.0,208.0,207.0,275.0,False,False
cn-cy-50c-02-V2-LOCATIONS,D_chengdu,2,1528.0,528.0,139.0,416.0,484.0,True,False
cn-cy-50c-02-V2-LOCATIONS,D_chongqing,0,1735.0,735.0,208.0,0.0,0.0,False,False
cn-cy-50c-02-V2-LOCATIONS,D_chongqing,1,1735.0,735.0,139.0,0.0,0.0,False,False
cn-cy-50c-02-V2-LOCATIONS,D_chongqing,2,1735.0,735.0,139.0,0.0,0.0,False,False
cn-cy-50c-03-V2-LOCATIONS,D_chengdu,0,1667.0,667.0,139.0,138.0,276.0,False,False
cn-cy-50c-03-V2-LOCATIONS,D_chengdu,1,1597.0,597.0,208.0,138.0,206.0,False,False
cn-cy-50c-03-V2-LOCATIONS,D_chengdu,2,1597.0,597.0,208.0,138.0,206.0,False,False
cn-cy-50c-03-V2-LOCATIONS,D_chongqing,0,1667.0,667.0,139.0,207.0,620.0,True,False
cn-cy-50c-03-V2-LOCATIONS,D_chongqing,1,1667.0,667.0,139.0,207.0,620.0,True,False
cn-cy-50c-03-V2-LOCATIONS,D_chongqing,2,1597.0,597.0,139.0,207.0,550.0,True,False
cn-cy-50c-03-V2-LOCATIONS,D_chongqing,3,1528.0,528.0,139.0,207.0,481.0,True,False
cn-cy-50c-03-V2-LOCATIONS,D_chongqing,4,1528.0,528.0,139.0,207.0,481.0,True,False
cn-cy-75c-01-V2-LOCATIONS,D_chengdu,0,1735.0,735.0,139.0,68.0,135.0,False,False
cn-cy-75c-01-V2-LOCATIONS,D_chengdu,1,1668.0,668.0,139.0,68.0,68.0,False,False
cn-cy-75c-01-V2-LOCATIONS,D_chengdu,2,1667.0,667.0,139.0,67.0,67.0,False,False
cn-cy-75c-01-V2-LOCATIONS,D_chengdu,3,1735.0,735.0,208.0,68.0,135.0,False,False
cn-cy-75c-01-V2-LOCATIONS,D_chongqing,0,1667.0,667.0,278.0,68.0,202.0,False,False
cn-cy-75c-01-V2-LOCATIONS,D_chongqing,1,1735.0,735.0,139.0,68.0,270.0,False,False
cn-cy-75c-01-V2-LOCATIONS,D_chongqing,2,1668.0,668.0,139.0,68.0,203.0,False,False
cn-cy-75c-01-V2-LOCATIONS,D_chongqing,3,1668.0,668.0,139.0,68.0,203.0,False,False
cn-cy-75c-01-V2-LOCATIONS,D_chongqing,4,1735.0,735.0,139.0,68.0,270.0,False,False
cn-cy-75c-01-V2-LOCATIONS,D_chongqing,5,1667.0,667.0,139.0,68.0,202.0,False,False
cn-cy-75c-02-V2-LOCATIONS,D_chengdu,0,1597.0,597.0,208.0,138.0,342.0,False,False
cn-cy-75c-02-V2-LOCATIONS,D_chengdu,1,1667.0,667.0,139.0,138.0,412.0,False,False
cn-cy-75c-02-V2-LOCATIONS,D_chengdu,2,1667.0,667.0,139.0,138.0,412.0,False,False
cn-cy-75c-02-V2-LOCATIONS,D_chengdu,3,1597.0,597.0,208.0,138.0,342.0,False,False
cn-cy-75c-02-V2-LOCATIONS,D_chengdu,4,1667.0,667.0,208.0,138.0,412.0,False,False
cn-cy-75c-02-V2-LOCATIONS,D_chongqing,0,1459.0,459.0,139.0,207.0,551.0,True,True
cn-cy-75c-02-V2-LOCATIONS,D_chongqing,1,1667.0,667.0,139.0,276.0,759.0,True,True
cn-cy-75c-02-V2-LOCATIONS,D_chongqing,2,1596.0,596.0,139.0,276.0,688.0,True,True
cn-cy-75c-02-V2-LOCATIONS,D_chongqing,3,1667.0,667.0,208.0,276.0,759.0,True,True
cn-cy-75c-02-V2-LOCATIONS,D_chongqing,4,1528.0,528.0,139.0,276.0,620.0,True,True
cn-cy-75c-02-V2-LOCATIONS,D_chongqing,5,1666.0,666.0,139.0,276.0,758.0,True,True
cn-cy-75c-03-V2-LOCATIONS,D_chengdu,0,1667.0,667.0,139.0,207.0,482.0,True,False
cn-cy-75c-03-V2-LOCATIONS,D_chengdu,1,1598.0,598.0,208.0,207.0,413.0,False,False
cn-cy-75c-03-V2-LOCATIONS,D_chengdu,2,1528.0,528.0,139.0,137.0,343.0,False,False
cn-cy-75c-03-V2-LOCATIONS,D_chengdu,3,1666.0,666.0,139.0,207.0,481.0,True,False
cn-cy-75c-03-V2-LOCATIONS,D_chengdu,4,1666.0,666.0,139.0,207.0,481.0,True,False
cn-cy-75c-03-V2-LOCATIONS,D_chongqing,0,1667.0,667.0,139.0,68.0,203.0,False,False
cn-cy-75c-03-V2-LOCATIONS,D_chongqing,1,1735.0,735.0,208.0,68.0,271.0,False,False
cn-cy-75c-03-V2-LOCATIONS,D_chongqing,2,1735.0,735.0,139.0,68.0,271.0,False,False
cn-cy-75c-03-V2-LOCATIONS,D_chongqing,3,1667.0,667.0,139.0,68.0,203.0,False,False
cn-cy-75c-03-V2-LOCATIONS,D_chongqing,4,1668.0,668.0,139.0,68.0,204.0,False,False
cn-cy-75c-03-V2-LOCATIONS,D_chongqing,5,1667.0,667.0,139.0,68.0,203.0,False,False
cn-jjj-100c-01-V2-LOCATIONS,D_beijing,0,1735.0,735.0,139.0,68.0,338.0,False,False
cn-jjj-100c-01-V2-LOCATIONS,D_beijing,2,1667.0,667.0,208.0,68.0,270.0,False,False
cn-jjj-100c-01-V2-LOCATIONS,D_beijing,3,1735.0,735.0,139.0,68.0,338.0,False,False
cn-jjj-100c-01-V2-LOCATIONS,D_beijing,4,1668.0,668.0,139.0,68.0,271.0,False,False
cn-jjj-100c-01-V2-LOCATIONS,D_beijing,5,1667.0,667.0,139.0,68.0,270.0,False,False
cn-jjj-100c-01-V2-LOCATIONS,D_beijing,6,1735.0,735.0,208.0,68.0,338.0,False,False
cn-jjj-100c-01-V2-LOCATIONS,D_beijing,7,1735.0,735.0,139.0,68.0,338.0,False,False
cn-jjj-100c-01-V2-LOCATIONS,D_beijing,9,1668.0,668.0,139.0,68.0,271.0,False,False
cn-jjj-100c-01-V2-LOCATIONS,D_beijing,10,1735.0,735.0,139.0,68.0,338.0,False,False
cn-jjj-100c-01-V2-LOCATIONS,D_beijing,11,1667.0,667.0,139.0,68.0,270.0,False,False
cn-jjj-100c-01-V2-LOCATIONS,D_tianjin,0,1735.0,735.0,139.0,68.0,136.0,False,False
cn-jjj-100c-01-V2-LOCATIONS,D_tianjin,3,1667.0,667.0,139.0,68.0,68.0,False,False
cn-jjj-100c-01-V2-LOCATIONS,D_tianjin,4,1667.0,667.0,139.0,68.0,68.0,False,False
cn-jjj-100c-02-V2-LOCATIONS,D_beijing,0,1735.0,735.0,208.0,68.0,405.0,False,False
cn-jjj-100c-02-V2-LOCATIONS,D_beijing,1,1735.0,735.0,139.0,68.0,405.0,False,False
cn-jjj-100c-02-V2-LOCATIONS,D_beijing,2,1668.0,668.0,278.0,68.0,338.0,False,False
cn-jjj-100c-02-V2-LOCATIONS,D_beijing,3,1667.0,667.0,139.0,68.0,337.0,False,False
cn-jjj-100c-02-V2-LOCATIONS,D_beijing,4,1667.0,667.0,208.0,68.0,337.0,False,False
cn-jjj-100c-02-V2-LOCATIONS,D_beijing,5,1667.0,667.0,208.0,68.0,337.0,False,False
cn-jjj-100c-02-V2-LOCATIONS,D_beijing,6,1668.0,668.0,139.0,68.0,338.0,False,False
cn-jjj-100c-02-V2-LOCATIONS,D_beijing,7,1668.0,668.0,139.0,68.0,338.0,False,False
cn-jjj-100c-02-V2-LOCATIONS,D_beijing,8,1735.0,735.0,139.0,68.0,405.0,False,False
cn-jjj-100c-02-V2-LOCATIONS,D_beijing,9,1735.0,735.0,139.0,68.0,405.0,False,False
cn-jjj-100c-02-V2-LOCATIONS,D_beijing,10,1735.0,735.0,139.0,68.0,405.0,False,False
cn-jjj-100c-02-V2-LOCATIONS,D_tianjin,0,1529.0,529.0,139.0,415.0,689.0,True,True
cn-jjj-100c-02-V2-LOCATIONS,D_tianjin,1,1666.0,666.0,208.0,415.0,826.0,True,True
cn-jjj-100c-02-V2-LOCATIONS,D_tianjin,2,1668.0,668.0,139.0,415.0,828.0,True,True
cn-jjj-100c-02-V2-LOCATIONS,D_tianjin,3,1597.0,597.0,208.0,415.0,757.0,True,True
cn-jjj-100c-02-V2-LOCATIONS,D_tianjin,4,1320.0,320.0,278.0,206.0,480.0,False,True
cn-jjj-100c-03-V2-LOCATIONS,D_beijing,0,1665.0,665.0,139.0,138.0,890.0,False,True
cn-jjj-100c-03-V2-LOCATIONS,D_beijing,1,1667.0,667.0,139.0,138.0,892.0,False,True
cn-jjj-100c-03-V2-LOCATIONS,D_beijing,2,1667.0,667.0,139.0,138.0,892.0,False,True
cn-jjj-100c-03-V2-LOCATIONS,D_beijing,3,1597.0,597.0,139.0,137.0,822.0,False,True
cn-jjj-100c-03-V2-LOCATIONS,D_beijing,4,1666.0,666.0,139.0,138.0,891.0,False,True
cn-jjj-100c-03-V2-LOCATIONS,D_beijing,5,1667.0,667.0,139.0,138.0,892.0,False,True
cn-jjj-100c-03-V2-LOCATIONS,D_beijing,6,1667.0,667.0,139.0,138.0,892.0,False,True
cn-jjj-100c-03-V2-LOCATIONS,D_beijing,7,1666.0,666.0,278.0,138.0,891.0,False,True
cn-jjj-100c-03-V2-LOCATIONS,D_beijing,8,1667.0,667.0,208.0,138.0,892.0,False,True
cn-jjj-100c-03-V2-LOCATIONS,D_beijing,9,1666.0,666.0,208.0,138.0,891.0,False,True
cn-jjj-100c-03-V2-LOCATIONS,D_beijing,10,1667.0,667.0,139.0,138.0,892.0,False,True
cn-jjj-100c-03-V2-LOCATIONS,D_beijing,11,1598.0,598.0,139.0,138.0,823.0,False,True
cn-jjj-100c-03-V2-LOCATIONS,D_tianjin,0,1666.0,666.0,139.0,486.0,622.0,True,False
cn-jjj-100c-03-V2-LOCATIONS,D_tianjin,1,1667.0,667.0,208.0,486.0,623.0,True,False
cn-jjj-100c-03-V2-LOCATIONS,D_tianjin,2,1667.0,667.0,139.0,486.0,623.0,True,False
cn-jjj-100c-03-V2-LOCATIONS,D_tianjin,3,1249.0,249.0,208.0,69.0,205.0,False,False
cn-jjj-10c-01-V2-LOCATIONS,D_beijing,0,1668.0,668.0,278.0,207.0,207.0,False,False
cn-jjj-10c-01-V2-LOCATIONS,D_beijing,1,1528.0,528.0,139.0,67.0,67.0,False,False
cn-jjj-10c-02-V2-LOCATIONS,D_beijing,1,1458.0,458.0,139.0,0.0,0,False,False
cn-jjj-10c-03-V2-LOCATIONS,D_beijing,0,1667.0,667.0,139.0,0.0,0,False,False
cn-jjj-150c-01-V2-LOCATIONS,D_beijing,0,1735.0,735.0,139.0,137.0,748.0,False,True
cn-jjj-150c-01-V2-LOCATIONS,D_beijing,1,1735.0,735.0,139.0,137.0,748.0,False,True
cn-jjj-150c-01-V2-LOCATIONS,D_beijing,2,1667.0,667.0,208.0,137.0,680.0,False,True
cn-jjj-150c-01-V2-LOCATIONS,D_beijing,3,1667.0,667.0,139.0,137.0,680.0,False,True
cn-jjj-150c-01-V2-LOCATIONS,D_beijing,4,1598.0,598.0,139.0,68.0,611.0,False,True
cn-jjj-150c-01-V2-LOCATIONS,D_beijing,5,1668.0,668.0,139.0,137.0,681.0,False,True
cn-jjj-150c-01-V2-LOCATIONS,D_beijing,6,1667.0,667.0,139.0,137.0,680.0,False,True
cn-jjj-150c-01-V2-LOCATIONS,D_beijing,7,1667.0,667.0,139.0,137.0,680.0,False,True
cn-jjj-150c-01-V2-LOCATIONS,D_beijing,8,1667.0,667.0,139.0,137.0,680.0,False,True
cn-jjj-150c-01-V2-LOCATIONS,D_beijing,9,1667.0,667.0,139.0,137.0,680.0,False,True
cn-jjj-150c-01-V2-LOCATIONS,D_beijing,10,1667.0,667.0,139.0,137.0,680.0,False,True
cn-jjj-150c-01-V2-LOCATIONS,D_beijing,11,1735.0,735.0,139.0,137.0,748.0,False,True
cn-jjj-150c-01-V2-LOCATIONS,D_beijing,12,1667.0,667.0,139.0,137.0,680.0,False,True
cn-jjj-150c-01-V2-LOCATIONS,D_beijing,13,1735.0,735.0,139.0,137.0,748.0,False,True
cn-jjj-150c-01-V2-LOCATIONS,D_shijiazhuang,0,1597.0,597.0,208.0,138.0,138.0,False,False
cn-jjj-150c-01-V2-LOCATIONS,D_shijiazhuang,1,1597.0,597.0,208.0,138.0,138.0,False,False
cn-jjj-150c-01-V2-LOCATIONS,D_tianjin,0,1667.0,667.0,139.0,346.0,827.0,True,True
cn-jjj-150c-01-V2-LOCATIONS,D_tianjin,1,1668.0,668.0,139.0,346.0,828.0,True,True
cn-jjj-150c-01-V2-LOCATIONS,D_tianjin,2,1735.0,735.0,139.0,346.0,895.0,True,True
cn-jjj-150c-01-V2-LOCATIONS,D_tianjin,3,1597.0,597.0,139.0,346.0,757.0,True,True
cn-jjj-150c-01-V2-LOCATIONS,D_tianjin,4,1459.0,459.0,208.0,346.0,619.0,True,True
cn-jjj-150c-01-V2-LOCATIONS,D_tianjin,5,1389.0,389.0,278.0,276.0,549.0,False,True
cn-jjj-150c-02-V2-LOCATIONS,D_beijing,0,1597.0,597.0,139.0,138.0,1090.0,False,True
cn-jjj-150c-02-V2-LOCATIONS,D_beijing,1,1667.0,667.0,139.0,138.0,1160.0,False,True
cn-jjj-150c-02-V2-LOCATIONS,D_beijing,2,1735.0,735.0,139.0,138.0,1228.0,False,True
cn-jjj-150c-02-V2-LOCATIONS,D_beijing,3,1668.0,668.0,139.0,138.0,1161.0,False,True
cn-jjj-150c-02-V2-LOCATIONS,D_beijing,4,1667.0,667.0,139.0,138.0,1160.0,False,True
cn-jjj-150c-02-V2-LOCATIONS,D_beijing,5,1667.0,667.0,139.0,138.0,1160.0,False,True
cn-jjj-150c-02-V2-LOCATIONS,D_beijing,6,1667.0,667.0,139.0,138.0,1160.0,False,True
cn-jjj-150c-02-V2-LOCATIONS,D_beijing,7,1667.0,667.0,208.0,138.0,1160.0,False,True
cn-jjj-150c-02-V2-LOCATIONS,D_beijing,8,1667.0,667.0,139.0,138.0,1160.0,False,True
cn-jjj-150c-02-V2-LOCATIONS,D_beijing,9,1668.0,668.0,278.0,138.0,1161.0,False,True
cn-jjj-150c-02-V2-LOCATIONS,D_beijing,10,1667.0,667.0,139.0,138.0,1160.0,False,True
cn-jjj-150c-02-V2-LOCATIONS,D_beijing,11,1735.0,735.0,139.0,138.0,1228.0,False,True
cn-jjj-150c-02-V2-LOCATIONS,D_beijing,12,1597.0,597.0,208.0,138.0,1090.0,False,True
cn-jjj-150c-02-V2-LOCATIONS,D_beijing,13,1598.0,598.0,278.0,138.0,1091.0,False,True
cn-jjj-150c-02-V2-LOCATIONS,D_beijing,14,1598.0,598.0,139.0,138.0,1091.0,False,True
cn-jjj-150c-02-V2-LOCATIONS,D_beijing,15,1667.0,667.0,139.0,138.0,1160.0,False,True
cn-jjj-150c-02-V2-LOCATIONS,D_shijiazhuang,0,1528.0,528.0,139.0,693.0,693.0,True,True
cn-jjj-150c-02-V2-LOCATIONS,D_shijiazhuang,1,1042.0,42.0,139.0,207.0,207.0,True,True
cn-jjj-150c-02-V2-LOCATIONS,D_tianjin,0,1667.0,667.0,139.0,208.0,690.0,True,True
cn-jjj-150c-02-V2-LOCATIONS,D_tianjin,1,1597.0,597.0,139.0,208.0,620.0,True,True
cn-jjj-150c-02-V2-LOCATIONS,D_tianjin,2,1528.0,528.0,347.0,208.0,551.0,False,True
cn-jjj-150c-02-V2-LOCATIONS,D_tianjin,3,1667.0,667.0,139.0,208.0,690.0,True,True
cn-jjj-150c-02-V2-LOCATIONS,D_tianjin,4,1666.0,666.0,208.0,208.0,689.0,True,True
cn-jjj-150c-02-V2-LOCATIONS,D_tianjin,5,1527.0,527.0,139.0,207.0,550.0,True,True
cn-jjj-150c-03-V2-LOCATIONS,D_beijing,0,1668.0,668.0,139.0,138.0,888.0,False,True
cn-jjj-150c-03-V2-LOCATIONS,D_beijing,1,1735.0,735.0,139.0,138.0,955.0,False,True
cn-jjj-150c-03-V2-LOCATIONS,D_beijing,2,1667.0,667.0,139.0,138.0,887.0,False,True
cn-jjj-150c-03-V2-LOCATIONS,D_beijing,3,1668.0,668.0,139.0,138.0,888.0,False,True
cn-jjj-150c-03-V2-LOCATIONS,D_beijing,4,1735.0,735.0,139.0,138.0,955.0,False,True
cn-jjj-150c-03-V2-LOCATIONS,D_beijing,5,1667.0,667.0,139.0,138.0,887.0,False,True
cn-jjj-150c-03-V2-LOCATIONS,D_beijing,6,1667.0,667.0,139.0,138.0,887.0,False,True
cn-jjj-150c-03-V2-LOCATIONS,D_beijing,7,1665.0,665.0,208.0,138.0,885.0,False,True
cn-jjj-150c-03-V2-LOCATIONS,D_beijing,8,1666.0,666.0,139.0,138.0,886.0,False,True
cn-jjj-150c-03-V2-LOCATIONS,D_beijing,9,1667.0,667.0,139.0,138.0,887.0,False,True
cn-jjj-150c-03-V2-LOCATIONS,D_beijing,10,1668.0,668.0,139.0,138.0,888.0,False,True
cn-jjj-150c-03-V2-LOCATIONS,D_beijing,11,1666.0,666.0,139.0,138.0,886.0,False,True
cn-jjj-150c-03-V2-LOCATIONS,D_beijing,12,1597.0,597.0,139.0,70.0,817.0,False,True
cn-jjj-150c-03-V2-LOCATIONS,D_beijing,13,1667.0,667.0,139.0,138.0,887.0,False,True
cn-jjj-150c-03-V2-LOCATIONS,D_beijing,14,1667.0,667.0,139.0,138.0,887.0,False,True
cn-jjj-150c-03-V2-LOCATIONS,D_shijiazhuang,0,1249.0,249.0,208.0,207.0,275.0,False,True
cn-jjj-150c-03-V2-LOCATIONS,D_shijiazhuang,1,1667.0,667.0,139.0,486.0,693.0,True,True
cn-jjj-150c-03-V2-LOCATIONS,D_shijiazhuang,2,1528.0,528.0,208.0,486.0,554.0,True,True
cn-jjj-150c-03-V2-LOCATIONS,D_tianjin,0,1735.0,735.0,139.0,68.0,136.0,False,False
cn-jjj-150c-03-V2-LOCATIONS,D_tianjin,1,1667.0,667.0,278.0,68.0,68.0,False,False
cn-jjj-150c-03-V2-LOCATIONS,D_tianjin,2,1735.0,735.0,139.0,68.0,136.0,False,False
cn-jjj-150c-03-V2-LOCATIONS,D_tianjin,3,1667.0,667.0,139.0,68.0,68.0,False,False
cn-jjj-150c-03-V2-LOCATIONS,D_tianjin,4,1735.0,735.0,139.0,68.0,136.0,False,False
cn-jjj-15c-01-V2-LOCATIONS,D_beijing,0,1666.0,666.0,208.0,68.0,68.0,False,False
cn-jjj-15c-01-V2-LOCATIONS,D_beijing,1,1667.0,667.0,208.0,69.0,69.0,False,False
cn-jjj-15c-02-V2-LOCATIONS,D_beijing,0,1389.0,389.0,139.0,277.0,415.0,True,True
cn-jjj-15c-02-V2-LOCATIONS,D_beijing,1,1597.0,597.0,208.0,346.0,623.0,True,True
cn-jjj-15c-02-V2-LOCATIONS,D_beijing,2,1458.0,458.0,208.0,346.0,484.0,True,True
cn-jjj-15c-03-V2-LOCATIONS,D_beijing,0,1528.0,528.0,208.0,277.0,345.0,True,False
cn-jjj-15c-03-V2-LOCATIONS,D_beijing,1,1667.0,667.0,278.0,277.0,484.0,False,False
cn-jjj-15c-03-V2-LOCATIONS,D_beijing,2,1458.0,458.0,208.0,207.0,275.0,False,False
cn-jjj-200c-01-V2-LOCATIONS,D_beijing,0,1667.0,667.0,208.0,137.0,1090.0,False,True
cn-jjj-200c-01-V2-LOCATIONS,D_beijing,1,1735.0,735.0,139.0,137.0,1158.0,False,True
cn-jjj-200c-01-V2-LOCATIONS,D_beijing,2,1667.0,667.0,139.0,137.0,1090.0,False,True
cn-jjj-200c-01-V2-LOCATIONS,D_beijing,3,1667.0,667.0,278.0,137.0,1090.0,False,True
cn-jjj-200c-01-V2-LOCATIONS,D_beijing,4,1735.0,735.0,139.0,137.0,1158.0,False,True
cn-jjj-200c-01-V2-LOCATIONS,D_beijing,5,1667.0,667.0,139.0,137.0,1090.0,False,True
cn-jjj-200c-01-V2-LOCATIONS,D_beijing,6,1735.0,735.0,208.0,137.0,1158.0,False,True
cn-jjj-200c-01-V2-LOCATIONS,D_beijing,7,1666.0,666.0,139.0,137.0,1089.0,False,True
cn-jjj-200c-01-V2-LOCATIONS,D_beijing,8,1667.0,667.0,139.0,137.0,1090.0,False,True
cn-jjj-200c-01-V2-LOCATIONS,D_beijing,9,1668.0,668.0,139.0,137.0,1091.0,False,True
cn-jjj-200c-01-V2-LOCATIONS,D_beijing,10,1735.0,735.0,347.0,137.0,1158.0,False,True
cn-jjj-200c-01-V2-LOCATIONS,D_beijing,11,1667.0,667.0,139.0,137.0,1090.0,False,True
cn-jjj-200c-01-V2-LOCATIONS,D_beijing,12,1667.0,667.0,139.0,137.0,1090.0,False,True
cn-jjj-200c-01-V2-LOCATIONS,D_beijing,13,1667.0,667.0,139.0,137.0,1090.0,False,True
cn-jjj-200c-01-V2-LOCATIONS,D_beijing,14,1667.0,667.0,139.0,137.0,1090.0,False,True
cn-jjj-200c-01-V2-LOCATIONS,D_beijing,15,1735.0,735.0,139.0,137.0,1158.0,False,True
cn-jjj-200c-01-V2-LOCATIONS,D_beijing,16,1598.0,598.0,139.0,69.0,1021.0,False,True
cn-jjj-200c-01-V2-LOCATIONS,D_beijing,17,1667.0,667.0,278.0,137.0,1090.0,False,True
cn-jjj-200c-01-V2-LOCATIONS,D_beijing,18,1666.0,666.0,139.0,137.0,1089.0,False,True
cn-jjj-200c-01-V2-LOCATIONS,D_beijing,19,1667.0,667.0,139.0,137.0,1090.0,False,True
cn-jjj-200c-01-V2-LOCATIONS,D_beijing,20,1667.0,667.0,139.0,137.0,1090.0,False,True
cn-jjj-200c-01-V2-LOCATIONS,D_shijiazhuang,0,1389.0,389.0,139.0,138.0,206.0,False,False
cn-jjj-200c-01-V2-LOCATIONS,D_shijiazhuang,1,1667.0,667.0,208.0,346.0,484.0,True,False
cn-jjj-200c-01-V2-LOCATIONS,D_shijiazhuang,2,1597.0,597.0,208.0,346.0,414.0,True,False
cn-jjj-200c-01-V2-LOCATIONS,D_tianjin,0,1735.0,735.0,139.0,68.0,404.0,False,False
cn-jjj-200c-01-V2-LOCATIONS,D_tianjin,1,1667.0,667.0,139.0,68.0,336.0,False,False
cn-jjj-200c-01-V2-LOCATIONS,D_tianjin,2,1668.0,668.0,417.0,68.0,337.0,False,False
cn-jjj-200c-01-V2-LOCATIONS,D_tianjin,3,1668.0,668.0,417.0,68.0,337.0,False,False
cn-jjj-200c-01-V2-LOCATIONS,D_tianjin,4,1668.0,668.0,139.0,68.0,337.0,False,False
cn-jjj-200c-01-V2-LOCATIONS,D_tianjin,5,1668.0,668.0,139.0,68.0,337.0,False,False
cn-jjj-200c-01-V2-LOCATIONS,D_tianjin,6,1667.0,667.0,139.0,68.0,336.0,False,False
cn-jjj-200c-01-V2-LOCATIONS,D_tianjin,7,1735.0,735.0,139.0,68.0,404.0,False,False
cn-jjj-200c-02-V2-LOCATIONS,D_beijing,0,1667.0,667.0,139.0,138.0,1158.0,False,True
cn-jjj-200c-02-V2-LOCATIONS,D_beijing,1,1667.0,667.0,278.0,138.0,1158.0,False,True
cn-jjj-200c-02-V2-LOCATIONS,D_beijing,2,1735.0,735.0,139.0,138.0,1226.0,False,True
cn-jjj-200c-02-V2-LOCATIONS,D_beijing,3,1735.0,735.0,139.0,138.0,1226.0,False,True
cn-jjj-200c-02-V2-LOCATIONS,D_beijing,4,1666.0,666.0,139.0,138.0,1157.0,False,True
cn-jjj-200c-02-V2-LOCATIONS,D_beijing,5,1667.0,667.0,208.0,138.0,1158.0,False,True
cn-jjj-200c-02-V2-LOCATIONS,D_beijing,6,1667.0,667.0,208.0,138.0,1158.0,False,True
cn-jjj-200c-02-V2-LOCATIONS,D_beijing,7,1667.0,667.0,139.0,138.0,1158.0,False,True
cn-jjj-200c-02-V2-LOCATIONS,D_beijing,8,1668.0,668.0,417.0,138.0,1159.0,False,True
cn-jjj-200c-02-V2-LOCATIONS,D_beijing,9,1667.0,667.0,139.0,138.0,1158.0,False,True
cn-jjj-200c-02-V2-LOCATIONS,D_beijing,10,1667.0,667.0,139.0,138.0,1158.0,False,True
cn-jjj-200c-02-V2-LOCATIONS,D_beijing,11,1735.0,735.0,139.0,138.0,1226.0,False,True
cn-jjj-200c-02-V2-LOCATIONS,D_beijing,12,1667.0,667.0,278.0,138.0,1158.0,False,True
cn-jjj-200c-02-V2-LOCATIONS,D_beijing,13,1667.0,667.0,208.0,138.0,1158.0,False,True
cn-jjj-200c-02-V2-LOCATIONS,D_beijing,14,1667.0,667.0,139.0,138.0,1158.0,False,True
cn-jjj-200c-02-V2-LOCATIONS,D_beijing,15,1667.0,667.0,208.0,138.0,1158.0,False,True
cn-jjj-200c-02-V2-LOCATIONS,D_beijing,16,1735.0,735.0,208.0,138.0,1226.0,False,True
cn-jjj-200c-02-V2-LOCATIONS,D_beijing,17,1667.0,667.0,139.0,138.0,1158.0,False,True
cn-jjj-200c-02-V2-LOCATIONS,D_beijing,18,1667.0,667.0,139.0,138.0,1158.0,False,True
cn-jjj-200c-02-V2-LOCATIONS,D_beijing,19,1667.0,667.0,139.0,138.0,1158.0,False,True
cn-jjj-200c-02-V2-LOCATIONS,D_beijing,20,1597.0,597.0,139.0,69.0,1088.0,False,True
cn-jjj-200c-02-V2-LOCATIONS,D_shijiazhuang,0,1667.0,667.0,278.0,68.0,136.0,False,False
cn-jjj-200c-02-V2-LOCATIONS,D_shijiazhuang,1,1667.0,667.0,208.0,68.0,136.0,False,False
cn-jjj-200c-02-V2-LOCATIONS,D_shijiazhuang,2,1735.0,735.0,139.0,68.0,204.0,False,False
cn-jjj-200c-02-V2-LOCATIONS,D_shijiazhuang,3,1667.0,667.0,278.0,68.0,136.0,False,False
cn-jjj-200c-02-V2-LOCATIONS,D_tianjin,0,1667.0,667.0,208.0,69.0,273.0,False,False
cn-jjj-200c-02-V2-LOCATIONS,D_tianjin,1,1667.0,667.0,139.0,69.0,273.0,False,False
cn-jjj-200c-02-V2-LOCATIONS,D_tianjin,2,1666.0,666.0,139.0,68.0,272.0,False,False
cn-jjj-200c-02-V2-LOCATIONS,D_tianjin,3,1667.0,667.0,139.0,69.0,273.0,False,False
cn-jjj-200c-02-V2-LOCATIONS,D_tianjin,4,1667.0,667.0,139.0,69.0,273.0,False,False
cn-jjj-200c-02-V2-LOCATIONS,D_tianjin,5,1735.0,735.0,208.0,69.0,341.0,False,False
cn-jjj-200c-03-V2-LOCATIONS,D_beijing,0,1666.0,666.0,208.0,137.0,1156.0,False,True
cn-jjj-200c-03-V2-LOCATIONS,D_beijing,1,1667.0,667.0,139.0,137.0,1157.0,False,True
cn-jjj-200c-03-V2-LOCATIONS,D_beijing,2,1735.0,735.0,208.0,137.0,1225.0,False,True
cn-jjj-200c-03-V2-LOCATIONS,D_beijing,3,1735.0,735.0,139.0,137.0,1225.0,False,True
cn-jjj-200c-03-V2-LOCATIONS,D_beijing,4,1598.0,598.0,139.0,69.0,1088.0,False,True
cn-jjj-200c-03-V2-LOCATIONS,D_beijing,5,1667.0,667.0,139.0,137.0,1157.0,False,True
cn-jjj-200c-03-V2-LOCATIONS,D_beijing,6,1667.0,667.0,139.0,137.0,1157.0,False,True
cn-jjj-200c-03-V2-LOCATIONS,D_beijing,7,1735.0,735.0,208.0,137.0,1225.0,False,True
cn-jjj-200c-03-V2-LOCATIONS,D_beijing,8,1666.0,666.0,139.0,137.0,1156.0,False,True
cn-jjj-200c-03-V2-LOCATIONS,D_beijing,9,1667.0,667.0,208.0,137.0,1157.0,False,True
cn-jjj-200c-03-V2-LOCATIONS,D_beijing,10,1667.0,667.0,139.0,137.0,1157.0,False,True
cn-jjj-200c-03-V2-LOCATIONS,D_beijing,11,1667.0,667.0,139.0,137.0,1157.0,False,True
cn-jjj-200c-03-V2-LOCATIONS,D_beijing,12,1668.0,668.0,278.0,137.0,1158.0,False,True
cn-jjj-200c-03-V2-LOCATIONS,D_beijing,13,1667.0,667.0,139.0,137.0,1157.0,False,True
cn-jjj-200c-03-V2-LOCATIONS,D_beijing,14,1667.0,667.0,139.0,137.0,1157.0,False,True
cn-jjj-200c-03-V2-LOCATIONS,D_beijing,15,1667.0,667.0,139.0,137.0,1157.0,False,True
cn-jjj-200c-03-V2-LOCATIONS,D_beijing,16,1668.0,668.0,139.0,137.0,1158.0,False,True
cn-jjj-200c-03-V2-LOCATIONS,D_beijing,17,1667.0,667.0,139.0,137.0,1157.0,False,True
cn-jjj-200c-03-V2-LOCATIONS,D_beijing,18,1667.0,667.0,139.0,137.0,1157.0,False,True
cn-jjj-200c-03-V2-LOCATIONS,D_beijing,19,1667.0,667.0,139.0,137.0,1157.0,False,True
cn-jjj-200c-03-V2-LOCATIONS,D_beijing,20,1735.0,735.0,139.0,137.0,1225.0,False,True
cn-jjj-200c-03-V2-LOCATIONS,D_shijiazhuang,0,1735.0,735.0,139.0,68.0,136.0,False,False
cn-jjj-200c-03-V2-LOCATIONS,D_shijiazhuang,1,1667.0,667.0,139.0,68.0,68.0,False,False
cn-jjj-200c-03-V2-LOCATIONS,D_shijiazhuang,2,1667.0,667.0,139.0,68.0,68.0,False,False
cn-jjj-200c-03-V2-LOCATIONS,D_tianjin,0,1667.0,667.0,139.0,347.0,896.0,True,True
cn-jjj-200c-03-V2-LOCATIONS,D_tianjin,1,1597.0,597.0,139.0,347.0,826.0,True,True
cn-jjj-200c-03-V2-LOCATIONS,D_tianjin,2,1667.0,667.0,139.0,347.0,896.0,True,True
cn-jjj-200c-03-V2-LOCATIONS,D_tianjin,4,1388.0,388.0,139.0,207.0,617.0,True,True
cn-jjj-200c-03-V2-LOCATIONS,D_tianjin,5,1667.0,667.0,139.0,347.0,896.0,True,True
cn-jjj-200c-03-V2-LOCATIONS,D_tianjin,6,1667.0,667.0,139.0,347.0,896.0,True,True
cn-jjj-200c-03-V2-LOCATIONS,D_tianjin,7,1528.0,528.0,139.0,347.0,757.0,True,True
cn-jjj-20c-01-V2-LOCATIONS,D_beijing,0,1735.0,735.0,139.0,207.0,414.0,True,False
cn-jjj-20c-01-V2-LOCATIONS,D_beijing,1,1528.0,528.0,139.0,207.0,207.0,True,False
cn-jjj-20c-01-V2-LOCATIONS,D_beijing,2,1528.0,528.0,139.0,207.0,207.0,True,False
cn-jjj-20c-02-V2-LOCATIONS,D_beijing,0,1667.0,667.0,139.0,415.0,761.0,True,True
cn-jjj-20c-02-V2-LOCATIONS,D_beijing,1,1320.0,320.0,208.0,346.0,414.0,True,True
cn-jjj-20c-02-V2-LOCATIONS,D_beijing,2,1389.0,389.0,139.0,415.0,483.0,True,True
cn-jjj-20c-03-V2-LOCATIONS,D_beijing,0,1528.0,528.0,139.0,623.0,690.0,True,True
cn-jjj-20c-03-V2-LOCATIONS,D_beijing,1,1112.0,112.0,139.0,207.0,274.0,True,True
cn-jjj-20c-03-V2-LOCATIONS,D_beijing,2,1668.0,668.0,139.0,623.0,830.0,True,True
cn-jjj-25c-01-V2-LOCATIONS,D_beijing,0,1667.0,667.0,139.0,68.0,68.0,False,False
cn-jjj-25c-01-V2-LOCATIONS,D_beijing,1,1735.0,735.0,208.0,68.0,136.0,False,False
cn-jjj-25c-01-V2-LOCATIONS,D_beijing,2,1667.0,667.0,139.0,68.0,68.0,False,False
cn-jjj-25c-02-V2-LOCATIONS,D_beijing,0,1667.0,667.0,278.0,67.0,67.0,False,False
cn-jjj-25c-02-V2-LOCATIONS,D_beijing,1,1668.0,668.0,139.0,68.0,68.0,False,False
cn-jjj-25c-02-V2-LOCATIONS,D_beijing,2,1735.0,735.0,208.0,68.0,135.0,False,False
cn-jjj-25c-03-V2-LOCATIONS,D_beijing,0,1668.0,668.0,139.0,138.0,206.0,False,False
cn-jjj-25c-03-V2-LOCATIONS,D_beijing,1,1667.0,667.0,208.0,138.0,205.0,False,False
cn-jjj-25c-03-V2-LOCATIONS,D_beijing,2,1597.0,597.0,139.0,68.0,135.0,False,False
cn-jjj-50c-01-V2-LOCATIONS,D_beijing,0,1667.0,667.0,278.0,139.0,411.0,False,False
cn-jjj-50c-01-V2-LOCATIONS,D_beijing,1,1596.0,596.0,139.0,137.0,340.0,False,False
cn-jjj-50c-01-V2-LOCATIONS,D_beijing,2,1598.0,598.0,139.0,139.0,342.0,True,False
cn-jjj-50c-01-V2-LOCATIONS,D_beijing,3,1668.0,668.0,139.0,139.0,412.0,True,False
cn-jjj-50c-01-V2-LOCATIONS,D_beijing,4,1735.0,735.0,139.0,139.0,479.0,True,False
cn-jjj-50c-01-V2-LOCATIONS,D_beijing,5,1667.0,667.0,139.0,139.0,411.0,True,False
cn-jjj-50c-01-V2-LOCATIONS,D_tianjin,0,1666.0,666.0,139.0,68.0,68.0,False,False
cn-jjj-50c-01-V2-LOCATIONS,D_tianjin,1,1667.0,667.0,139.0,69.0,69.0,False,False
cn-jjj-50c-02-V2-LOCATIONS,D_beijing,0,1667.0,667.0,139.0,138.0,410.0,False,False
cn-jjj-50c-02-V2-LOCATIONS,D_beijing,1,1667.0,667.0,139.0,138.0,410.0,False,False
cn-jjj-50c-02-V2-LOCATIONS,D_beijing,2,1597.0,597.0,139.0,68.0,340.0,False,False
cn-jjj-50c-02-V2-LOCATIONS,D_beijing,3,1667.0,667.0,139.0,138.0,410.0,False,False
cn-jjj-50c-02-V2-LOCATIONS,D_beijing,4,1667.0,667.0,139.0,138.0,410.0,False,False
cn-jjj-50c-02-V2-LOCATIONS,D_beijing,5,1667.0,667.0,139.0,138.0,410.0,False,False
cn-jjj-50c-02-V2-LOCATIONS,D_tianjin,0,1667.0,667.0,208.0,694.0,694.0,True,True
cn-jjj-50c-02-V2-LOCATIONS,D_tianjin,1,1041.0,41.0,208.0,68.0,68.0,False,True
cn-jjj-50c-03-V2-LOCATIONS,D_beijing,0,1667.0,667.0,139.0,67.0,201.0,False,False
cn-jjj-50c-03-V2-LOCATIONS,D_beijing,1,1668.0,668.0,139.0,68.0,202.0,False,False
cn-jjj-50c-03-V2-LOCATIONS,D_beijing,2,1668.0,668.0,278.0,68.0,202.0,False,False
cn-jjj-50c-03-V2-LOCATIONS,D_beijing,3,1735.0,735.0,208.0,68.0,269.0,False,False
cn-jjj-50c-03-V2-LOCATIONS,D_beijing,4,1668.0,668.0,139.0,68.0,202.0,False,False
cn-jjj-50c-03-V2-LOCATIONS,D_beijing,5,1735.0,735.0,139.0,68.0,269.0,False,False
cn-jjj-50c-03-V2-LOCATIONS,D_tianjin,0,1667.0,667.0,139.0,763.0,763.0,True,True
cn-jjj-75c-01-V2-LOCATIONS,D_beijing,0,1668.0,668.0,278.0,69.0,478.0,False,False
cn-jjj-75c-01-V2-LOCATIONS,D_beijing,1,1667.0,667.0,139.0,69.0,477.0,False,False
cn-jjj-75c-01-V2-LOCATIONS,D_beijing,2,1666.0,666.0,139.0,69.0,476.0,False,False
cn-jjj-75c-01-V2-LOCATIONS,D_beijing,3,1668.0,668.0,139.0,69.0,478.0,False,False
cn-jjj-75c-01-V2-LOCATIONS,D_beijing,4,1667.0,667.0,139.0,69.0,477.0,False,False
cn-jjj-75c-01-V2-LOCATIONS,D_beijing,5,1667.0,667.0,278.0,69.0,477.0,False,False
cn-jjj-75c-01-V2-LOCATIONS,D_beijing,6,1666.0,666.0,208.0,69.0,476.0,False,False
cn-jjj-75c-01-V2-LOCATIONS,D_beijing,7,1735.0,735.0,139.0,69.0,545.0,False,False
cn-jjj-75c-01-V2-LOCATIONS,D_beijing,8,1666.0,666.0,139.0,69.0,476.0,False,False
cn-jjj-75c-01-V2-LOCATIONS,D_tianjin,0,1666.0,666.0,139.0,763.0,831.0,True,True
cn-jjj-75c-01-V2-LOCATIONS,D_tianjin,1,1667.0,667.0,208.0,763.0,832.0,True,True
cn-jjj-75c-02-V2-LOCATIONS,D_beijing,0,1735.0,735.0,208.0,68.0,336.0,False,False
cn-jjj-75c-02-V2-LOCATIONS,D_beijing,1,1735.0,735.0,139.0,68.0,336.0,False,False
cn-jjj-75c-02-V2-LOCATIONS,D_beijing,2,1668.0,668.0,139.0,68.0,269.0,False,False
cn-jjj-75c-02-V2-LOCATIONS,D_beijing,3,1668.0,668.0,139.0,68.0,269.0,False,False
cn-jjj-75c-02-V2-LOCATIONS,D_beijing,4,1735.0,735.0,139.0,68.0,336.0,False,False
cn-jjj-75c-02-V2-LOCATIONS,D_beijing,5,1735.0,735.0,139.0,68.0,336.0,False,False
cn-jjj-75c-02-V2-LOCATIONS,D_beijing,6,1668.0,668.0,139.0,68.0,269.0,False,False
cn-jjj-75c-02-V2-LOCATIONS,D_beijing,7,1668.0,668.0,278.0,68.0,269.0,False,False
cn-jjj-75c-02-V2-LOCATIONS,D_beijing,8,1667.0,667.0,139.0,67.0,268.0,False,False
cn-jjj-75c-02-V2-LOCATIONS,D_tianjin,0,1667.0,667.0,139.0,68.0,135.0,False,False
cn-jjj-75c-02-V2-LOCATIONS,D_tianjin,1,1667.0,667.0,139.0,68.0,135.0,False,False
cn-jjj-75c-02-V2-LOCATIONS,D_tianjin,2,1668.0,668.0,139.0,68.0,136.0,False,False
cn-jjj-75c-03-V2-LOCATIONS,D_beijing,0,1735.0,735.0,208.0,68.0,407.0,False,False
cn-jjj-75c-03-V2-LOCATIONS,D_beijing,1,1667.0,667.0,278.0,68.0,339.0,False,False
cn-jjj-75c-03-V2-LOCATIONS,D_beijing,2,1667.0,667.0,208.0,68.0,339.0,False,False
cn-jjj-75c-03-V2-LOCATIONS,D_beijing,3,1735.0,735.0,139.0,68.0,407.0,False,False
cn-jjj-75c-03-V2-LOCATIONS,D_beijing,4,1667.0,667.0,139.0,68.0,339.0,False,False
cn-jjj-75c-03-V2-LOCATIONS,D_beijing,5,1667.0,667.0,139.0,68.0,339.0,False,False
cn-jjj-75c-03-V2-LOCATIONS,D_beijing,6,1667.0,667.0,139.0,68.0,339.0,False,False
cn-jjj-75c-03-V2-LOCATIONS,D_beijing,7,1668.0,668.0,139.0,68.0,340.0,False,False
cn-jjj-75c-03-V2-LOCATIONS,D_tianjin,0,1597.0,597.0,139.0,208.0,277.0,True,False
cn-jjj-75c-03-V2-LOCATIONS,D_tianjin,1,1666.0,666.0,139.0,208.0,346.0,True,False
cn-jjj-75c-03-V2-LOCATIONS,D_tianjin,2,1527.0,527.0,139.0,138.0,207.0,False,False
cn-prd-100c-01-V2-LOCATIONS,D_guangzhou,0,1667.0,667.0,139.0,207.0,480.0,True,False
cn-prd-100c-01-V2-LOCATIONS,D_guangzhou,1,1666.0,666.0,139.0,207.0,479.0,True,False
cn-prd-100c-01-V2-LOCATIONS,D_guangzhou,2,1667.0,667.0,208.0,207.0,480.0,False,False
cn-prd-100c-01-V2-LOCATIONS,D_guangzhou,3,1528.0,528.0,139.0,69.0,341.0,False,False
cn-prd-100c-01-V2-LOCATIONS,D_guangzhou,4,1667.0,667.0,139.0,207.0,480.0,True,False
cn-prd-100c-01-V2-LOCATIONS,D_guangzhou,5,1667.0,667.0,139.0,207.0,480.0,True,False
cn-prd-100c-01-V2-LOCATIONS,D_shenzhen,0,1667.0,667.0,278.0,68.0,203.0,False,False
cn-prd-100c-01-V2-LOCATIONS,D_shenzhen,1,1667.0,667.0,139.0,68.0,203.0,False,False
cn-prd-100c-01-V2-LOCATIONS,D_shenzhen,2,1735.0,735.0,139.0,68.0,271.0,False,False
cn-prd-100c-01-V2-LOCATIONS,D_shenzhen,3,1735.0,735.0,139.0,68.0,271.0,False,False
cn-prd-100c-01-V2-LOCATIONS,D_shenzhen,4,1735.0,735.0,139.0,68.0,271.0,False,False
cn-prd-100c-01-V2-LOCATIONS,D_shenzhen,5,1735.0,735.0,139.0,68.0,271.0,False,False
cn-prd-100c-01-V2-LOCATIONS,D_shenzhen,6,1668.0,668.0,139.0,68.0,204.0,False,False
cn-prd-100c-01-V2-LOCATIONS,D_shenzhen,7,1667.0,667.0,139.0,68.0,203.0,False,False
cn-prd-100c-02-V2-LOCATIONS,D_guangzhou,0,1667.0,667.0,139.0,277.0,756.0,True,True
cn-prd-100c-02-V2-LOCATIONS,D_guangzhou,1,1598.0,598.0,139.0,277.0,687.0,True,True
cn-prd-100c-02-V2-LOCATIONS,D_guangzhou,2,1598.0,598.0,139.0,277.0,687.0,True,True
cn-prd-100c-02-V2-LOCATIONS,D_guangzhou,3,1458.0,458.0,139.0,137.0,547.0,False,True
cn-prd-100c-02-V2-LOCATIONS,D_guangzhou,4,1666.0,666.0,139.0,277.0,755.0,True,True
cn-prd-100c-02-V2-LOCATIONS,D_guangzhou,5,1667.0,667.0,139.0,277.0,756.0,True,True
cn-prd-100c-02-V2-LOCATIONS,D_guangzhou,6,1667.0,667.0,139.0,277.0,756.0,True,True
cn-prd-100c-02-V2-LOCATIONS,D_shenzhen,0,1667.0,667.0,278.0,207.0,821.0,False,True
cn-prd-100c-02-V2-LOCATIONS,D_shenzhen,1,1528.0,528.0,139.0,137.0,682.0,False,True
cn-prd-100c-02-V2-LOCATIONS,D_shenzhen,2,1598.0,598.0,139.0,207.0,752.0,True,True
cn-prd-100c-02-V2-LOCATIONS,D_shenzhen,3,1735.0,735.0,208.0,207.0,889.0,False,True
cn-prd-100c-02-V2-LOCATIONS,D_shenzhen,4,1667.0,667.0,208.0,207.0,821.0,False,True
cn-prd-100c-02-V2-LOCATIONS,D_shenzhen,5,1667.0,667.0,278.0,207.0,821.0,False,True
cn-prd-100c-02-V2-LOCATIONS,D_shenzhen,6,1668.0,668.0,139.0,207.0,822.0,True,True
cn-prd-100c-02-V2-LOCATIONS,D_shenzhen,7,1598.0,598.0,139.0,207.0,752.0,True,True
cn-prd-100c-02-V2-LOCATIONS,D_shenzhen,8,1598.0,598.0,139.0,207.0,752.0,True,True
cn-prd-100c-03-V2-LOCATIONS,D_guangzhou,0,1735.0,735.0,208.0,346.0,827.0,True,True
cn-prd-100c-03-V2-LOCATIONS,D_guangzhou,1,1667.0,667.0,139.0,346.0,759.0,True,True
cn-prd-100c-03-V2-LOCATIONS,D_guangzhou,2,1458.0,458.0,139.0,346.0,550.0,True,True
cn-prd-100c-03-V2-LOCATIONS,D_guangzhou,3,1389.0,389.0,139.0,277.0,481.0,True,True
cn-prd-100c-03-V2-LOCATIONS,D_guangzhou,4,1667.0,667.0,139.0,346.0,759.0,True,True
cn-prd-100c-03-V2-LOCATIONS,D_guangzhou,5,1735.0,735.0,139.0,346.0,827.0,True,True
cn-prd-100c-03-V2-LOCATIONS,D_guangzhou,6,1667.0,667.0,139.0,346.0,759.0,True,True
cn-prd-100c-03-V2-LOCATIONS,D_shenzhen,0,1735.0,735.0,208.0,138.0,613.0,False,False
cn-prd-100c-03-V2-LOCATIONS,D_shenzhen,1,1668.0,668.0,139.0,138.0,546.0,False,False
cn-prd-100c-03-V2-LOCATIONS,D_shenzhen,2,1667.0,667.0,139.0,138.0,545.0,False,False
cn-prd-100c-03-V2-LOCATIONS,D_shenzhen,3,1667.0,667.0,139.0,138.0,545.0,False,False
cn-prd-100c-03-V2-LOCATIONS,D_shenzhen,4,1667.0,667.0,139.0,138.0,545.0,False,False
cn-prd-100c-03-V2-LOCATIONS,D_shenzhen,5,1667.0,667.0,139.0,138.0,545.0,False,False
cn-prd-100c-03-V2-LOCATIONS,D_shenzhen,6,1597.0,597.0,208.0,68.0,475.0,False,False
cn-prd-100c-03-V2-LOCATIONS,D_shenzhen,7,1667.0,667.0,208.0,138.0,545.0,False,False
cn-prd-100c-03-V2-LOCATIONS,D_shenzhen,8,1667.0,667.0,139.0,138.0,545.0,False,False
cn-prd-10c-01-V2-LOCATIONS,D_shenzhen,0,1735.0,735.0,347.0,67.0,67.0,False,False
cn-prd-10c-01-V2-LOCATIONS,D_shenzhen,1,1668.0,668.0,139.0,0.0,0.0,False,False
cn-prd-10c-02-V2-LOCATIONS,D_shenzhen,0,1320.0,320.0,139.0,0.0,0,False,False
cn-prd-10c-03-V2-LOCATIONS,D_shenzhen,0,1251.0,251.0,139.0,0.0,0,False,False
cn-prd-150c-01-V2-LOCATIONS,D_dongguan,0,1667.0,667.0,139.0,277.0,414.0,True,False
cn-prd-150c-01-V2-LOCATIONS,D_dongguan,1,1458.0,458.0,139.0,137.0,205.0,False,False
cn-prd-150c-01-V2-LOCATIONS,D_dongguan,2,1598.0,598.0,208.0,277.0,345.0,True,False
cn-prd-150c-01-V2-LOCATIONS,D_foshan,0,1667.0,667.0,139.0,68.0,68.0,False,False
cn-prd-150c-01-V2-LOCATIONS,D_foshan,1,1735.0,735.0,139.0,68.0,136.0,False,False
cn-prd-150c-01-V2-LOCATIONS,D_foshan,2,1667.0,667.0,139.0,68.0,68.0,False,False
cn-prd-150c-01-V2-LOCATIONS,D_guangzhou,0,1668.0,668.0,278.0,68.0,269.0,False,False
cn-prd-150c-01-V2-LOCATIONS,D_guangzhou,1,1668.0,668.0,139.0,68.0,269.0,False,False
cn-prd-150c-01-V2-LOCATIONS,D_guangzhou,2,1735.0,735.0,139.0,68.0,336.0,False,False
cn-prd-150c-01-V2-LOCATIONS,D_guangzhou,3,1735.0,735.0,139.0,68.0,336.0,False,False
cn-prd-150c-01-V2-LOCATIONS,D_guangzhou,4,1735.0,735.0,139.0,68.0,336.0,False,False
cn-prd-150c-01-V2-LOCATIONS,D_guangzhou,5,1668.0,668.0,139.0,68.0,269.0,False,False
cn-prd-150c-01-V2-LOCATIONS,D_guangzhou,6,1667.0,667.0,278.0,67.0,268.0,False,False
cn-prd-150c-01-V2-LOCATIONS,D_guangzhou,7,1668.0,668.0,139.0,68.0,269.0,False,False
cn-prd-150c-01-V2-LOCATIONS,D_shenzhen,0,1667.0,667.0,139.0,137.0,547.0,False,False
cn-prd-150c-01-V2-LOCATIONS,D_shenzhen,1,1667.0,667.0,208.0,137.0,547.0,False,False
cn-prd-150c-01-V2-LOCATIONS,D_shenzhen,2,1667.0,667.0,208.0,137.0,547.0,False,False
cn-prd-150c-01-V2-LOCATIONS,D_shenzhen,3,1667.0,667.0,208.0,137.0,547.0,False,False
cn-prd-150c-01-V2-LOCATIONS,D_shenzhen,5,1666.0,666.0,139.0,137.0,546.0,False,False
cn-prd-150c-01-V2-LOCATIONS,D_shenzhen,6,1598.0,598.0,139.0,69.0,478.0,False,False
cn-prd-150c-01-V2-LOCATIONS,D_shenzhen,7,1667.0,667.0,139.0,137.0,547.0,False,False
cn-prd-150c-01-V2-LOCATIONS,D_shenzhen,8,1735.0,735.0,139.0,137.0,615.0,False,False
cn-prd-150c-01-V2-LOCATIONS,D_shenzhen,9,1666.0,666.0,139.0,137.0,546.0,False,False
cn-prd-150c-02-V2-LOCATIONS,D_dongguan,0,1667.0,667.0,139.0,207.0,275.0,True,False
cn-prd-150c-02-V2-LOCATIONS,D_dongguan,1,1528.0,528.0,208.0,68.0,136.0,False,False
cn-prd-150c-02-V2-LOCATIONS,D_dongguan,2,1667.0,667.0,278.0,207.0,275.0,False,False
cn-prd-150c-02-V2-LOCATIONS,D_foshan,0,1735.0,735.0,139.0,68.0,135.0,False,False
cn-prd-150c-02-V2-LOCATIONS,D_foshan,1,1667.0,667.0,139.0,67.0,67.0,False,False
cn-prd-150c-02-V2-LOCATIONS,D_foshan,2,1668.0,668.0,139.0,68.0,68.0,False,False
cn-prd-150c-02-V2-LOCATIONS,D_foshan,3,1735.0,735.0,208.0,68.0,135.0,False,False
cn-prd-150c-02-V2-LOCATIONS,D_guangzhou,0,1735.0,735.0,139.0,68.0,407.0,False,False
cn-prd-150c-02-V2-LOCATIONS,D_guangzhou,1,1667.0,667.0,139.0,68.0,339.0,False,False
cn-prd-150c-02-V2-LOCATIONS,D_guangzhou,2,1667.0,667.0,278.0,68.0,339.0,False,False
cn-prd-150c-02-V2-LOCATIONS,D_guangzhou,3,1735.0,735.0,208.0,68.0,407.0,False,False
cn-prd-150c-02-V2-LOCATIONS,D_guangzhou,4,1667.0,667.0,139.0,68.0,339.0,False,False
cn-prd-150c-02-V2-LOCATIONS,D_guangzhou,5,1667.0,667.0,139.0,68.0,339.0,False,False
cn-prd-150c-02-V2-LOCATIONS,D_guangzhou,6,1668.0,668.0,139.0,68.0,340.0,False,False
cn-prd-150c-02-V2-LOCATIONS,D_guangzhou,7,1667.0,667.0,139.0,68.0,339.0,False,False
cn-prd-150c-02-V2-LOCATIONS,D_shenzhen,0,1735.0,735.0,208.0,67.0,268.0,False,False
cn-prd-150c-02-V2-LOCATIONS,D_shenzhen,1,1735.0,735.0,139.0,67.0,268.0,False,False
cn-prd-150c-02-V2-LOCATIONS,D_shenzhen,2,1668.0,668.0,139.0,67.0,201.0,False,False
cn-prd-150c-02-V2-LOCATIONS,D_shenzhen,3,1735.0,735.0,139.0,67.0,268.0,False,False
cn-prd-150c-02-V2-LOCATIONS,D_shenzhen,4,1735.0,735.0,139.0,67.0,268.0,False,False
cn-prd-150c-02-V2-LOCATIONS,D_shenzhen,5,1668.0,668.0,139.0,67.0,201.0,False,False
cn-prd-150c-02-V2-LOCATIONS,D_shenzhen,6,1668.0,668.0,139.0,67.0,201.0,False,False
cn-prd-150c-02-V2-LOCATIONS,D_shenzhen,7,1668.0,668.0,139.0,67.0,201.0,False,False
cn-prd-150c-02-V2-LOCATIONS,D_shenzhen,8,1735.0,735.0,139.0,67.0,268.0,False,False
cn-prd-150c-03-V2-LOCATIONS,D_dongguan,0,1667.0,667.0,139.0,138.0,206.0,False,False
cn-prd-150c-03-V2-LOCATIONS,D_dongguan,1,1667.0,667.0,139.0,138.0,206.0,False,False
cn-prd-150c-03-V2-LOCATIONS,D_dongguan,2,1597.0,597.0,139.0,68.0,136.0,False,False
cn-prd-150c-03-V2-LOCATIONS,D_foshan,0,1667.0,667.0,139.0,68.0,203.0,False,False
cn-prd-150c-03-V2-LOCATIONS,D_foshan,1,1667.0,667.0,139.0,68.0,203.0,False,False
cn-prd-150c-03-V2-LOCATIONS,D_foshan,2,1668.0,668.0,139.0,68.0,204.0,False,False
cn-prd-150c-03-V2-LOCATIONS,D_foshan,3,1667.0,667.0,139.0,68.0,203.0,False,False
cn-prd-150c-03-V2-LOCATIONS,D_guangzhou,0,1735.0,735.0,139.0,68.0,203.0,False,False
cn-prd-150c-03-V2-LOCATIONS,D_guangzhou,1,1668.0,668.0,139.0,68.0,136.0,False,False
cn-prd-150c-03-V2-LOCATIONS,D_guangzhou,2,1735.0,735.0,139.0,68.0,203.0,False,False
cn-prd-150c-03-V2-LOCATIONS,D_guangzhou,3,1667.0,667.0,139.0,68.0,135.0,False,False
cn-prd-150c-03-V2-LOCATIONS,D_guangzhou,4,1735.0,735.0,139.0,68.0,203.0,False,False
cn-prd-150c-03-V2-LOCATIONS,D_guangzhou,5,1667.0,667.0,208.0,68.0,135.0,False,False
cn-prd-150c-03-V2-LOCATIONS,D_shenzhen,0,1668.0,668.0,139.0,68.0,202.0,False,False
cn-prd-150c-03-V2-LOCATIONS,D_shenzhen,1,1668.0,668.0,139.0,68.0,202.0,False,False
cn-prd-150c-03-V2-LOCATIONS,D_shenzhen,2,1735.0,735.0,139.0,68.0,269.0,False,False
cn-prd-150c-03-V2-LOCATIONS,D_shenzhen,3,1668.0,668.0,139.0,68.0,202.0,False,False
cn-prd-150c-03-V2-LOCATIONS,D_shenzhen,4,1667.0,667.0,139.0,67.0,201.0,False,False
cn-prd-150c-03-V2-LOCATIONS,D_shenzhen,5,1735.0,735.0,208.0,68.0,269.0,False,False
cn-prd-150c-03-V2-LOCATIONS,D_shenzhen,6,1735.0,735.0,139.0,68.0,269.0,False,False
cn-prd-150c-03-V2-LOCATIONS,D_shenzhen,7,1735.0,735.0,139.0,68.0,269.0,False,False
cn-prd-150c-03-V2-LOCATIONS,D_shenzhen,8,1735.0,735.0,139.0,68.0,269.0,False,False
cn-prd-15c-01-V2-LOCATIONS,D_shenzhen,0,1665.0,665.0,208.0,138.0,138.0,False,False
cn-prd-15c-01-V2-LOCATIONS,D_shenzhen,2,1597.0,597.0,208.0,70.0,70.0,False,False
cn-prd-15c-02-V2-LOCATIONS,D_shenzhen,0,1389.0,389.0,208.0,207.0,207.0,False,False
cn-prd-15c-02-V2-LOCATIONS,D_shenzhen,1,1528.0,528.0,278.0,346.0,346.0,True,False
cn-prd-15c-03-V2-LOCATIONS,D_shenzhen,0,1666.0,666.0,139.0,277.0,277.0,True,False
cn-prd-15c-03-V2-LOCATIONS,D_shenzhen,1,1458.0,458.0,208.0,69.0,69.0,False,False
cn-prd-200c-01-V2-LOCATIONS,D_dongguan,0,1458.0,458.0,139.0,137.0,274.0,False,False
cn-prd-200c-01-V2-LOCATIONS,D_dongguan,1,1666.0,666.0,139.0,277.0,482.0,True,False
cn-prd-200c-01-V2-LOCATIONS,D_dongguan,2,1598.0,598.0,139.0,277.0,414.0,True,False
cn-prd-200c-01-V2-LOCATIONS,D_dongguan,3,1667.0,667.0,208.0,277.0,483.0,True,False
cn-prd-200c-01-V2-LOCATIONS,D_foshan,0,1735.0,735.0,139.0,68.0,204.0,False,False
cn-prd-200c-01-V2-LOCATIONS,D_foshan,1,1667.0,667.0,139.0,68.0,136.0,False,False
cn-prd-200c-01-V2-LOCATIONS,D_foshan,2,1667.0,667.0,139.0,68.0,136.0,False,False
cn-prd-200c-01-V2-LOCATIONS,D_foshan,3,1667.0,667.0,139.0,68.0,136.0,False,False
cn-prd-200c-01-V2-LOCATIONS,D_foshan,4,1735.0,735.0,139.0,68.0,204.0,False,False
cn-prd-200c-01-V2-LOCATIONS,D_guangzhou,0,1668.0,668.0,139.0,68.0,406.0,False,False
cn-prd-200c-01-V2-LOCATIONS,D_guangzhou,1,1667.0,667.0,139.0,68.0,405.0,False,False
cn-prd-200c-01-V2-LOCATIONS,D_guangzhou,2,1667.0,667.0,139.0,68.0,405.0,False,False
cn-prd-200c-01-V2-LOCATIONS,D_guangzhou,3,1667.0,667.0,139.0,68.0,405.0,False,False
cn-prd-200c-01-V2-LOCATIONS,D_guangzhou,4,1735.0,735.0,139.0,68.0,473.0,False,False
cn-prd-200c-01-V2-LOCATIONS,D_guangzhou,5,1668.0,668.0,139.0,68.0,406.0,False,False
cn-prd-200c-01-V2-LOCATIONS,D_guangzhou,6,1668.0,668.0,139.0,68.0,406.0,False,False
cn-prd-200c-01-V2-LOCATIONS,D_guangzhou,7,1667.0,667.0,139.0,68.0,405.0,False,False
cn-prd-200c-01-V2-LOCATIONS,D_guangzhou,8,1735.0,735.0,347.0,68.0,473.0,False,False
cn-prd-200c-01-V2-LOCATIONS,D_guangzhou,9,1735.0,735.0,139.0,68.0,473.0,False,False
cn-prd-200c-01-V2-LOCATIONS,D_shenzhen,0,1667.0,667.0,208.0,68.0,473.0,False,False
cn-prd-200c-01-V2-LOCATIONS,D_shenzhen,1,1668.0,668.0,139.0,68.0,474.0,False,False
cn-prd-200c-01-V2-LOCATIONS,D_shenzhen,2,1667.0,667.0,139.0,68.0,473.0,False,False
cn-prd-200c-01-V2-LOCATIONS,D_shenzhen,3,1735.0,735.0,208.0,68.0,541.0,False,False
cn-prd-200c-01-V2-LOCATIONS,D_shenzhen,4,1668.0,668.0,139.0,68.0,474.0,False,False
cn-prd-200c-01-V2-LOCATIONS,D_shenzhen,5,1668.0,668.0,139.0,68.0,474.0,False,False
cn-prd-200c-01-V2-LOCATIONS,D_shenzhen,6,1735.0,735.0,208.0,68.0,541.0,False,False
cn-prd-200c-01-V2-LOCATIONS,D_shenzhen,7,1735.0,735.0,208.0,68.0,541.0,False,False
cn-prd-200c-01-V2-LOCATIONS,D_shenzhen,8,1735.0,735.0,139.0,68.0,541.0,False,False
cn-prd-200c-01-V2-LOCATIONS,D_shenzhen,9,1667.0,667.0,139.0,68.0,473.0,False,False
cn-prd-200c-01-V2-LOCATIONS,D_shenzhen,10,1667.0,667.0,208.0,68.0,473.0,False,False
cn-prd-200c-01-V2-LOCATIONS,D_shenzhen,11,1667.0,667.0,139.0,68.0,473.0,False,False
cn-prd-200c-01-V2-LOCATIONS,D_shenzhen,12,1735.0,735.0,139.0,68.0,541.0,False,False
cn-prd-200c-02-V2-LOCATIONS,D_dongguan,0,1668.0,668.0,139.0,276.0,481.0,True,False
cn-prd-200c-02-V2-LOCATIONS,D_dongguan,1,1666.0,666.0,139.0,276.0,479.0,True,False
cn-prd-200c-02-V2-LOCATIONS,D_dongguan,2,1667.0,667.0,139.0,276.0,480.0,True,False
cn-prd-200c-02-V2-LOCATIONS,D_dongguan,3,1459.0,459.0,139.0,69.0,272.0,False,False
cn-prd-200c-02-V2-LOCATIONS,D_dongguan,4,1667.0,667.0,139.0,276.0,480.0,True,False
cn-prd-200c-02-V2-LOCATIONS,D_foshan,0,1597.0,597.0,278.0,69.0,273.0,False,False
cn-prd-200c-02-V2-LOCATIONS,D_foshan,1,1666.0,666.0,139.0,138.0,342.0,False,False
cn-prd-200c-02-V2-LOCATIONS,D_foshan,2,1667.0,667.0,139.0,138.0,343.0,False,False
cn-prd-200c-02-V2-LOCATIONS,D_foshan,3,1667.0,667.0,139.0,138.0,343.0,False,False
cn-prd-200c-02-V2-LOCATIONS,D_foshan,4,1667.0,667.0,208.0,138.0,343.0,False,False
cn-prd-200c-02-V2-LOCATIONS,D_guangzhou,0,1667.0,667.0,208.0,68.0,339.0,False,False
cn-prd-200c-02-V2-LOCATIONS,D_guangzhou,1,1667.0,667.0,139.0,68.0,339.0,False,False
cn-prd-200c-02-V2-LOCATIONS,D_guangzhou,2,1735.0,735.0,208.0,68.0,407.0,False,False
cn-prd-200c-02-V2-LOCATIONS,D_guangzhou,3,1667.0,667.0,139.0,68.0,339.0,False,False
cn-prd-200c-02-V2-LOCATIONS,D_guangzhou,4,1735.0,735.0,139.0,68.0,407.0,False,False
cn-prd-200c-02-V2-LOCATIONS,D_guangzhou,5,1735.0,735.0,347.0,68.0,407.0,False,False
cn-prd-200c-02-V2-LOCATIONS,D_guangzhou,6,1735.0,735.0,139.0,68.0,407.0,False,False
cn-prd-200c-02-V2-LOCATIONS,D_guangzhou,7,1667.0,667.0,139.0,68.0,339.0,False,False
cn-prd-200c-02-V2-LOCATIONS,D_guangzhou,8,1667.0,667.0,139.0,68.0,339.0,False,False
cn-prd-200c-02-V2-LOCATIONS,D_guangzhou,9,1668.0,668.0,417.0,68.0,340.0,False,False
cn-prd-200c-02-V2-LOCATIONS,D_guangzhou,10,1735.0,735.0,139.0,68.0,407.0,False,False
cn-prd-200c-02-V2-LOCATIONS,D_shenzhen,0,1735.0,735.0,139.0,207.0,890.0,True,True
cn-prd-200c-02-V2-LOCATIONS,D_shenzhen,1,1668.0,668.0,139.0,207.0,823.0,True,True
cn-prd-200c-02-V2-LOCATIONS,D_shenzhen,2,1666.0,666.0,139.0,207.0,821.0,True,True
cn-prd-200c-02-V2-LOCATIONS,D_shenzhen,3,1667.0,667.0,139.0,207.0,822.0,True,True
cn-prd-200c-02-V2-LOCATIONS,D_shenzhen,4,1667.0,667.0,139.0,207.0,822.0,True,True
cn-prd-200c-02-V2-LOCATIONS,D_shenzhen,5,1735.0,735.0,139.0,207.0,890.0,True,True
cn-prd-200c-02-V2-LOCATIONS,D_shenzhen,6,1666.0,666.0,139.0,207.0,821.0,True,True
cn-prd-200c-02-V2-LOCATIONS,D_shenzhen,7,1667.0,667.0,139.0,207.0,822.0,True,True
cn-prd-200c-02-V2-LOCATIONS,D_shenzhen,8,1666.0,666.0,139.0,207.0,821.0,True,True
cn-prd-200c-02-V2-LOCATIONS,D_shenzhen,9,1668.0,668.0,139.0,207.0,823.0,True,True
cn-prd-200c-02-V2-LOCATIONS,D_shenzhen,10,1597.0,597.0,278.0,207.0,752.0,False,True
cn-prd-200c-02-V2-LOCATIONS,D_shenzhen,11,1528.0,528.0,208.0,138.0,683.0,False,True
cn-prd-200c-03-V2-LOCATIONS,D_dongguan,0,1667.0,667.0,139.0,69.0,69.0,False,False
cn-prd-200c-03-V2-LOCATIONS,D_dongguan,1,1735.0,735.0,208.0,69.0,137.0,False,False
cn-prd-200c-03-V2-LOCATIONS,D_dongguan,2,1666.0,666.0,208.0,68.0,68.0,False,False
cn-prd-200c-03-V2-LOCATIONS,D_foshan,0,1668.0,668.0,139.0,67.0,134.0,False,False
cn-prd-200c-03-V2-LOCATIONS,D_foshan,1,1668.0,668.0,278.0,67.0,134.0,False,False
cn-prd-200c-03-V2-LOCATIONS,D_foshan,2,1735.0,735.0,208.0,67.0,201.0,False,False
cn-prd-200c-03-V2-LOCATIONS,D_foshan,3,1668.0,668.0,139.0,67.0,134.0,False,False
cn-prd-200c-03-V2-LOCATIONS,D_foshan,4,1735.0,735.0,208.0,67.0,201.0,False,False
cn-prd-200c-03-V2-LOCATIONS,D_guangzhou,0,1598.0,598.0,139.0,137.0,679.0,False,True
cn-prd-200c-03-V2-LOCATIONS,D_guangzhou,1,1667.0,667.0,208.0,137.0,748.0,False,True
cn-prd-200c-03-V2-LOCATIONS,D_guangzhou,2,1735.0,735.0,208.0,137.0,816.0,False,True
cn-prd-200c-03-V2-LOCATIONS,D_guangzhou,3,1668.0,668.0,139.0,137.0,749.0,False,True
cn-prd-200c-03-V2-LOCATIONS,D_guangzhou,4,1668.0,668.0,417.0,137.0,749.0,False,True
cn-prd-200c-03-V2-LOCATIONS,D_guangzhou,5,1667.0,667.0,139.0,137.0,748.0,False,True
cn-prd-200c-03-V2-LOCATIONS,D_guangzhou,6,1667.0,667.0,208.0,137.0,748.0,False,True
cn-prd-200c-03-V2-LOCATIONS,D_guangzhou,7,1667.0,667.0,139.0,137.0,748.0,False,True
cn-prd-200c-03-V2-LOCATIONS,D_guangzhou,8,1667.0,667.0,139.0,137.0,748.0,False,True
cn-prd-200c-03-V2-LOCATIONS,D_guangzhou,9,1667.0,667.0,139.0,137.0,748.0,False,True
cn-prd-200c-03-V2-LOCATIONS,D_guangzhou,10,1598.0,598.0,139.0,137.0,679.0,False,True
cn-prd-200c-03-V2-LOCATIONS,D_shenzhen,0,1528.0,528.0,139.0,277.0,959.0,True,True
cn-prd-200c-03-V2-LOCATIONS,D_shenzhen,1,1735.0,735.0,139.0,277.0,1166.0,True,True
cn-prd-200c-03-V2-LOCATIONS,D_shenzhen,2,1667.0,667.0,139.0,277.0,1098.0,True,True
cn-prd-200c-03-V2-LOCATIONS,D_shenzhen,3,1667.0,667.0,139.0,277.0,1098.0,True,True
cn-prd-200c-03-V2-LOCATIONS,D_shenzhen,4,1667.0,667.0,139.0,277.0,1098.0,True,True
cn-prd-200c-03-V2-LOCATIONS,D_shenzhen,5,1667.0,667.0,139.0,277.0,1098.0,True,True
cn-prd-200c-03-V2-LOCATIONS,D_shenzhen,6,1735.0,735.0,139.0,277.0,1166.0,True,True
cn-prd-200c-03-V2-LOCATIONS,D_shenzhen,7,1598.0,598.0,139.0,277.0,1029.0,True,True
cn-prd-200c-03-V2-LOCATIONS,D_shenzhen,8,1666.0,666.0,139.0,277.0,1097.0,True,True
cn-prd-200c-03-V2-LOCATIONS,D_shenzhen,9,1667.0,667.0,139.0,277.0,1098.0,True,True
cn-prd-200c-03-V2-LOCATIONS,D_shenzhen,10,1458.0,458.0,347.0,207.0,889.0,False,True
cn-prd-200c-03-V2-LOCATIONS,D_shenzhen,11,1667.0,667.0,139.0,277.0,1098.0,True,True
cn-prd-200c-03-V2-LOCATIONS,D_shenzhen,12,1667.0,667.0,208.0,277.0,1098.0,True,True
cn-prd-20c-01-V2-LOCATIONS,D_shenzhen,0,1667.0,667.0,139.0,762.0,969.0,True,True
cn-prd-20c-01-V2-LOCATIONS,D_shenzhen,1,1528.0,528.0,139.0,762.0,830.0,True,True
cn-prd-20c-02-V2-LOCATIONS,D_shenzhen,0,1597.0,597.0,139.0,485.0,623.0,True,True
cn-prd-20c-02-V2-LOCATIONS,D_shenzhen,1,1597.0,597.0,208.0,485.0,623.0,True,True
cn-prd-20c-02-V2-LOCATIONS,D_shenzhen,2,1250.0,250.0,208.0,138.0,276.0,False,True
cn-prd-20c-03-V2-LOCATIONS,D_shenzhen,0,1666.0,666.0,139.0,277.0,344.0,True,False
cn-prd-20c-03-V2-LOCATIONS,D_shenzhen,2,1668.0,668.0,139.0,277.0,346.0,True,False
cn-prd-20c-03-V2-LOCATIONS,D_shenzhen,3,1458.0,458.0,208.0,69.0,136.0,False,False
cn-prd-25c-01-V2-LOCATIONS,D_shenzhen,0,1667.0,667.0,139.0,276.0,413.0,True,False
cn-prd-25c-01-V2-LOCATIONS,D_shenzhen,1,1459.0,459.0,139.0,137.0,205.0,False,False
cn-prd-25c-01-V2-LOCATIONS,D_shenzhen,2,1598.0,598.0,139.0,276.0,344.0,True,False
cn-prd-25c-01-V2-LOCATIONS,D_shenzhen,3,1735.0,735.0,139.0,276.0,481.0,True,False
cn-prd-25c-02-V2-LOCATIONS,D_shenzhen,0,1735.0,735.0,139.0,68.0,68.0,False,False
cn-prd-25c-02-V2-LOCATIONS,D_shenzhen,1,1667.0,667.0,208.0,0.0,0.0,False,False
cn-prd-25c-02-V2-LOCATIONS,D_shenzhen,2,1735.0,735.0,208.0,68.0,68.0,False,False
cn-prd-25c-03-V2-LOCATIONS,D_shenzhen,0,1667.0,667.0,139.0,68.0,204.0,False,False
cn-prd-25c-03-V2-LOCATIONS,D_shenzhen,1,1667.0,667.0,139.0,68.0,204.0,False,False
cn-prd-25c-03-V2-LOCATIONS,D_shenzhen,2,1667.0,667.0,139.0,68.0,204.0,False,False
cn-prd-25c-03-V2-LOCATIONS,D_shenzhen,3,1667.0,667.0,139.0,68.0,204.0,False,False
cn-prd-50c-01-V2-LOCATIONS,D_guangzhou,1,1735.0,735.0,139.0,763.0,830.0,True,True
cn-prd-50c-01-V2-LOCATIONS,D_guangzhou,2,1668.0,668.0,139.0,763.0,763.0,True,True
cn-prd-50c-01-V2-LOCATIONS,D_shenzhen,0,1598.0,598.0,139.0,68.0,136.0,False,False
cn-prd-50c-01-V2-LOCATIONS,D_shenzhen,1,1667.0,667.0,139.0,137.0,205.0,False,False
cn-prd-50c-01-V2-LOCATIONS,D_shenzhen,2,1667.0,667.0,139.0,137.0,205.0,False,False
cn-prd-50c-02-V2-LOCATIONS,D_guangzhou,0,1528.0,528.0,139.0,277.0,345.0,True,False
cn-prd-50c-02-V2-LOCATIONS,D_guangzhou,1,1667.0,667.0,139.0,277.0,484.0,True,False
cn-prd-50c-02-V2-LOCATIONS,D_guangzhou,2,1458.0,458.0,139.0,207.0,275.0,True,False
cn-prd-50c-02-V2-LOCATIONS,D_shenzhen,0,1319.0,319.0,139.0,208.0,276.0,True,False
cn-prd-50c-02-V2-LOCATIONS,D_shenzhen,1,1667.0,667.0,139.0,416.0,624.0,True,False
cn-prd-50c-02-V2-LOCATIONS,D_shenzhen,2,1735.0,735.0,139.0,416.0,692.0,True,False
cn-prd-50c-02-V2-LOCATIONS,D_shenzhen,3,1527.0,527.0,208.0,416.0,484.0,True,False
cn-prd-50c-03-V2-LOCATIONS,D_guangzhou,0,1320.0,320.0,139.0,138.0,274.0,False,False
cn-prd-50c-03-V2-LOCATIONS,D_guangzhou,1,1597.0,597.0,139.0,415.0,551.0,True,False
cn-prd-50c-03-V2-LOCATIONS,D_guangzhou,2,1667.0,667.0,208.0,415.0,621.0,True,False
cn-prd-50c-03-V2-LOCATIONS,D_guangzhou,3,1667.0,667.0,139.0,415.0,621.0,True,False
cn-prd-50c-03-V2-LOCATIONS,D_shenzhen,0,1668.0,668.0,139.0,346.0,484.0,True,False
cn-prd-50c-03-V2-LOCATIONS,D_shenzhen,1,1666.0,666.0,139.0,346.0,482.0,True,False
cn-prd-50c-03-V2-LOCATIONS,D_shenzhen,2,1666.0,666.0,208.0,346.0,482.0,True,False
cn-prd-50c-03-V2-LOCATIONS,D_shenzhen,3,1389.0,389.0,208.0,69.0,205.0,False,False
cn-prd-75c-01-V2-LOCATIONS,D_guangzhou,0,1528.0,528.0,139.0,137.0,342.0,False,False
cn-prd-75c-01-V2-LOCATIONS,D_guangzhou,1,1667.0,667.0,139.0,207.0,481.0,True,False
cn-prd-75c-01-V2-LOCATIONS,D_guangzhou,2,1667.0,667.0,139.0,207.0,481.0,True,False
cn-prd-75c-01-V2-LOCATIONS,D_guangzhou,3,1666.0,666.0,208.0,207.0,480.0,False,False
cn-prd-75c-01-V2-LOCATIONS,D_guangzhou,4,1598.0,598.0,139.0,207.0,412.0,True,False
cn-prd-75c-01-V2-LOCATIONS,D_shenzhen,0,1320.0,320.0,208.0,208.0,480.0,True,True
cn-prd-75c-01-V2-LOCATIONS,D_shenzhen,1,1668.0,668.0,417.0,415.0,828.0,False,True
cn-prd-75c-01-V2-LOCATIONS,D_shenzhen,2,1735.0,735.0,139.0,415.0,895.0,True,True
cn-prd-75c-01-V2-LOCATIONS,D_shenzhen,3,1527.0,527.0,208.0,415.0,687.0,True,True
cn-prd-75c-01-V2-LOCATIONS,D_shenzhen,4,1735.0,735.0,139.0,415.0,895.0,True,True
cn-prd-75c-01-V2-LOCATIONS,D_shenzhen,5,1598.0,598.0,139.0,415.0,758.0,True,True
cn-prd-75c-01-V2-LOCATIONS,D_shenzhen,6,1667.0,667.0,208.0,415.0,827.0,True,True
cn-prd-75c-02-V2-LOCATIONS,D_guangzhou,0,1458.0,458.0,139.0,138.0,481.0,False,True
cn-prd-75c-02-V2-LOCATIONS,D_guangzhou,1,1597.0,597.0,139.0,277.0,620.0,True,True
cn-prd-75c-02-V2-LOCATIONS,D_guangzhou,2,1598.0,598.0,139.0,277.0,621.0,True,True
cn-prd-75c-02-V2-LOCATIONS,D_guangzhou,3,1667.0,667.0,139.0,277.0,690.0,True,True
cn-prd-75c-02-V2-LOCATIONS,D_guangzhou,4,1597.0,597.0,278.0,277.0,620.0,False,True
cn-prd-75c-02-V2-LOCATIONS,D_shenzhen,0,1598.0,598.0,347.0,277.0,617.0,False,True
cn-prd-75c-02-V2-LOCATIONS,D_shenzhen,1,1667.0,667.0,139.0,277.0,686.0,True,True
cn-prd-75c-02-V2-LOCATIONS,D_shenzhen,2,1735.0,735.0,139.0,277.0,754.0,True,True
cn-prd-75c-02-V2-LOCATIONS,D_shenzhen,3,1668.0,668.0,278.0,277.0,687.0,False,True
cn-prd-75c-02-V2-LOCATIONS,D_shenzhen,4,1667.0,667.0,139.0,277.0,686.0,True,True
cn-prd-75c-02-V2-LOCATIONS,D_shenzhen,5,1458.0,458.0,139.0,137.0,477.0,False,True
cn-prd-75c-02-V2-LOCATIONS,D_shenzhen,6,1598.0,598.0,139.0,277.0,617.0,True,True
cn-prd-75c-03-V2-LOCATIONS,D_guangzhou,0,1667.0,667.0,139.0,346.0,759.0,True,True
cn-prd-75c-03-V2-LOCATIONS,D_guangzhou,1,1528.0,528.0,139.0,346.0,620.0,True,True
cn-prd-75c-03-V2-LOCATIONS,D_guangzhou,2,1735.0,735.0,208.0,346.0,827.0,True,True
cn-prd-75c-03-V2-LOCATIONS,D_guangzhou,3,1389.0,389.0,139.0,207.0,481.0,True,True
cn-prd-75c-03-V2-LOCATIONS,D_guangzhou,4,1667.0,667.0,139.0,346.0,759.0,True,True
cn-prd-75c-03-V2-LOCATIONS,D_guangzhou,5,1597.0,597.0,139.0,346.0,689.0,True,True
cn-prd-75c-03-V2-LOCATIONS,D_shenzhen,0,1668.0,668.0,139.0,276.0,756.0,True,True
cn-prd-75c-03-V2-LOCATIONS,D_shenzhen,1,1459.0,459.0,139.0,138.0,547.0,False,True
cn-prd-75c-03-V2-LOCATIONS,D_shenzhen,2,1667.0,667.0,278.0,276.0,755.0,False,True
cn-prd-75c-03-V2-LOCATIONS,D_shenzhen,3,1667.0,667.0,139.0,276.0,755.0,True,True
cn-prd-75c-03-V2-LOCATIONS,D_shenzhen,4,1598.0,598.0,139.0,276.0,686.0,True,True
cn-prd-75c-03-V2-LOCATIONS,D_shenzhen,5,1666.0,666.0,278.0,276.0,754.0,False,True
cn-prd-75c-03-V2-LOCATIONS,D_shenzhen,6,1597.0,597.0,278.0,276.0,685.0,False,True
